customer_id,signup_date,tenure_months,contract_type,payment_method,internet_service,region,monthly_charges,total_charges,annual_income,support_tickets,satisfaction_score,has_paperless_billing,is_autopay,cancellation_tickets,churned
CUST-000658,2021-11-11,46,month_to_month,mailed_check,fiber,north,86.66,3943.22,53636.0,3,7.3,True,True,0,0
CUST-000278,2021-05-24,44,two_year,bank_transfer,none,east,21.21,892.62,124329.0,2,8.5,False,True,0,0
CUST-000064,2022-04-22,69,one_year,electronic_check,dsl,east,63.5,4493.16,17140.0,2,7.5,True,True,0,0
CUST-002672,2021-04-25,1,one_year,mailed_check,dsl,west,52.84,51.17,,2,5.2,False,True,0,0
CUST-000001,2023-05-19,68,two_year,mailed_check,fiber,east,75.18,5075.27,78472.0,0,6.0,False,True,0,0
CUST-000516,2021-08-30,11,month_to_month,credit_card,fiber,north,78.14,858.08,56341.0,2,6.1,False,False,0,0
CUST-002491,2021-08-03,44,two_year,credit_card,fiber,south,102.81,4399.52,48407.0,1,6.4,False,True,0,0
CUST-002044,2020-10-13,68,one_year,bank_transfer,fiber,south,72.22,5061.3,56063.0,0,9.6,False,False,1,1
CUST-000116,2020-10-05,36,month_to_month,credit_card,dsl,west,49.3,1680.82,30103.0,2,9.3,False,False,0,0
CUST-000967,2021-12-28,24,month_to_month,mailed_check,fiber,south,75.95,1908.75,41826.0,1,5.4,False,False,2,1
CUST-000374,2022-10-01,42,one_year,electronic_check,dsl,south,59.25,2401.59,,2,6.7,False,True,0,0
CUST-002305,2023-10-11,12,one_year,electronic_check,fiber,south,83.53,1024.84,77904.0,0,8.1,False,True,0,0
CUST-001971,2020-09-05,49,month_to_month,electronic_check,none,south,15.0,710.96,,1,8.6,True,True,0,0
CUST-000695,2022-09-18,52,month_to_month,credit_card,none,north,18.51,961.09,35732.0,1,7.7,True,True,0,0
CUST-002756,2020-07-25,44,two_year,bank_transfer,fiber,south,68.3,3169.16,35452.0,0,7.8,False,True,0,0
CUST-001871,2022-02-16,23,one_year,credit_card,dsl,east,57.09,1306.86,15627.0,1,3.6,False,False,0,0
CUST-002726,2021-03-27,42,one_year,electronic_check,fiber,west,80.58,3503.12,56475.0,0,6.4,True,True,1,0
CUST-001741,2020-05-22,14,month_to_month,credit_card,dsl,south,49.74,666.76,,2,7.5,True,True,0,0
CUST-000729,2020-07-31,58,two_year,bank_transfer,fiber,west,78.59,4607.67,60058.0,1,7.9,True,False,0,0
CUST-000557,2020-01-09,1,one_year,electronic_check,fiber,south,80.85,80.97,18924.0,2,9.3,True,False,5,1
CUST-001437,2020-09-19,15,month_to_month,bank_transfer,dsl,north,60.59,902.5,95389.0,1,5.1,False,False,3,1
CUST-001385,2021-09-10,72,month_to_month,bank_transfer,dsl,north,46.27,3240.03,117904.0,3,8.7,True,True,0,0
CUST-000104,2020-08-28,41,month_to_month,credit_card,dsl,north,36.59,1545.23,64809.0,3,7.4,False,True,0,0
CUST-002849,2023-07-16,66,one_year,bank_transfer,fiber,north,73.87,4586.85,48869.0,1,8.7,True,False,0,0
CUST-001106,2023-07-12,67,one_year,bank_transfer,dsl,west,53.56,3765.84,33146.0,0,3.5,True,False,0,0
CUST-000244,2020-11-28,71,month_to_month,credit_card,fiber,west,85.78,5783.98,19498.0,8,6.0,True,True,0,0
CUST-000426,2021-12-31,60,two_year,credit_card,fiber,west,63.29,4078.31,,0,7.3,False,False,0,0
CUST-000862,2020-03-26,66,month_to_month,credit_card,dsl,north,56.85,3981.5,43872.0,3,9.3,True,False,0,0
CUST-001074,2023-01-25,72,month_to_month,bank_transfer,fiber,north,72.64,5208.27,45322.0,4,6.7,True,True,0,0
CUST-002299,2023-07-26,11,two_year,bank_transfer,fiber,east,81.46,866.86,65489.0,0,5.4,True,True,0,0
CUST-001037,2023-08-04,4,month_to_month,credit_card,dsl,north,41.72,164.45,47890.0,4,6.8,False,True,4,1
CUST-002700,2020-07-06,41,month_to_month,credit_card,dsl,north,51.51,2085.15,98940.0,1,7.3,True,False,0,0
CUST-002651,2021-01-25,26,one_year,credit_card,dsl,west,66.28,1691.98,97051.0,2,5.5,False,False,0,0
CUST-000906,2020-02-10,51,month_to_month,credit_card,fiber,south,60.51,2992.35,41792.0,0,7.1,True,False,0,0
CUST-001942,2020-09-02,7,two_year,electronic_check,dsl,south,52.35,395.25,127535.0,0,5.6,False,True,0,0
CUST-000358,2020-01-04,30,one_year,electronic_check,fiber,north,81.26,2487.57,37675.0,1,4.0,False,False,0,0
CUST-000609,2023-07-30,23,month_to_month,credit_card,dsl,south,52.0,1170.13,47481.0,1,5.8,False,True,0,0
CUST-002733,2020-11-11,51,month_to_month,credit_card,none,north,15.0,772.85,34562.0,1,5.6,True,True,0,0
CUST-000248,2022-04-02,16,one_year,mailed_check,none,south,60.91,998.02,40854.0,2,8.1,False,True,0,0
CUST-002892,2020-09-09,50,month_to_month,credit_card,fiber,east,79.65,3989.95,14471.0,2,7.4,False,False,0,0
CUST-002228,2020-03-05,61,month_to_month,electronic_check,fiber,south,76.2,4562.11,,4,5.9,True,False,0,0
CUST-001079,2023-08-09,54,month_to_month,credit_card,dsl,west,40.77,2356.7,63747.0,4,7.1,True,True,0,0
CUST-001970,2022-07-21,50,two_year,bank_transfer,fiber,north,67.71,3455.82,46852.0,0,9.8,True,True,0,0
CUST-002197,2021-02-10,22,one_year,credit_card,fiber,north,80.96,1780.29,55040.0,1,5.9,True,False,0,0
CUST-001607,2021-10-25,59,one_year,electronic_check,fiber,south,55.86,3258.06,43703.0,2,4.9,False,True,0,0
CUST-001146,2022-08-31,69,month_to_month,credit_card,fiber,west,69.49,4918.11,41818.0,1,5.9,True,False,0,0
CUST-002159,2022-02-09,57,month_to_month,credit_card,dsl,east,57.16,3236.57,39517.0,1,7.0,False,False,0,0
CUST-002495,2020-10-08,36,month_to_month,electronic_check,fiber,south,75.9,2753.89,24720.0,3,6.2,True,False,0,0
CUST-002927,2022-11-30,48,one_year,electronic_check,dsl,north,47.75,2086.79,134601.0,0,6.3,False,False,0,0
CUST-002596,2021-06-07,4,two_year,electronic_check,fiber,north,77.77,283.71,16816.0,1,6.2,True,False,0,0
CUST-000087,2022-04-05,16,month_to_month,electronic_check,dsl,east,59.47,936.03,84117.0,0,8.0,False,False,0,0
CUST-002562,2023-03-28,10,month_to_month,credit_card,fiber,north,69.82,674.22,62219.0,5,5.7,True,True,3,1
CUST-001351,2020-02-16,37,one_year,credit_card,dsl,north,49.76,1904.88,98251.0,0,3.6,False,False,0,0
CUST-001128,2023-08-09,53,month_to_month,bank_transfer,dsl,east,64.92,3748.75,32602.0,1,10.0,True,False,0,0
CUST-000730,2021-12-11,34,month_to_month,credit_card,dsl,north,40.4,1373.35,51111.0,0,8.0,False,True,4,1
CUST-001295,2023-07-29,65,month_to_month,bank_transfer,fiber,east,86.28,5324.32,209105.0,1,6.6,True,False,1,1
CUST-000030,2020-03-21,8,one_year,electronic_check,fiber,east,74.79,572.17,40886.0,1,4.8,False,True,0,0
CUST-002059,2022-06-16,37,one_year,bank_transfer,fiber,west,74.19,2735.16,30106.0,2,8.7,False,True,0,0
CUST-001816,2020-07-14,11,month_to_month,electronic_check,dsl,west,48.93,557.69,40026.0,2,5.0,False,False,5,1
CUST-000074,2023-11-21,45,month_to_month,credit_card,none,south,26.81,1334.6,,1,4.2,False,True,0,0
CUST-002932,2020-03-26,46,month_to_month,credit_card,dsl,south,58.32,2798.54,176362.0,1,10.0,True,True,0,0
CUST-002603,2020-03-05,65,month_to_month,bank_transfer,dsl,north,59.33,3842.89,62950.0,0,5.0,True,True,0,0
CUST-001765,2021-09-23,6,one_year,mailed_check,fiber,south,79.56,463.11,122449.0,1,7.8,True,False,4,1
CUST-001056,2023-09-24,12,two_year,credit_card,none,south,34.31,395.97,,0,7.1,True,False,0,0
CUST-002032,2021-08-01,64,month_to_month,credit_card,fiber,east,69.04,4503.36,,2,7.6,True,False,0,0
CUST-001391,2022-05-12,37,month_to_month,credit_card,none,east,19.01,716.61,19673.0,4,9.0,False,True,0,0
CUST-001096,2021-08-10,7,two_year,bank_transfer,dsl,north,40.67,283.98,24630.0,1,6.4,False,True,0,0
CUST-001740,2020-12-31,65,month_to_month,credit_card,none,west,15.0,968.3,72333.0,4,5.4,False,False,0,0
CUST-001880,2022-11-19,64,month_to_month,credit_card,dsl,east,49.84,3200.72,,2,9.9,True,True,0,0
CUST-000911,2021-08-01,48,month_to_month,electronic_check,fiber,east,59.95,2790.36,71001.0,0,8.6,True,True,3,1
CUST-002796,2021-09-18,42,month_to_month,credit_card,dsl,east,64.94,2703.83,60715.0,4,9.2,True,True,4,1
CUST-002582,2022-07-18,41,month_to_month,mailed_check,dsl,west,50.21,2074.46,68248.0,0,8.7,True,False,0,0
CUST-002404,2022-11-18,50,month_to_month,bank_transfer,dsl,south,47.97,2369.83,42203.0,3,6.0,True,True,0,0
CUST-001277,2022-12-18,26,two_year,mailed_check,fiber,north,69.56,1738.5,30765.0,0,5.5,True,False,1,1
CUST-001778,2023-03-23,62,two_year,credit_card,dsl,south,57.29,3573.27,28099.0,1,8.6,True,True,1,1
CUST-002024,2022-07-31,15,one_year,credit_card,fiber,west,65.61,1007.26,42650.0,1,6.8,False,True,0,0
CUST-001993,2022-01-30,47,month_to_month,electronic_check,dsl,east,43.04,2056.27,37268.0,4,7.1,True,True,0,0
CUST-001017,2022-07-18,53,two_year,electronic_check,fiber,south,76.4,4295.48,,1,4.6,True,True,0,0
CUST-002545,2021-10-20,9,month_to_month,electronic_check,none,east,31.64,275.15,172747.0,1,8.3,True,False,0,0
CUST-001528,2021-05-22,37,month_to_month,mailed_check,fiber,north,85.13,3174.71,38722.0,1,7.9,False,True,0,0
CUST-001186,2020-11-06,53,month_to_month,mailed_check,fiber,west,88.39,4961.59,49087.0,1,7.9,False,True,5,1
CUST-000038,2020-10-14,67,month_to_month,electronic_check,fiber,south,60.02,4185.19,99169.0,1,5.8,True,True,2,1
CUST-000229,2023-06-21,14,month_to_month,credit_card,dsl,east,49.81,654.03,27784.0,2,5.1,True,True,2,1
CUST-000909,2022-07-02,27,month_to_month,electronic_check,none,north,23.51,600.9,56181.0,1,7.6,True,False,0,0
CUST-000737,2022-11-10,27,one_year,bank_transfer,dsl,west,48.68,1282.59,87242.0,1,10.0,True,True,0,0
CUST-001413,2020-01-20,29,month_to_month,credit_card,dsl,west,57.08,1590.6,177176.0,4,6.6,False,False,1,1
CUST-002572,2021-07-25,35,one_year,bank_transfer,fiber,north,83.93,3238.81,181899.0,1,5.9,False,False,4,1
CUST-001884,2020-02-04,60,month_to_month,credit_card,fiber,north,73.93,4587.28,102951.0,2,6.6,False,False,2,1
CUST-000543,2022-09-12,57,month_to_month,bank_transfer,dsl,north,55.26,3031.81,50059.0,3,6.6,True,False,0,0
CUST-002264,2022-05-02,3,one_year,bank_transfer,fiber,north,75.97,231.96,75782.0,0,4.6,True,True,1,1
CUST-002920,2021-02-20,22,one_year,credit_card,none,east,15.0,327.88,90951.0,0,9.1,True,False,0,0
CUST-001112,2023-02-05,50,month_to_month,credit_card,none,west,31.18,1506.56,76107.0,0,9.1,True,False,0,0
CUST-000708,2020-09-01,48,month_to_month,bank_transfer,fiber,south,81.02,3920.47,18452.0,1,8.0,True,True,0,0
CUST-000045,2020-08-25,21,month_to_month,mailed_check,none,east,33.77,692.15,34317.0,2,6.2,True,False,0,0
CUST-001801,2022-01-14,71,month_to_month,credit_card,none,north,15.0,1094.28,108844.0,5,10.0,True,True,0,0
CUST-001300,2022-03-09,9,month_to_month,credit_card,fiber,east,74.51,705.65,184441.0,3,6.4,True,True,3,1
CUST-001444,2021-06-05,66,one_year,mailed_check,fiber,south,81.79,5362.11,20495.0,0,8.2,True,False,3,1
CUST-000560,2021-07-10,38,month_to_month,mailed_check,fiber,south,64.6,2423.28,15626.0,4,5.2,False,False,5,1
CUST-002622,2021-07-12,35,month_to_month,crypto_wallet,dsl,north,44.82,1492.82,20197.0,0,6.5,False,True,0,0
CUST-000863,2022-11-20,56,month_to_month,mailed_check,fiber,west,65.58,3432.22,,0,7.6,True,False,0,0
CUST-002740,2022-07-14,7,month_to_month,bank_transfer,fiber,north,78.9,561.57,24318.0,1,5.7,False,False,0,0
CUST-000270,2023-07-13,59,month_to_month,mailed_check,dsl,east,32.29,1848.6,49031.0,4,6.1,True,False,0,0
CUST-001389,2022-05-27,12,one_year,credit_card,fiber,north,81.09,937.12,89343.0,1,4.8,True,True,4,1
CUST-000886,2022-07-20,59,one_year,bank_transfer,fiber,west,79.97,4686.74,16963.0,1,6.1,False,True,0,0
CUST-000288,2022-08-13,51,two_year,electronic_check,none,west,33.95,1776.76,14975.0,0,9.0,True,False,0,0
CUST-000758,2021-02-23,1,month_to_month,electronic_check,fiber,south,75.53,82.21,70330.0,2,7.0,True,False,2,1
CUST-002649,2021-05-18,14,two_year,electronic_check,dsl,north,52.97,708.11,88363.0,1,4.3,True,True,0,0
CUST-002166,2023-09-03,46,two_year,electronic_check,fiber,south,60.28,3033.08,35268.0,1,10.0,False,False,0,0
CUST-002378,2023-10-13,45,month_to_month,credit_card,dsl,south,41.63,1940.02,,1,6.4,False,False,0,0
CUST-002128,2021-12-28,28,one_year,bank_transfer,fiber,north,66.24,1919.03,106419.0,1,1.0,False,False,1,1
CUST-001469,2021-04-12,15,month_to_month,electronic_check,dsl,north,69.15,994.26,90502.0,4,6.1,True,False,0,0
CUST-001359,2022-08-04,59,one_year,electronic_check,dsl,north,43.5,2359.51,15173.0,1,8.5,False,False,0,0
CUST-000853,2020-09-13,49,month_to_month,electronic_check,fiber,north,74.67,3491.79,70134.0,1,5.4,True,True,0,0
CUST-002713,2021-10-31,70,month_to_month,mailed_check,none,north,20.1,1380.3,52816.0,3,7.5,True,False,0,0
CUST-002258,2021-12-28,38,month_to_month,bank_transfer,fiber,north,73.0,2826.71,133965.0,1,8.4,False,False,0,0
CUST-001040,2022-02-10,46,two_year,credit_card,fiber,north,58.97,3038.21,39967.0,3,4.4,True,True,0,0
CUST-000429,2021-09-15,15,month_to_month,electronic_check,dsl,east,51.62,756.26,65950.0,4,6.9,True,False,2,1
CUST-000194,2022-06-15,39,one_year,bank_transfer,fiber,east,48.82,1907.66,43993.0,0,3.8,True,True,0,0
CUST-002145,2021-11-27,42,month_to_month,mailed_check,fiber,west,76.22,2992.87,112949.0,2,6.6,True,True,1,0
CUST-001805,2022-09-08,27,month_to_month,electronic_check,dsl,south,59.8,1641.72,,2,4.7,True,False,0,0
CUST-001717,2020-04-16,44,month_to_month,credit_card,none,south,30.7,1338.78,46512.0,1,5.3,True,True,0,0
CUST-001675,2022-06-29,68,month_to_month,bank_transfer,none,south,18.06,1241.74,145942.0,3,4.6,False,False,0,0
CUST-000706,2020-07-19,37,month_to_month,credit_card,fiber,west,63.43,2446.29,48004.0,1,8.3,False,False,0,0
CUST-002675,2020-01-07,66,two_year,mailed_check,fiber,west,78.42,5300.28,32523.0,0,6.6,False,True,0,0
CUST-002201,2020-02-24,23,month_to_month,mailed_check,dsl,north,50.86,1129.5,255395.0,2,8.1,True,False,0,0
CUST-001512,2023-07-02,69,month_to_month,credit_card,dsl,north,42.72,3123.43,48102.0,2,7.7,True,True,1,1
CUST-002890,2020-04-05,62,two_year,credit_card,dsl,south,44.87,2687.17,46180.0,1,10.0,True,True,0,0
CUST-001280,2022-07-07,36,month_to_month,bank_transfer,dsl,south,50.29,1727.06,59353.0,2,6.8,True,False,0,0
CUST-002119,2020-12-14,14,month_to_month,electronic_check,fiber,east,69.39,975.02,59324.0,2,5.1,True,False,4,1
CUST-000485,2023-08-20,2,month_to_month,electronic_check,dsl,south,46.49,94.64,40043.0,7,7.7,False,True,2,1
CUST-002229,2023-04-10,35,one_year,credit_card,fiber,east,69.4,2516.49,36502.0,0,7.6,True,False,0,0
CUST-002634,2022-07-21,60,month_to_month,credit_card,none,south,29.97,1792.76,93152.0,4,3.9,False,False,0,0
CUST-000985,2020-09-18,38,month_to_month,mailed_check,dsl,east,48.66,1897.25,34091.0,1,10.0,True,True,0,0
CUST-002132,2023-07-19,21,one_year,electronic_check,fiber,north,79.28,1635.38,135189.0,1,7.7,True,True,1,1
CUST-000553,2020-06-10,23,month_to_month,mailed_check,none,west,15.0,353.27,110583.0,2,5.4,False,True,3,1
CUST-002319,2020-03-28,62,month_to_month,electronic_check,fiber,east,65.3,3929.84,74910.0,3,8.0,False,True,0,0
CUST-002912,2022-01-02,63,month_to_month,mailed_check,fiber,north,58.95,3756.12,46072.0,3,6.3,True,False,0,0
CUST-002087,2023-11-14,26,month_to_month,electronic_check,none,south,15.0,401.71,113131.0,0,7.9,True,False,0,0
CUST-002685,2022-09-26,45,month_to_month,credit_card,fiber,north,76.88,3517.36,50564.0,2,6.3,True,True,0,0
CUST-002508,2020-09-06,7,month_to_month,credit_card,fiber,east,73.11,508.57,71321.0,3,5.9,True,False,0,0
CUST-002001,2020-10-21,32,month_to_month,bank_transfer,dsl,east,38.33,1218.14,44420.0,1,6.2,True,False,0,0
CUST-002457,2022-10-03,50,month_to_month,mailed_check,dsl,north,42.41,1992.26,42480.0,1,4.5,True,True,0,0
CUST-002096,2023-09-01,44,month_to_month,bank_transfer,none,west,22.86,905.17,33474.0,3,6.7,False,False,0,0
CUST-000422,2021-07-26,21,month_to_month,bank_transfer,fiber,north,66.84,1472.84,32504.0,2,5.6,True,False,0,0
CUST-000903,2023-12-10,38,month_to_month,bank_transfer,fiber,north,68.51,2553.48,,1,5.9,True,True,3,1
CUST-002904,2020-10-02,16,month_to_month,credit_card,dsl,east,35.94,554.58,32628.0,2,5.5,True,False,2,1
CUST-002587,2020-02-20,47,month_to_month,bank_transfer,fiber,south,82.39,3927.09,92201.0,0,8.6,False,False,0,0
CUST-000093,2020-10-19,15,month_to_month,mailed_check,dsl,north,41.45,618.44,78340.0,2,10.0,True,False,0,0
CUST-000894,2021-02-17,38,month_to_month,electronic_check,dsl,west,36.76,1297.46,,3,5.1,False,False,2,1
CUST-002525,2021-09-11,62,one_year,credit_card,fiber,south,78.07,5030.04,78847.0,4,4.7,False,True,0,0
CUST-002005,2020-03-30,12,two_year,credit_card,fiber,east,81.87,977.81,23085.0,1,8.9,True,True,0,0
CUST-000738,2021-10-16,25,one_year,crypto_wallet,dsl,north,58.55,1560.92,148746.0,0,9.9,True,True,0,0
CUST-001363,2020-06-06,71,month_to_month,electronic_check,none,north,19.25,1382.6,80148.0,3,6.8,True,True,0,0
CUST-001225,2022-10-05,6,month_to_month,bank_transfer,dsl,west,64.35,381.07,66858.0,1,7.7,True,False,0,0
CUST-000931,2022-07-22,67,one_year,bank_transfer,fiber,south,89.16,6110.38,26736.0,1,8.9,True,True,0,0
CUST-002083,2021-04-11,57,two_year,credit_card,dsl,north,50.34,2871.26,35588.0,2,5.1,True,True,0,0
CUST-001141,2021-09-01,63,month_to_month,credit_card,none,north,22.2,1375.85,33810.0,3,5.4,True,False,4,1
CUST-001394,2021-09-09,53,month_to_month,bank_transfer,none,east,39.14,2148.32,,3,10.0,False,False,0,0
CUST-002057,2021-05-14,22,month_to_month,mailed_check,dsl,north,64.39,1427.28,,2,6.8,False,False,4,1
CUST-002743,2022-11-23,7,month_to_month,credit_card,dsl,north,49.16,332.41,81021.0,0,7.3,True,False,4,1
CUST-001367,2020-07-26,56,one_year,bank_transfer,fiber,east,52.62,2939.1,99515.0,2,4.6,True,True,0,0
CUST-000990,2022-06-21,62,month_to_month,credit_card,dsl,north,69.61,4247.02,52788.0,0,9.8,False,False,0,0
CUST-000686,2020-01-31,45,month_to_month,bank_transfer,dsl,north,59.57,2532.61,104872.0,1,6.4,True,True,0,0
CUST-002352,2022-02-15,54,month_to_month,electronic_check,dsl,south,60.54,3450.77,89679.0,2,7.6,False,True,5,1
CUST-001860,2020-01-12,59,month_to_month,bank_transfer,fiber,east,82.81,5186.24,47785.0,1,6.4,True,False,3,1
CUST-001419,2022-05-18,33,month_to_month,bank_transfer,fiber,north,63.79,2185.68,70229.0,3,3.0,False,False,1,1
CUST-000197,2020-01-05,22,one_year,credit_card,dsl,west,62.66,1284.48,45777.0,1,1.6,False,False,0,0
CUST-001937,2021-09-24,56,month_to_month,electronic_check,none,north,34.87,1912.62,,4,7.0,True,False,0,0
CUST-002097,2021-04-19,60,one_year,electronic_check,fiber,east,69.1,3827.77,31868.0,1,4.2,True,False,0,0
CUST-002003,2022-02-21,24,one_year,electronic_check,dsl,south,64.14,1511.53,28746.0,1,7.5,True,False,0,0
CUST-000205,2023-08-31,5,month_to_month,electronic_check,dsl,east,42.2,199.53,30134.0,0,6.1,True,True,0,0
CUST-001486,2021-06-08,54,one_year,electronic_check,dsl,east,62.05,3568.71,11550.0,1,7.5,True,True,0,0
CUST-000497,2021-04-01,5,month_to_month,credit_card,none,west,28.25,126.11,117949.0,3,6.7,True,True,4,1
CUST-001068,2021-09-23,6,two_year,electronic_check,dsl,west,38.13,244.3,49198.0,1,9.6,True,True,0,0
CUST-001410,2021-05-21,71,one_year,electronic_check,fiber,north,74.22,4981.73,41345.0,0,5.5,False,True,0,0
CUST-002453,2021-08-24,43,two_year,credit_card,none,south,15.0,658.16,72744.0,0,5.3,False,True,0,0
CUST-001221,2021-07-10,43,month_to_month,mailed_check,fiber,north,79.38,3389.11,38387.0,1,5.1,True,False,3,1
CUST-001535,2023-06-02,59,two_year,bank_transfer,fiber,east,55.62,3225.32,85761.0,2,6.2,True,True,0,0
CUST-001890,2022-01-30,26,month_to_month,bank_transfer,fiber,south,70.58,1877.4,,2,5.5,True,False,2,1
CUST-001748,2023-10-29,32,month_to_month,credit_card,dsl,west,49.62,1583.54,,1,7.3,False,False,4,1
CUST-000453,2020-06-19,23,month_to_month,credit_card,fiber,west,72.34,1778.27,86218.0,5,5.7,False,True,0,0
CUST-000896,2021-03-26,41,month_to_month,mailed_check,dsl,west,63.77,2647.96,,2,4.5,True,True,5,1
CUST-002773,2022-03-30,17,month_to_month,credit_card,dsl,south,52.92,934.23,22857.0,2,5.6,True,False,5,1
CUST-000542,2021-07-31,66,month_to_month,credit_card,fiber,south,62.6,4345.83,29034.0,0,7.2,False,False,0,0
CUST-002732,2022-08-01,63,one_year,credit_card,fiber,west,85.96,5239.39,17446.0,2,7.9,True,False,0,0
CUST-000841,2020-05-12,25,month_to_month,credit_card,fiber,south,71.53,1826.44,80638.0,3,5.8,True,False,5,1
CUST-001689,2022-04-19,10,two_year,credit_card,none,east,27.64,258.76,53960.0,1,5.1,True,False,0,0
CUST-000130,2022-12-31,19,two_year,electronic_check,fiber,west,79.93,1538.43,98338.0,2,6.8,True,True,0,0
CUST-000004,2021-03-10,6,one_year,mailed_check,fiber,south,87.18,548.79,48240.0,2,5.2,True,True,3,1
CUST-000719,2023-08-02,54,one_year,bank_transfer,none,north,29.66,1663.11,29425.0,0,6.9,True,False,0,0
CUST-000817,2022-09-16,17,month_to_month,electronic_check,fiber,north,79.8,1370.1,47520.0,3,8.9,True,True,4,1
CUST-002342,2022-08-16,30,month_to_month,electronic_check,none,west,27.91,795.66,40410.0,2,6.4,True,False,0,0
CUST-000868,2021-03-08,68,month_to_month,bank_transfer,dsl,south,60.73,4354.51,71310.0,1,9.1,False,True,0,0
CUST-001233,2022-06-29,13,one_year,electronic_check,dsl,west,61.85,864.57,34403.0,0,7.3,False,True,0,0
CUST-001505,2021-10-08,27,month_to_month,credit_card,fiber,west,62.55,1603.21,20612.0,3,3.8,False,False,3,1
CUST-001211,2021-10-24,37,month_to_month,electronic_check,none,south,15.0,552.17,34334.0,1,6.8,False,True,0,0
CUST-001451,2020-12-20,49,month_to_month,bank_transfer,none,north,35.41,1646.16,28617.0,3,5.0,True,False,0,0
CUST-000509,2022-03-01,9,one_year,credit_card,none,west,15.0,137.73,,0,6.4,False,False,0,0
CUST-000173,2020-07-28,44,two_year,electronic_check,dsl,north,57.24,2386.29,23452.0,2,9.1,False,True,0,0
CUST-000618,2023-02-03,52,two_year,credit_card,dsl,west,50.72,2676.1,42644.0,0,7.8,False,True,0,0
CUST-000749,2020-06-07,26,month_to_month,electronic_check,dsl,west,40.12,1073.43,50562.0,2,4.6,True,True,0,0
CUST-001423,2023-02-11,31,one_year,bank_transfer,dsl,east,44.12,1499.16,46765.0,0,7.1,False,False,0,0
CUST-000110,2021-07-08,19,month_to_month,credit_card,dsl,west,56.46,1061.31,93249.0,2,6.2,False,True,0,0
CUST-002429,2021-04-23,22,month_to_month,mailed_check,fiber,south,71.3,1519.96,151095.0,0,5.7,False,True,0,0
CUST-001252,2022-05-04,49,month_to_month,bank_transfer,dsl,east,51.3,2448.22,20525.0,2,8.9,True,True,0,0
CUST-002563,2023-03-30,57,one_year,credit_card,dsl,north,59.45,3263.98,42873.0,1,5.7,False,False,0,0
CUST-000329,2020-01-18,40,month_to_month,bank_transfer,fiber,south,82.06,3423.11,91053.0,2,5.5,True,True,0,0
CUST-001279,2023-11-03,22,one_year,credit_card,fiber,south,68.98,1517.97,111030.0,2,5.8,True,False,4,1
CUST-001291,2021-12-16,71,one_year,bank_transfer,dsl,south,49.09,3296.44,,1,3.9,True,False,0,0
CUST-001175,2023-06-05,45,one_year,credit_card,dsl,south,53.07,2308.57,39118.0,2,6.5,False,False,0,0
CUST-002769,2022-10-02,48,one_year,credit_card,dsl,north,49.14,2434.08,106136.0,1,6.5,True,False,0,0
CUST-001323,2020-02-08,56,month_to_month,bank_transfer,fiber,east,72.2,4147.89,118824.0,3,8.5,False,True,0,0
CUST-001658,2023-04-29,59,one_year,credit_card,fiber,east,70.58,4308.88,42935.0,1,8.2,True,True,2,1
CUST-002461,2021-06-04,66,month_to_month,electronic_check,dsl,south,76.76,5636.29,54944.0,3,7.3,True,True,0,0
CUST-002043,2020-12-23,58,month_to_month,bank_transfer,dsl,south,62.14,3629.88,57728.0,2,8.4,False,True,0,0
CUST-002202,2023-11-01,8,month_to_month,electronic_check,dsl,north,54.44,446.61,135280.0,1,7.0,False,False,0,0
CUST-002682,2020-03-11,2,month_to_month,credit_card,dsl,east,40.9,82.38,100092.0,3,5.3,False,True,0,0
CUST-001082,2023-07-18,28,month_to_month,electronic_check,fiber,east,70.19,1955.38,148015.0,3,7.5,True,False,3,1
CUST-002067,2023-01-17,49,month_to_month,bank_transfer,fiber,south,83.98,4050.89,31326.0,4,4.8,True,False,2,1
CUST-002238,2022-08-22,47,two_year,credit_card,none,east,15.0,705.92,88240.0,0,4.4,True,False,0,0
CUST-002013,2020-04-25,34,two_year,bank_transfer,fiber,south,85.45,2765.4,61151.0,2,7.4,False,True,0,0
CUST-002174,2023-03-09,46,month_to_month,electronic_check,fiber,north,67.02,3113.84,112664.0,1,7.6,True,False,0,0
CUST-000673,2022-04-16,55,two_year,electronic_check,dsl,west,56.63,2721.33,34143.0,1,7.6,False,False,0,0
CUST-002535,2021-07-26,71,month_to_month,credit_card,fiber,south,64.09,4704.09,46620.0,0,8.2,True,True,0,0
CUST-000259,2020-05-22,15,two_year,credit_card,dsl,north,35.11,538.91,76599.0,2,5.1,True,True,0,0
CUST-001864,2022-06-10,1,month_to_month,credit_card,fiber,west,82.2,82.81,41711.0,1,5.6,True,True,0,0
CUST-002991,2021-02-27,44,month_to_month,credit_card,fiber,west,65.63,2704.6,53669.0,2,9.2,False,True,0,0
CUST-001618,2022-10-11,29,month_to_month,credit_card,none,east,15.0,422.57,136823.0,2,10.0,False,True,4,1
CUST-002855,2021-04-03,34,month_to_month,credit_card,fiber,south,61.42,2124.71,32765.0,2,8.0,True,True,0,0
CUST-001534,2022-07-04,32,two_year,credit_card,dsl,west,68.3,2094.25,106291.0,0,7.4,True,False,0,0
CUST-000905,2022-11-14,15,month_to_month,credit_card,dsl,west,59.26,936.33,41468.0,2,3.2,True,False,2,1
CUST-001907,2021-06-04,55,month_to_month,mailed_check,none,east,19.17,1020.2,57876.0,1,8.5,True,False,0,0
CUST-001551,2021-01-23,2,month_to_month,mailed_check,fiber,west,67.76,138.3,38724.0,4,5.8,True,True,2,1
CUST-000444,2023-07-19,56,month_to_month,electronic_check,dsl,south,66.35,3690.59,75928.0,2,8.5,False,False,2,1
CUST-001814,2021-01-16,69,month_to_month,mailed_check,none,east,19.77,1382.42,76737.0,2,8.1,False,False,0,0
CUST-000805,2022-08-12,35,month_to_month,credit_card,fiber,north,76.46,2680.72,39212.0,3,5.2,True,True,3,1
CUST-001341,2023-03-22,37,one_year,credit_card,fiber,east,68.96,2266.6,15004.0,0,3.1,True,True,4,1
CUST-002510,2021-12-17,6,one_year,electronic_check,fiber,west,74.03,455.48,31687.0,1,9.4,False,False,0,0
CUST-002122,2020-06-01,53,one_year,credit_card,fiber,north,73.62,3792.18,67156.0,0,6.9,True,False,0,0
CUST-001297,2022-12-14,3,month_to_month,credit_card,dsl,west,57.15,158.55,75766.0,1,6.7,True,True,5,1
CUST-002879,2022-05-22,43,month_to_month,electronic_check,dsl,south,53.75,2245.96,21511.0,3,9.8,False,False,0,0
CUST-000390,2021-12-12,34,month_to_month,credit_card,fiber,east,75.85,2476.22,34796.0,3,4.7,False,False,0,0
CUST-001264,2020-08-12,53,one_year,bank_transfer,dsl,south,55.22,2979.81,17475.0,0,3.9,False,False,0,0
CUST-002951,2023-02-18,72,month_to_month,bank_transfer,dsl,north,38.46,2807.57,228064.0,3,7.1,True,True,0,0
CUST-000849,2023-05-18,60,two_year,electronic_check,fiber,south,81.0,4516.79,71585.0,0,4.9,False,True,1,0
CUST-001561,2020-07-07,67,month_to_month,bank_transfer,fiber,east,67.23,4625.35,40049.0,3,6.8,True,False,0,0
CUST-000454,2020-09-01,55,two_year,credit_card,none,north,15.0,843.8,88770.0,0,7.0,True,True,0,0
CUST-001988,2022-04-21,58,month_to_month,bank_transfer,dsl,south,44.31,2671.88,34449.0,0,5.2,True,False,0,0
CUST-002125,2021-04-30,34,one_year,bank_transfer,fiber,north,69.21,2605.43,30104.0,0,8.6,True,False,0,0
CUST-002836,2022-10-04,21,month_to_month,electronic_check,fiber,south,74.67,1507.55,59787.0,0,10.0,True,False,5,1
CUST-001835,2021-07-11,29,one_year,mailed_check,dsl,south,51.1,1549.45,46094.0,1,4.7,True,True,0,0
CUST-000114,2022-10-11,47,month_to_month,credit_card,dsl,west,48.39,2153.9,27251.0,7,8.5,True,False,0,0
CUST-002062,2020-08-28,59,month_to_month,credit_card,dsl,north,56.14,3439.55,38195.0,1,5.2,True,True,0,0
CUST-000617,2022-02-04,68,month_to_month,electronic_check,none,north,16.47,1040.18,53735.0,0,6.2,True,False,2,1
CUST-002815,2021-07-28,29,month_to_month,mailed_check,none,north,15.0,415.47,72936.0,2,6.3,True,True,4,1
CUST-000875,2022-05-20,60,one_year,credit_card,fiber,east,57.33,3520.39,48288.0,0,5.0,False,False,0,0
CUST-000769,2020-02-09,53,one_year,bank_transfer,none,west,37.61,2140.74,101889.0,1,7.7,False,True,0,0
CUST-000526,2020-07-20,67,one_year,bank_transfer,dsl,east,62.26,4002.96,137650.0,0,7.1,True,False,0,0
CUST-001455,2020-10-08,69,month_to_month,credit_card,fiber,south,62.1,4073.91,71542.0,1,8.5,False,False,0,0
CUST-001222,2020-11-22,35,one_year,electronic_check,dsl,north,56.63,2055.08,49917.0,1,6.9,True,False,0,0
CUST-002208,2021-08-09,1,one_year,electronic_check,dsl,south,62.37,62.52,181224.0,0,5.8,True,True,0,0
CUST-001298,2023-06-08,66,two_year,mailed_check,dsl,north,49.14,3117.46,141404.0,1,5.0,True,False,0,0
CUST-000080,2021-10-24,25,one_year,electronic_check,dsl,north,47.46,1175.26,8115.0,0,5.7,True,False,0,0
CUST-000330,2023-09-09,30,month_to_month,credit_card,fiber,west,66.67,1991.09,57375.0,2,6.8,True,False,3,1
CUST-002190,2022-09-29,11,month_to_month,credit_card,fiber,north,63.13,688.11,40609.0,5,9.4,True,False,0,0
CUST-001025,2022-10-11,36,two_year,mailed_check,dsl,south,43.24,1584.66,17712.0,1,6.5,True,True,0,0
CUST-001144,2020-11-06,41,month_to_month,bank_transfer,fiber,north,62.67,2694.93,38167.0,2,8.7,False,False,4,1
CUST-001616,2022-12-22,60,month_to_month,bank_transfer,fiber,east,89.31,5435.59,27904.0,3,7.8,True,False,0,0
CUST-000999,2022-11-12,58,month_to_month,credit_card,dsl,west,48.76,2651.41,63144.0,0,8.8,True,False,0,0
CUST-001170,2022-11-01,54,month_to_month,electronic_check,dsl,south,58.62,3239.86,52149.0,1,7.8,True,True,5,1
CUST-000797,2023-09-07,10,month_to_month,bank_transfer,fiber,east,70.51,635.12,21643.0,3,6.0,True,False,5,1
CUST-001109,2021-12-10,30,month_to_month,credit_card,fiber,west,71.89,2245.69,79828.0,4,4.3,False,False,3,1
CUST-000193,2020-04-05,10,month_to_month,credit_card,dsl,north,41.22,401.13,60051.0,3,5.1,False,False,4,1
CUST-001798,2020-07-31,27,month_to_month,electronic_check,dsl,west,52.82,1463.97,18356.0,2,6.9,True,True,1,0
CUST-000839,2021-01-30,53,month_to_month,credit_card,dsl,east,46.58,2257.16,41437.0,2,8.4,False,False,0,0
CUST-002689,2021-04-07,41,one_year,electronic_check,none,east,15.0,644.02,44739.0,3,5.8,False,False,0,0
CUST-000296,2021-11-05,58,two_year,electronic_check,fiber,south,58.88,3331.44,20969.0,2,7.3,True,True,0,0
CUST-000035,2020-07-20,48,one_year,credit_card,fiber,south,74.96,3682.48,30075.0,2,5.2,True,False,1,0
CUST-000102,2021-01-13,9,month_to_month,electronic_check,dsl,south,50.94,444.34,,2,5.5,False,True,4,1
CUST-001537,2021-10-28,61,month_to_month,mailed_check,fiber,east,70.24,4133.12,43007.0,4,3.9,False,False,5,1
CUST-001987,2022-05-07,5,month_to_month,electronic_check,fiber,north,70.14,360.49,77496.0,3,8.1,True,True,2,1
CUST-001621,2020-09-11,13,month_to_month,bank_transfer,dsl,south,86.68,1232.05,56243.0,3,6.1,True,True,3,1
CUST-000187,2022-06-18,62,month_to_month,credit_card,fiber,west,66.27,4168.96,85432.0,2,4.3,True,False,1,1
CUST-002771,2022-11-09,4,month_to_month,electronic_check,none,north,26.17,115.52,46105.0,2,9.4,True,False,5,1
CUST-000327,2022-08-24,14,one_year,credit_card,dsl,east,54.76,804.32,17686.0,3,8.2,False,True,0,0
CUST-000128,2022-07-05,14,month_to_month,bank_transfer,fiber,east,60.6,881.7,97722.0,2,3.1,True,False,1,1
CUST-000836,2023-12-05,65,month_to_month,credit_card,fiber,south,68.59,3999.46,168779.0,0,6.3,False,False,5,1
CUST-001521,2020-12-17,63,month_to_month,credit_card,fiber,north,84.58,5179.62,119378.0,2,7.2,False,True,0,0
CUST-001249,2021-08-06,8,two_year,credit_card,dsl,north,50.37,433.67,24968.0,0,10.0,True,True,0,0
CUST-001016,2023-02-03,63,month_to_month,credit_card,dsl,north,52.28,3408.02,69442.0,1,8.8,True,False,0,0
CUST-000324,2021-01-01,29,month_to_month,electronic_check,dsl,north,46.68,1352.49,41767.0,1,3.8,False,False,0,0
CUST-001236,2023-05-18,44,month_to_month,credit_card,dsl,east,62.72,2495.48,90206.0,5,6.6,True,True,0,0
CUST-002232,2021-06-25,6,one_year,credit_card,dsl,east,55.07,354.56,19127.0,0,7.9,True,False,0,0
CUST-002916,2023-01-31,45,month_to_month,credit_card,dsl,west,30.14,1251.93,52270.0,2,7.6,False,True,0,0
CUST-002021,2020-01-24,53,one_year,bank_transfer,fiber,south,80.55,4384.74,65338.0,0,8.0,False,True,0,0
CUST-001959,2023-10-15,52,month_to_month,credit_card,dsl,east,51.86,2694.21,,2,6.8,False,False,5,1
CUST-001069,2022-02-24,59,two_year,electronic_check,none,east,15.0,995.11,78824.0,1,6.3,True,True,0,0
CUST-001080,2021-08-14,29,month_to_month,electronic_check,fiber,south,69.9,2161.18,26512.0,0,5.1,False,False,0,0
CUST-002315,2022-05-21,57,two_year,credit_card,none,north,15.02,868.7,,0,6.3,True,True,0,0
CUST-001060,2022-10-29,15,two_year,electronic_check,dsl,east,44.96,657.44,96271.0,1,6.0,False,False,0,0
CUST-001735,2021-06-11,19,month_to_month,bank_transfer,dsl,west,25.71,479.75,54722.0,1,1.8,False,False,3,1
CUST-002498,2021-03-16,59,month_to_month,mailed_check,fiber,west,72.21,4161.18,37883.0,2,4.4,False,True,0,0
CUST-001319,2021-04-06,24,month_to_month,bank_transfer,dsl,north,54.36,1282.5,101979.0,2,4.4,False,False,0,0
CUST-002957,2021-08-17,36,one_year,mailed_check,fiber,east,72.18,2637.74,69002.0,3,3.5,False,False,3,1
CUST-001640,2020-10-20,26,one_year,credit_card,dsl,east,59.78,1556.42,42982.0,2,6.4,True,False,3,1
CUST-000370,2023-11-17,11,one_year,bank_transfer,fiber,east,71.02,785.2,36846.0,0,5.0,True,True,5,1
CUST-002412,2023-07-14,59,two_year,bank_transfer,dsl,north,75.22,4409.08,70701.0,1,5.5,False,True,0,0
CUST-001308,2022-05-05,26,two_year,bank_transfer,dsl,south,46.64,1318.28,,0,7.4,True,True,0,0
CUST-001818,2022-11-09,21,one_year,bank_transfer,fiber,south,101.32,2057.83,30727.0,1,7.4,True,False,0,0
CUST-002667,2022-05-17,20,month_to_month,credit_card,dsl,west,61.37,1250.96,25057.0,4,7.1,False,False,0,0
CUST-000860,2021-08-25,3,one_year,bank_transfer,dsl,north,54.29,179.26,98890.0,1,8.7,True,False,0,0
CUST-000273,2021-03-28,10,month_to_month,credit_card,none,north,41.36,424.83,163991.0,2,8.7,True,False,0,0
CUST-002055,2022-11-03,62,month_to_month,bank_transfer,fiber,north,68.72,4150.92,34370.0,0,9.1,False,True,0,0
CUST-002306,2022-08-09,10,month_to_month,mailed_check,fiber,east,98.11,959.24,78470.0,0,4.9,False,True,1,1
CUST-001018,2022-02-23,31,one_year,electronic_check,fiber,west,75.71,2458.99,188383.0,0,1.0,True,False,1,1
CUST-000545,2020-02-18,62,month_to_month,credit_card,dsl,west,41.78,2444.92,111158.0,4,4.5,False,False,5,1
CUST-000934,2022-05-18,45,month_to_month,bank_transfer,dsl,north,78.47,3598.94,26836.0,4,6.8,True,False,0,0
CUST-001935,2021-04-12,27,one_year,electronic_check,fiber,north,58.05,1467.55,175824.0,0,7.2,True,False,0,0
CUST-001581,2021-06-24,60,two_year,credit_card,dsl,south,45.83,2690.13,28119.0,2,8.7,False,True,0,0
CUST-000993,2022-07-21,46,month_to_month,bank_transfer,fiber,east,69.36,2944.52,47090.0,3,6.1,False,True,0,0
CUST-001793,2023-10-11,61,two_year,mailed_check,dsl,north,42.09,2381.48,21787.0,4,7.1,True,True,0,0
CUST-000524,2020-05-13,59,one_year,bank_transfer,fiber,south,75.96,4535.26,56794.0,1,7.9,False,True,0,0
CUST-001552,2021-06-24,30,one_year,electronic_check,none,north,15.0,452.37,30391.0,2,6.2,False,True,0,0
CUST-002018,2020-12-08,11,month_to_month,mailed_check,fiber,north,61.9,684.71,40726.0,1,8.0,True,False,0,0
CUST-002356,2022-01-22,42,month_to_month,credit_card,dsl,west,56.06,2455.72,55482.0,1,6.7,True,False,5,1
CUST-002218,2021-03-13,17,two_year,bank_transfer,none,north,20.79,339.59,83028.0,1,8.3,False,True,0,0
CUST-000888,2023-10-23,2,month_to_month,electronic_check,fiber,west,61.34,115.23,29553.0,2,7.0,False,False,5,1
CUST-002537,2022-02-26,71,one_year,bank_transfer,none,north,17.72,1321.28,97109.0,2,6.9,False,True,0,0
CUST-002048,2022-09-21,16,month_to_month,mailed_check,fiber,east,79.95,1347.92,77102.0,0,9.1,True,True,3,1
CUST-001258,2023-04-30,2,month_to_month,mailed_check,none,west,15.0,31.84,24237.0,0,8.6,True,False,0,0
CUST-000323,2020-11-18,28,month_to_month,electronic_check,dsl,west,62.49,1719.16,107333.0,0,7.8,True,True,2,1
CUST-002292,2021-02-28,52,month_to_month,electronic_check,none,west,15.0,813.78,53086.0,0,7.6,True,False,0,0
CUST-001357,2023-02-19,41,month_to_month,bank_transfer,fiber,south,79.83,3266.01,64164.0,3,3.8,True,False,0,0
CUST-001429,2020-06-26,35,month_to_month,electronic_check,fiber,north,87.66,3065.84,123979.0,2,6.4,True,True,0,0
CUST-002881,2022-11-04,24,month_to_month,bank_transfer,fiber,north,64.53,1638.69,26293.0,2,7.2,True,False,0,0
CUST-000519,2022-08-24,49,month_to_month,bank_transfer,dsl,east,43.7,2186.29,27646.0,2,9.6,True,False,0,0
CUST-000008,2020-08-31,14,one_year,credit_card,fiber,west,65.84,860.18,16943.0,1,7.2,True,True,2,1
CUST-002624,2023-04-19,66,one_year,electronic_check,dsl,south,49.67,3224.23,43534.0,1,7.7,True,False,0,0
CUST-000352,2022-12-05,54,one_year,credit_card,fiber,south,72.1,3641.71,100491.0,0,8.1,False,False,0,0
CUST-001930,2022-08-30,61,one_year,credit_card,fiber,north,61.05,3640.37,55246.0,3,10.0,True,False,0,0
CUST-000401,2021-02-05,10,two_year,credit_card,fiber,north,62.0,553.13,109142.0,1,5.1,True,True,2,1
CUST-001914,2021-02-20,4,one_year,credit_card,dsl,north,50.99,205.54,38884.0,1,8.5,True,False,0,0
CUST-002088,2022-02-23,48,month_to_month,bank_transfer,dsl,south,54.82,2592.68,155498.0,4,6.0,True,False,4,1
CUST-000772,2020-03-16,58,month_to_month,electronic_check,dsl,west,39.5,2340.91,,4,6.7,False,False,2,1
CUST-002987,2021-11-21,53,month_to_month,credit_card,dsl,west,34.18,1877.77,,3,4.4,False,True,0,0
CUST-002971,2020-08-29,47,one_year,credit_card,dsl,east,44.02,2129.76,96519.0,0,7.7,False,False,0,0
CUST-002181,2023-03-17,38,month_to_month,bank_transfer,dsl,north,42.65,1710.09,159332.0,0,5.4,False,False,0,0
CUST-002609,2021-04-09,44,one_year,bank_transfer,none,south,25.92,1048.36,23282.0,1,4.4,True,True,0,0
CUST-000847,2021-03-17,1,month_to_month,bank_transfer,fiber,south,78.54,80.38,59185.0,4,5.9,True,False,4,1
CUST-001485,2023-09-22,35,two_year,mailed_check,none,east,23.0,776.66,,1,7.7,True,True,0,0
CUST-000160,2021-08-22,4,one_year,credit_card,fiber,north,77.74,318.81,62764.0,2,7.4,False,True,0,0
CUST-000576,2023-04-27,9,one_year,mailed_check,dsl,north,56.45,506.4,17435.0,0,6.2,True,False,0,0
CUST-002421,2022-02-09,24,month_to_month,credit_card,none,south,15.0,358.12,61572.0,2,5.9,False,True,0,0
CUST-001966,2023-02-16,39,two_year,credit_card,fiber,west,57.3,2114.9,35706.0,0,6.1,False,True,0,0
CUST-001809,2023-06-08,19,two_year,electronic_check,fiber,east,94.03,1686.09,96646.0,0,6.6,True,True,0,0
CUST-000337,2023-11-10,6,month_to_month,bank_transfer,dsl,north,48.59,310.05,46877.0,5,2.1,True,True,1,1
CUST-002699,2020-12-03,8,month_to_month,credit_card,none,north,18.39,149.06,62388.0,1,8.5,True,False,0,0
CUST-001255,2020-05-19,62,month_to_month,credit_card,fiber,east,83.18,5384.85,35617.0,1,7.4,False,False,0,0
CUST-000122,2020-08-24,62,one_year,credit_card,fiber,north,55.38,3379.46,148675.0,2,5.6,False,False,3,1
CUST-001347,2020-02-19,59,month_to_month,bank_transfer,dsl,north,45.5,2607.46,13275.0,2,5.3,True,False,0,0
CUST-002702,2023-07-05,16,one_year,mailed_check,dsl,north,56.34,872.83,75365.0,4,5.3,True,False,0,0
CUST-001822,2020-07-17,54,month_to_month,credit_card,fiber,north,79.82,4436.71,62031.0,0,8.6,True,False,0,0
CUST-001440,2023-03-13,34,month_to_month,bank_transfer,fiber,east,54.53,1896.56,75409.0,1,5.6,True,False,0,0
CUST-002466,2021-11-30,45,month_to_month,mailed_check,dsl,south,48.06,2055.87,105731.0,2,6.3,True,False,0,0
CUST-001527,2022-08-23,27,month_to_month,credit_card,dsl,north,57.45,1675.21,,0,10.0,True,False,0,0
CUST-002671,2023-08-03,62,month_to_month,mailed_check,fiber,north,72.93,4306.06,36579.0,3,5.7,True,False,3,1
CUST-001448,2022-09-06,44,month_to_month,electronic_check,fiber,north,75.74,3355.7,34253.0,3,8.0,False,False,0,0
CUST-001345,2022-01-16,11,one_year,credit_card,dsl,north,44.24,495.78,66663.0,1,3.6,True,False,0,0
CUST-002297,2022-09-24,43,month_to_month,bank_transfer,dsl,east,59.97,2416.49,40731.0,2,7.2,False,True,0,0
CUST-002263,2022-11-24,22,month_to_month,bank_transfer,dsl,west,42.2,986.3,45410.0,2,6.0,True,False,0,0
CUST-000019,2020-01-29,61,one_year,bank_transfer,dsl,east,64.46,3960.47,56350.0,1,3.1,False,False,2,1
CUST-000736,2021-11-17,4,month_to_month,bank_transfer,fiber,south,84.28,362.7,72550.0,3,7.4,False,True,2,1
CUST-000602,2023-01-23,38,two_year,electronic_check,fiber,north,66.56,2679.59,195399.0,2,7.5,True,True,0,0
CUST-002517,2020-11-28,6,month_to_month,bank_transfer,fiber,east,57.41,344.62,32293.0,1,7.0,False,False,4,1
CUST-001744,2020-08-16,29,month_to_month,electronic_check,dsl,east,49.21,1438.41,82949.0,2,5.9,False,True,0,0
CUST-002655,2020-04-24,11,month_to_month,electronic_check,none,west,19.37,218.06,21960.0,3,9.6,True,False,3,1
CUST-000137,2023-03-21,26,month_to_month,electronic_check,dsl,south,61.89,1642.51,31262.0,2,6.3,True,True,0,0
CUST-000775,2022-10-02,52,month_to_month,bank_transfer,fiber,north,82.13,3934.2,84150.0,1,7.8,True,False,0,0
CUST-001282,2020-12-22,68,month_to_month,credit_card,fiber,north,72.47,4820.84,47208.0,2,10.0,True,True,0,0
CUST-000456,2023-05-16,36,one_year,electronic_check,fiber,north,70.9,2327.68,,1,9.6,True,True,1,0
CUST-001547,2020-01-13,53,one_year,bank_transfer,dsl,south,57.84,2941.96,136997.0,0,2.7,False,True,0,0
CUST-001133,2023-08-30,44,two_year,credit_card,dsl,north,62.09,2812.51,26329.0,3,8.3,True,True,0,0
CUST-002540,2021-07-23,54,one_year,credit_card,fiber,south,63.28,3485.17,87928.0,1,5.3,False,False,0,0
CUST-001461,2020-04-10,14,month_to_month,credit_card,fiber,south,90.14,1266.05,157902.0,2,7.1,True,False,2,1
CUST-002730,2020-12-05,10,month_to_month,mailed_check,fiber,north,72.61,733.7,42898.0,0,6.1,True,True,0,0
CUST-001447,2023-04-02,52,two_year,bank_transfer,dsl,south,54.81,2990.76,28040.0,1,7.2,False,True,0,0
CUST-002274,2021-05-27,22,two_year,electronic_check,none,south,17.6,387.09,81536.0,0,4.6,True,True,0,0
CUST-001951,2020-04-19,38,month_to_month,credit_card,fiber,east,78.3,2842.67,43910.0,5,9.5,True,False,1,1
CUST-000201,2020-03-30,30,one_year,electronic_check,fiber,south,75.31,2283.46,50714.0,1,5.6,False,False,0,0
CUST-002086,2022-05-29,33,two_year,bank_transfer,fiber,south,63.27,2017.61,51020.0,2,6.3,True,True,0,0
CUST-000253,2021-11-04,30,month_to_month,electronic_check,dsl,south,44.43,1301.91,80885.0,1,10.0,True,False,0,0
CUST-001294,2022-02-15,64,month_to_month,electronic_check,dsl,north,38.5,2505.69,90278.0,1,7.1,False,False,3,1
CUST-000651,2020-06-04,56,month_to_month,credit_card,none,south,25.54,1362.71,17620.0,1,5.4,True,False,0,0
CUST-000787,2023-07-31,29,month_to_month,credit_card,dsl,south,46.34,1317.4,38466.0,3,4.8,True,False,0,0
CUST-002198,2021-10-21,37,month_to_month,mailed_check,none,north,41.46,1503.54,13519.0,3,9.2,False,True,1,1
CUST-001927,2022-01-18,38,month_to_month,electronic_check,dsl,east,54.94,1966.12,61222.0,2,8.3,True,True,0,0
CUST-000534,2023-12-03,71,two_year,credit_card,none,north,26.57,1998.32,52545.0,2,9.3,True,True,0,0
CUST-000635,2021-10-04,53,one_year,mailed_check,fiber,east,66.01,3452.78,20199.0,0,4.3,True,True,1,0
CUST-002033,2022-08-25,61,one_year,credit_card,dsl,east,50.53,3048.95,30763.0,0,10.0,True,True,0,0
CUST-000929,2021-05-05,51,month_to_month,bank_transfer,fiber,north,64.36,3126.82,156866.0,2,8.4,True,False,0,0
CUST-002918,2022-12-31,49,month_to_month,mailed_check,dsl,north,64.08,3034.06,22671.0,1,4.1,True,True,3,1
CUST-001779,2020-11-28,19,two_year,electronic_check,dsl,west,49.52,950.44,118409.0,1,7.0,True,True,0,0
CUST-002903,2022-09-23,72,two_year,electronic_check,dsl,west,56.72,4041.07,,2,8.4,False,True,0,0
CUST-002320,2023-11-29,21,month_to_month,credit_card,fiber,east,80.88,1674.22,107951.0,1,7.9,True,False,0,0
CUST-000486,2021-10-31,4,one_year,bank_transfer,dsl,east,54.08,220.26,,0,4.0,False,True,0,0
CUST-001496,2023-02-02,24,month_to_month,credit_card,none,east,30.63,756.89,,3,7.4,True,False,0,0
CUST-000206,2022-06-15,9,month_to_month,electronic_check,dsl,south,45.73,435.23,88807.0,1,9.0,False,True,0,0
CUST-001415,2023-08-03,12,month_to_month,credit_card,dsl,north,50.02,610.48,,4,6.3,True,False,4,1
CUST-000207,2020-01-02,2,one_year,credit_card,dsl,north,44.83,98.36,197034.0,0,6.3,True,False,0,0
CUST-000765,2023-08-28,66,month_to_month,bank_transfer,fiber,north,65.93,4704.31,35978.0,2,10.0,True,False,0,0
CUST-001329,2022-10-27,37,two_year,bank_transfer,fiber,north,75.39,2583.1,39293.0,3,10.0,False,True,0,0
CUST-001426,2022-02-20,24,month_to_month,mailed_check,none,north,30.84,692.4,47429.0,1,6.7,True,True,0,0
CUST-001558,2021-12-07,47,one_year,credit_card,dsl,north,56.28,2801.01,63868.0,0,6.7,True,False,0,0
CUST-002362,2021-12-27,39,two_year,bank_transfer,dsl,west,66.89,2589.81,67905.0,2,6.6,False,True,0,0
CUST-000619,2022-02-27,37,month_to_month,bank_transfer,none,west,20.24,763.32,42834.0,0,6.8,False,False,4,1
CUST-002269,2021-12-04,8,month_to_month,credit_card,dsl,east,52.85,423.47,,2,10.0,True,False,0,0
CUST-001783,2022-10-16,50,one_year,credit_card,dsl,west,62.42,3304.01,49598.0,1,1.7,True,False,0,0
CUST-001909,2022-01-07,46,month_to_month,bank_transfer,none,south,15.0,670.09,20989.0,2,5.5,True,True,0,0
CUST-000998,2023-03-06,45,two_year,credit_card,dsl,east,32.01,1404.36,101637.0,0,6.2,True,True,0,0
CUST-002157,2022-04-05,47,month_to_month,mailed_check,dsl,west,53.67,2436.69,54356.0,4,6.2,True,False,0,0
CUST-001982,2020-05-04,62,month_to_month,electronic_check,fiber,south,66.86,3887.97,28232.0,3,9.2,True,False,2,1
CUST-001276,2023-04-26,58,month_to_month,credit_card,fiber,east,75.4,4458.53,60325.0,4,8.9,True,False,0,0
CUST-001543,2023-10-04,54,two_year,bank_transfer,dsl,south,53.38,2865.9,41390.0,2,6.7,True,True,0,0
CUST-001084,2020-12-19,24,one_year,bank_transfer,fiber,south,74.31,1896.51,60125.0,1,9.1,True,True,0,0
CUST-001232,2022-01-11,54,two_year,bank_transfer,none,east,26.11,1458.3,140953.0,3,6.3,True,False,0,0
CUST-000457,2020-06-24,70,month_to_month,mailed_check,dsl,south,59.36,4457.97,,2,7.6,True,False,0,0
CUST-001075,2021-03-20,48,one_year,bank_transfer,fiber,north,68.25,3242.28,78763.0,0,6.1,True,True,0,0
CUST-000599,2023-11-20,36,one_year,bank_transfer,dsl,north,50.75,1816.88,28036.0,1,5.3,False,False,0,0
CUST-001591,2020-09-12,8,month_to_month,credit_card,dsl,south,57.47,453.9,33899.0,2,4.6,False,True,4,1
CUST-001431,2023-08-11,1,month_to_month,electronic_check,fiber,north,83.21,82.42,46279.0,1,6.0,True,False,0,0
CUST-001118,2021-07-27,62,one_year,bank_transfer,fiber,west,82.91,4917.82,,0,7.5,False,False,0,0
CUST-001906,2020-01-18,3,month_to_month,bank_transfer,dsl,east,59.38,188.34,,3,8.4,False,True,0,0
CUST-001624,2022-06-14,51,month_to_month,mailed_check,dsl,north,47.8,2331.45,27733.0,1,9.3,True,False,0,0
CUST-000282,2020-03-24,6,month_to_month,bank_transfer,none,east,15.08,90.66,42549.0,5,8.3,True,True,0,0
CUST-000430,2021-01-30,58,one_year,electronic_check,fiber,north,67.47,3926.99,169708.0,2,8.5,True,True,0,0
CUST-000379,2023-10-15,56,one_year,electronic_check,dsl,south,51.39,2912.89,38153.0,0,8.8,True,False,0,0
CUST-001738,2022-05-08,51,one_year,bank_transfer,dsl,south,27.7,1435.42,40079.0,0,4.6,False,False,0,0
CUST-001305,2020-04-12,2,month_to_month,bank_transfer,fiber,north,62.94,129.07,56438.0,2,9.9,True,False,0,0
CUST-002795,2023-08-16,4,month_to_month,electronic_check,fiber,east,67.1,284.04,127122.0,0,7.4,True,False,0,0
CUST-000631,2021-12-05,70,two_year,bank_transfer,dsl,south,66.98,5025.94,92991.0,1,4.2,True,True,0,0
CUST-000285,2022-06-01,4,month_to_month,credit_card,none,north,26.6,109.78,97886.0,2,8.6,True,True,0,0
CUST-001304,2020-10-07,53,one_year,electronic_check,dsl,south,51.82,3048.28,,1,7.5,False,False,0,0
CUST-000269,2023-03-09,35,month_to_month,bank_transfer,fiber,west,83.11,2865.41,93531.0,3,3.9,False,False,1,1
CUST-001502,2020-04-20,11,two_year,credit_card,dsl,east,62.97,692.21,31375.0,0,6.4,True,True,0,0
CUST-001752,2023-11-25,10,month_to_month,credit_card,dsl,east,56.23,563.26,56330.0,1,7.1,True,False,0,0
CUST-002439,2020-12-04,2,month_to_month,mailed_check,dsl,north,53.87,104.91,26150.0,3,6.6,True,False,4,1
CUST-001220,2022-05-26,32,month_to_month,credit_card,fiber,south,88.68,3032.33,71562.0,0,4.0,True,False,0,0
CUST-001965,2022-03-14,69,month_to_month,credit_card,none,west,23.36,1517.4,67420.0,0,6.0,False,True,0,0
CUST-002680,2022-09-02,37,month_to_month,electronic_check,dsl,east,35.72,1348.44,21213.0,1,4.6,True,False,1,1
CUST-002344,2021-05-30,39,month_to_month,credit_card,fiber,south,70.06,2826.38,41716.0,2,6.1,False,False,5,1
CUST-000946,2022-07-20,28,one_year,bank_transfer,none,east,24.42,705.56,44850.0,0,8.6,True,True,0,0
CUST-001797,2022-01-16,49,month_to_month,electronic_check,none,north,28.83,1472.17,15116.0,1,7.9,True,False,5,1
CUST-001458,2022-04-10,1,two_year,bank_transfer,dsl,east,30.8,31.49,20789.0,1,6.9,False,True,0,0
CUST-002803,2023-02-19,20,one_year,bank_transfer,none,south,18.7,398.74,106631.0,1,2.6,False,False,0,0
CUST-002066,2022-07-09,64,one_year,credit_card,dsl,west,46.56,3179.87,38592.0,0,8.2,False,True,0,0
CUST-002694,2023-12-01,9,month_to_month,electronic_check,dsl,south,50.82,469.55,10994.0,2,7.1,False,False,0,0
CUST-000768,2021-03-24,60,two_year,electronic_check,dsl,west,57.21,3811.66,159356.0,1,6.1,False,True,0,0
CUST-002780,2022-10-16,36,one_year,mailed_check,dsl,south,55.26,1876.2,22290.0,2,7.8,False,True,0,0
CUST-002507,2021-07-09,25,two_year,credit_card,dsl,south,50.48,1226.79,147828.0,1,6.4,True,True,0,0
CUST-000469,2022-08-29,13,two_year,electronic_check,none,west,26.4,330.68,,0,2.5,True,True,0,0
CUST-000918,2020-01-13,20,month_to_month,credit_card,none,west,27.89,573.36,39432.0,2,4.5,True,False,3,1
CUST-000300,2021-11-23,69,month_to_month,bank_transfer,dsl,north,43.5,3021.73,48350.0,1,5.6,True,False,4,1
CUST-002155,2020-07-03,45,one_year,credit_card,fiber,north,71.45,3004.01,92061.0,2,2.5,True,True,0,0
CUST-002472,2022-08-11,69,month_to_month,credit_card,dsl,south,55.16,3840.01,33707.0,3,9.3,True,False,0,0
CUST-002576,2020-07-12,48,month_to_month,electronic_check,fiber,west,64.91,3138.5,120186.0,2,10.0,False,True,0,0
CUST-002915,2022-01-23,57,month_to_month,bank_transfer,dsl,north,67.7,3707.73,,4,5.6,True,True,3,1
CUST-000409,2021-05-08,6,one_year,bank_transfer,none,west,15.0,86.05,19169.0,1,10.0,True,False,3,1
CUST-002509,2022-12-18,12,month_to_month,electronic_check,dsl,west,54.6,641.38,58314.0,1,9.5,True,True,0,0
CUST-000771,2020-10-03,1,month_to_month,electronic_check,dsl,north,43.07,39.61,,0,4.5,True,True,0,0
CUST-001408,2023-10-07,22,two_year,electronic_check,fiber,north,77.99,1870.57,48450.0,0,9.3,False,True,0,0
CUST-001736,2023-12-23,22,month_to_month,electronic_check,fiber,west,72.82,1656.95,28335.0,1,5.2,True,True,0,0
CUST-002838,2023-03-25,13,month_to_month,credit_card,fiber,south,69.71,943.0,35954.0,3,4.4,True,True,1,1
CUST-001661,2021-01-18,42,one_year,electronic_check,dsl,east,51.5,1904.85,31594.0,0,5.1,False,False,0,0
CUST-000021,2021-04-25,11,two_year,credit_card,dsl,north,62.44,695.73,29134.0,0,1.0,True,True,0,0
CUST-002641,2023-01-26,69,one_year,credit_card,dsl,west,53.9,3554.91,87391.0,1,5.4,False,False,0,0
CUST-000260,2022-06-24,52,month_to_month,credit_card,fiber,north,79.66,4286.82,33601.0,1,10.0,False,False,0,0
CUST-001302,2023-08-15,26,two_year,electronic_check,dsl,west,60.59,1510.66,34985.0,1,5.0,True,False,0,0
CUST-001503,2021-11-29,36,month_to_month,electronic_check,fiber,south,86.51,3320.27,,2,3.9,False,False,1,1
CUST-000612,2020-12-20,42,month_to_month,credit_card,dsl,north,45.03,1925.86,65259.0,1,4.7,True,True,0,0
CUST-002967,2022-02-14,69,month_to_month,bank_transfer,fiber,north,66.63,4684.39,55866.0,2,6.9,True,True,0,0
CUST-002865,2023-01-02,6,month_to_month,electronic_check,fiber,south,86.92,547.2,49337.0,2,7.7,False,False,3,1
CUST-001326,2021-08-30,44,two_year,electronic_check,fiber,south,87.13,4035.61,27596.0,1,8.4,True,True,0,0
CUST-002818,2022-05-28,24,two_year,mailed_check,dsl,east,78.95,1905.94,78512.0,2,9.8,False,True,0,0
CUST-001865,2020-06-17,11,month_to_month,bank_transfer,fiber,north,78.78,880.69,15449.0,0,9.0,False,False,0,0
CUST-000861,2022-09-18,65,month_to_month,credit_card,dsl,east,58.29,3910.48,30369.0,3,9.2,True,True,0,0
CUST-001702,2022-09-30,46,month_to_month,electronic_check,dsl,south,59.65,2710.27,38951.0,3,6.9,False,True,0,0
CUST-002712,2023-01-26,16,month_to_month,credit_card,fiber,south,80.79,1248.56,54458.0,1,4.7,True,True,1,1
CUST-000407,2023-11-17,59,one_year,bank_transfer,dsl,west,72.11,4336.51,91741.0,1,7.5,False,True,0,0
CUST-000790,2020-10-19,20,two_year,electronic_check,dsl,west,46.02,899.33,41352.0,0,9.5,True,True,0,0
CUST-002772,2023-12-30,46,month_to_month,credit_card,dsl,north,59.49,2593.14,,3,9.1,False,False,0,0
CUST-002590,2020-10-05,20,one_year,credit_card,fiber,west,84.73,1651.25,81757.0,1,8.1,False,True,0,0
CUST-001338,2021-03-10,64,month_to_month,electronic_check,none,south,18.31,1116.88,32652.0,5,5.7,False,True,0,0
CUST-000063,2023-04-17,27,one_year,bank_transfer,fiber,north,60.33,1553.72,40207.0,0,6.0,False,False,2,1
CUST-000657,2022-01-18,8,two_year,bank_transfer,none,south,17.23,137.24,54803.0,0,5.7,True,True,0,0
CUST-002261,2022-11-02,55,month_to_month,credit_card,fiber,south,76.36,3968.68,137096.0,2,7.3,False,False,0,0
CUST-002631,2022-05-16,34,one_year,bank_transfer,fiber,north,69.69,2389.39,,2,6.2,False,False,4,1
CUST-000190,2021-05-13,72,one_year,credit_card,fiber,west,63.05,4439.24,223357.0,1,8.8,True,True,0,0
CUST-001981,2023-11-15,15,month_to_month,credit_card,fiber,east,63.29,895.15,25215.0,3,6.8,True,False,1,1
CUST-001891,2021-05-15,20,month_to_month,electronic_check,dsl,north,63.41,1188.31,135438.0,1,7.3,True,False,3,1
CUST-001149,2022-09-06,58,month_to_month,electronic_check,none,west,15.0,853.41,108358.0,0,8.0,True,True,0,0
CUST-001579,2023-12-22,15,month_to_month,electronic_check,dsl,north,48.34,758.84,18503.0,2,10.0,True,True,0,0
CUST-002077,2023-06-30,23,one_year,bank_transfer,fiber,south,70.7,1565.46,76307.0,1,7.6,False,True,0,0
CUST-000527,2021-10-29,50,two_year,credit_card,fiber,west,95.13,4535.16,27716.0,0,9.3,False,True,0,0
CUST-001046,2021-07-05,15,two_year,credit_card,none,north,16.66,237.64,23136.0,0,9.6,False,True,0,0
CUST-002800,2020-06-28,35,two_year,electronic_check,dsl,west,39.29,1388.91,29882.0,3,6.4,False,False,0,0
CUST-000227,2023-11-08,21,two_year,electronic_check,fiber,east,73.38,1586.87,137878.0,2,7.9,True,False,0,0
CUST-002766,2022-03-30,4,month_to_month,electronic_check,dsl,south,37.21,156.48,54728.0,0,9.5,True,False,3,1
CUST-000156,2023-01-21,23,month_to_month,mailed_check,dsl,south,55.2,1344.6,52715.0,1,6.6,True,True,2,1
CUST-000364,2022-10-20,63,month_to_month,mailed_check,dsl,north,62.78,4094.84,170632.0,1,6.9,False,True,0,0
CUST-002866,2021-02-10,50,month_to_month,electronic_check,none,south,30.55,1581.85,,3,5.6,True,False,0,0
CUST-002203,2020-12-23,66,one_year,bank_transfer,none,east,15.0,978.68,137351.0,2,7.0,False,False,0,0
CUST-002277,2022-09-08,58,one_year,bank_transfer,dsl,east,49.28,2731.31,48288.0,0,8.2,True,False,0,0
CUST-002451,2023-07-19,72,month_to_month,credit_card,dsl,west,37.34,2701.69,23239.0,3,8.8,True,False,0,0
CUST-001120,2021-10-13,28,two_year,credit_card,fiber,north,79.37,2281.96,78703.0,0,6.1,False,True,0,0
CUST-002592,2022-01-19,38,month_to_month,credit_card,fiber,south,86.99,3321.75,83735.0,5,5.5,True,False,0,0
CUST-001254,2020-03-26,51,month_to_month,bank_transfer,fiber,north,66.48,3412.03,82125.0,2,9.2,False,True,2,1
CUST-002937,2020-07-30,68,one_year,bank_transfer,fiber,east,60.66,4087.77,84554.0,1,6.5,True,True,0,0
CUST-000281,2021-10-05,5,two_year,electronic_check,none,south,21.68,105.83,51331.0,1,5.8,True,False,0,0
CUST-000791,2022-10-31,6,month_to_month,bank_transfer,dsl,west,53.0,344.29,297348.0,2,5.4,False,False,0,0
CUST-001218,2021-08-20,58,month_to_month,electronic_check,none,east,15.0,888.07,74449.0,3,6.1,False,True,0,0
CUST-002588,2023-04-25,69,month_to_month,electronic_check,fiber,east,75.17,5466.43,34589.0,1,4.8,True,False,0,0
CUST-002112,2023-12-23,59,two_year,electronic_check,dsl,east,52.86,3114.56,39610.0,1,5.4,True,False,0,0
CUST-002000,2021-12-16,56,two_year,electronic_check,none,north,15.0,873.12,71257.0,0,8.8,True,True,0,0
CUST-000145,2022-03-24,54,month_to_month,credit_card,dsl,south,55.62,2834.93,208338.0,2,8.5,False,True,0,0
CUST-000604,2023-08-19,20,month_to_month,mailed_check,fiber,south,70.8,1387.1,99334.0,2,9.2,False,True,0,0
CUST-000833,2022-12-20,72,month_to_month,electronic_check,fiber,north,65.06,4597.24,68259.0,3,7.4,False,False,0,0
CUST-000865,2021-12-21,9,two_year,credit_card,dsl,south,61.84,561.67,,0,8.2,True,True,0,0
CUST-002187,2022-03-29,26,one_year,credit_card,fiber,south,80.01,1958.71,98394.0,2,2.8,False,False,1,1
CUST-001716,2022-07-27,64,month_to_month,credit_card,fiber,south,77.69,4930.7,78425.0,1,9.8,True,False,0,0
CUST-002621,2021-01-10,64,month_to_month,electronic_check,fiber,east,69.75,4884.39,60735.0,0,5.9,True,False,4,1
CUST-002075,2022-10-17,1,month_to_month,electronic_check,fiber,west,70.98,68.56,47552.0,1,9.0,True,True,0,0
CUST-000740,2022-03-25,42,month_to_month,credit_card,dsl,west,72.07,3124.4,18362.0,1,5.1,False,True,0,0
CUST-000969,2020-06-27,45,two_year,bank_transfer,fiber,west,67.45,3212.64,80539.0,1,4.6,True,True,0,0
CUST-002493,2020-06-01,44,month_to_month,credit_card,dsl,west,60.91,2606.71,46141.0,1,5.8,True,True,1,1
CUST-002909,2020-08-06,59,two_year,electronic_check,dsl,north,46.54,2753.53,,1,9.1,False,False,0,0
CUST-002945,2023-12-14,38,two_year,bank_transfer,dsl,west,70.24,2929.73,42442.0,1,2.4,True,True,4,1
CUST-000649,2022-05-03,65,month_to_month,credit_card,fiber,south,84.59,5529.43,85899.0,1,8.6,True,False,0,0
CUST-002235,2023-05-04,24,one_year,electronic_check,fiber,south,69.85,1777.12,29978.0,2,7.4,True,False,1,1
CUST-001487,2021-12-06,28,one_year,bank_transfer,dsl,north,56.03,1658.29,60626.0,1,3.0,False,False,4,1
CUST-002643,2022-10-21,15,month_to_month,credit_card,dsl,south,52.32,849.98,27287.0,2,7.0,True,True,4,1
CUST-001577,2023-03-08,27,two_year,credit_card,fiber,east,79.54,2266.94,85739.0,0,6.8,False,True,0,0
CUST-001540,2023-11-07,65,month_to_month,credit_card,fiber,north,68.45,4364.38,33880.0,4,8.8,True,True,0,0
CUST-002501,2022-05-08,35,month_to_month,credit_card,fiber,south,61.33,2040.76,30365.0,3,7.3,False,False,3,1
CUST-002184,2023-07-22,69,two_year,electronic_check,fiber,south,76.94,5130.42,72915.0,0,5.8,False,True,0,0
CUST-001923,2021-12-21,11,two_year,credit_card,fiber,west,75.39,846.12,103775.0,0,6.9,True,True,0,0
CUST-001849,2021-08-26,49,one_year,electronic_check,fiber,west,92.72,3966.43,39123.0,0,6.2,False,False,0,0
CUST-001936,2021-10-29,64,month_to_month,credit_card,dsl,west,50.77,3347.18,77739.0,1,4.6,False,True,1,1
CUST-000262,2020-05-13,8,month_to_month,credit_card,dsl,north,37.64,286.15,43433.0,1,10.0,False,True,0,0
CUST-000830,2021-10-23,5,month_to_month,bank_transfer,none,north,15.29,75.23,31971.0,0,7.4,True,False,0,0
CUST-001471,2023-12-10,26,two_year,bank_transfer,dsl,east,57.58,1454.74,52996.0,1,6.5,True,True,0,0
CUST-002980,2020-09-03,3,one_year,credit_card,none,south,28.28,85.74,,3,10.0,True,True,0,0
CUST-001713,2020-11-06,18,two_year,electronic_check,dsl,north,70.26,1412.75,74065.0,2,5.5,False,True,0,0
CUST-002445,2023-10-21,27,month_to_month,credit_card,dsl,south,35.93,1065.86,31301.0,0,10.0,True,True,0,0
CUST-001266,2022-02-19,22,month_to_month,credit_card,fiber,east,77.79,1647.37,92307.0,1,5.1,False,True,4,1
CUST-002731,2021-01-12,49,one_year,mailed_check,fiber,west,78.02,4031.35,47753.0,1,6.8,True,False,0,0
CUST-000127,2023-03-27,49,one_year,credit_card,fiber,north,76.32,3886.05,131218.0,0,9.5,True,True,3,1
CUST-000051,2023-07-10,43,month_to_month,bank_transfer,fiber,east,84.54,3540.34,31321.0,4,7.7,True,True,4,1
CUST-000359,2023-07-20,68,month_to_month,bank_transfer,dsl,east,47.82,3182.62,25690.0,4,7.5,True,True,0,0
CUST-000705,2023-03-30,44,two_year,bank_transfer,dsl,east,44.78,1939.9,164018.0,1,1.9,False,True,0,0
CUST-000052,2022-11-10,34,month_to_month,bank_transfer,fiber,east,73.48,2363.49,78239.0,3,9.1,True,False,3,1
CUST-000164,2022-11-16,22,month_to_month,electronic_check,fiber,south,85.98,1824.17,36726.0,2,7.2,False,False,0,0
CUST-001844,2023-05-17,13,month_to_month,bank_transfer,dsl,north,47.32,642.96,61772.0,0,7.9,False,True,0,0
CUST-001107,2023-07-08,32,one_year,credit_card,fiber,south,71.38,2221.11,65392.0,1,8.0,False,True,0,0
CUST-001177,2023-10-13,60,month_to_month,credit_card,dsl,west,33.65,2117.75,55227.0,1,10.0,False,True,0,0
CUST-000707,2022-02-06,36,month_to_month,credit_card,dsl,south,70.44,2813.45,231361.0,0,6.2,True,False,0,0
CUST-000899,2021-12-08,59,month_to_month,bank_transfer,none,east,18.53,1083.04,,2,9.6,False,False,0,0
CUST-001102,2021-11-11,51,month_to_month,credit_card,dsl,west,51.62,2606.56,,1,9.0,True,False,0,0
CUST-001022,2022-12-14,57,month_to_month,bank_transfer,dsl,south,56.49,3313.01,58389.0,1,5.5,True,False,0,0
CUST-002384,2021-09-13,39,two_year,bank_transfer,dsl,north,56.58,2151.98,59436.0,0,5.5,True,True,0,0
CUST-000490,2020-03-24,55,one_year,bank_transfer,fiber,east,79.72,4509.41,33412.0,0,2.8,True,False,0,0
CUST-000580,2020-10-22,9,month_to_month,mailed_check,fiber,south,72.16,627.67,29142.0,0,7.9,True,True,0,0
CUST-001769,2022-07-09,11,month_to_month,bank_transfer,fiber,south,74.96,851.4,,1,8.5,False,True,0,0
CUST-002176,2020-04-24,4,two_year,credit_card,fiber,east,76.63,322.5,147898.0,2,7.8,False,False,0,0
CUST-000026,2020-01-23,41,two_year,bank_transfer,none,south,15.0,644.42,103895.0,0,6.8,False,True,0,0
CUST-002473,2020-01-18,57,one_year,mailed_check,dsl,north,45.43,2703.31,58012.0,0,4.9,False,False,0,0
CUST-000674,2020-08-01,69,month_to_month,credit_card,dsl,south,56.04,3910.4,57363.0,0,5.6,False,True,0,0
CUST-001207,2020-05-30,66,month_to_month,bank_transfer,fiber,west,89.67,5724.14,58734.0,2,9.4,False,True,0,0
CUST-001803,2023-04-17,34,month_to_month,electronic_check,dsl,north,54.83,1842.71,40979.0,3,7.9,True,False,3,1
CUST-001240,2020-06-14,43,two_year,credit_card,fiber,east,87.18,3862.48,76495.0,0,7.7,True,True,0,0
CUST-001303,2020-12-26,52,month_to_month,bank_transfer,none,north,15.0,828.5,51937.0,1,4.0,False,False,0,0
CUST-001654,2023-11-12,30,month_to_month,credit_card,none,east,15.0,420.86,101683.0,4,4.9,True,False,1,1
CUST-000040,2021-03-15,24,month_to_month,bank_transfer,dsl,south,40.89,962.99,36324.0,2,5.2,True,False,4,1
CUST-001187,2020-01-27,48,month_to_month,electronic_check,dsl,north,48.97,2394.06,28601.0,2,5.7,True,False,0,0
CUST-001434,2020-09-10,16,one_year,credit_card,dsl,north,32.5,485.25,80980.0,2,7.1,True,False,0,0
CUST-000216,2021-01-07,23,one_year,bank_transfer,fiber,south,74.1,1714.16,28602.0,1,3.1,False,False,0,0
CUST-002164,2022-05-21,60,one_year,electronic_check,dsl,east,36.75,2359.58,100901.0,1,7.8,False,False,0,0
CUST-000688,2023-12-17,25,two_year,bank_transfer,fiber,east,76.24,1823.88,43095.0,1,6.7,False,True,0,0
CUST-001281,2022-04-14,48,month_to_month,credit_card,none,south,23.23,1183.05,17480.0,2,7.1,False,True,0,0
CUST-002534,2020-08-11,11,month_to_month,electronic_check,dsl,south,53.66,567.86,22593.0,2,4.9,False,True,0,0
CUST-001381,2021-05-08,62,one_year,credit_card,fiber,east,81.66,4764.21,85834.0,0,7.0,False,False,0,0
CUST-000331,2023-08-07,67,one_year,electronic_check,dsl,east,56.18,3600.79,,0,5.8,True,True,0,0
CUST-002483,2023-07-02,40,month_to_month,mailed_check,none,north,37.1,1412.43,28154.0,3,3.6,False,True,0,0
CUST-002449,2021-07-15,17,month_to_month,credit_card,fiber,north,54.02,943.51,43357.0,0,7.1,False,True,0,0
CUST-000325,2022-08-02,3,one_year,credit_card,dsl,west,53.55,172.14,55630.0,2,6.4,True,False,0,0
CUST-002894,2020-06-30,5,two_year,credit_card,dsl,north,40.16,186.06,66823.0,0,5.1,True,False,4,1
CUST-002481,2022-03-25,63,two_year,credit_card,fiber,east,68.5,4171.65,62308.0,0,5.4,True,True,0,0
CUST-000690,2020-11-08,43,month_to_month,credit_card,dsl,west,54.7,2343.03,46120.0,2,5.9,False,False,0,0
CUST-001354,2023-08-13,64,two_year,bank_transfer,fiber,north,86.21,5415.54,48738.0,1,9.7,True,True,0,0
CUST-000776,2020-09-06,41,month_to_month,mailed_check,fiber,south,70.34,2762.72,72502.0,3,8.1,True,True,0,0
CUST-001680,2023-01-09,46,month_to_month,mailed_check,dsl,east,61.33,2868.59,17316.0,2,8.1,True,False,0,0
CUST-002578,2021-01-20,58,one_year,bank_transfer,fiber,north,86.32,4966.03,132841.0,0,10.0,True,True,0,0
CUST-001721,2023-01-01,57,one_year,mailed_check,fiber,north,76.33,4514.48,29904.0,0,9.0,False,True,0,0
CUST-002354,2021-09-28,27,month_to_month,credit_card,fiber,north,72.5,1839.62,33116.0,3,6.7,False,False,4,1
CUST-002763,2023-02-20,7,one_year,electronic_check,dsl,south,61.35,422.77,65904.0,0,6.2,True,False,0,0
CUST-002994,2023-01-15,48,two_year,electronic_check,fiber,west,87.55,4599.43,31335.0,0,8.0,True,True,0,0
CUST-002240,2023-06-14,50,month_to_month,electronic_check,fiber,east,67.87,3346.37,93969.0,1,4.8,False,False,3,1
CUST-002223,2021-05-14,59,one_year,credit_card,none,north,30.82,1766.97,83447.0,2,6.9,True,True,0,0
CUST-000610,2020-03-23,25,month_to_month,electronic_check,fiber,west,76.77,1923.54,35345.0,3,8.0,True,False,3,1
CUST-000277,2022-10-31,49,one_year,bank_transfer,none,west,19.61,1038.4,129997.0,1,4.8,False,False,0,0
CUST-001195,2021-03-09,68,month_to_month,credit_card,fiber,south,86.04,6176.66,45659.0,0,6.9,False,True,0,0
CUST-002350,2022-03-30,62,one_year,electronic_check,dsl,south,29.71,1674.04,43098.0,0,4.7,True,False,0,0
CUST-001771,2023-03-14,1,one_year,bank_transfer,fiber,north,79.22,79.02,29005.0,2,5.4,False,True,3,1
CUST-002476,2020-07-23,57,month_to_month,electronic_check,fiber,east,99.34,5670.51,39762.0,6,9.2,True,True,1,1
CUST-001824,2023-10-23,62,one_year,electronic_check,none,south,17.88,1112.99,64548.0,1,6.3,True,True,0,0
CUST-001668,2021-04-20,65,month_to_month,electronic_check,dsl,south,62.41,4087.56,124385.0,0,10.0,False,False,0,0
CUST-002163,2022-03-20,40,one_year,credit_card,fiber,south,96.59,3900.92,55672.0,0,7.2,True,False,0,0
CUST-001006,2023-02-22,25,one_year,electronic_check,fiber,east,59.95,1446.09,37500.0,1,5.2,False,False,1,1
CUST-002806,2021-05-21,40,two_year,bank_transfer,dsl,south,39.15,1631.02,198746.0,1,9.1,True,True,0,0
CUST-002153,2020-05-14,69,one_year,bank_transfer,fiber,west,81.72,5596.05,49805.0,1,9.1,True,False,0,0
CUST-000683,2022-04-25,1,month_to_month,bank_transfer,fiber,north,84.02,83.19,54446.0,1,6.7,True,False,2,1
CUST-000232,2021-06-08,11,two_year,bank_transfer,none,east,20.81,226.92,48781.0,0,8.1,False,True,0,0
CUST-001638,2020-10-25,65,one_year,bank_transfer,dsl,west,48.14,3091.29,32171.0,0,7.8,True,False,0,0
CUST-002886,2022-09-17,52,one_year,electronic_check,fiber,north,76.62,3972.69,27165.0,0,7.9,False,False,0,0
CUST-000314,2023-12-26,18,month_to_month,credit_card,dsl,south,28.31,485.79,49724.0,1,6.3,True,False,0,0
CUST-002047,2020-09-22,6,month_to_month,electronic_check,fiber,south,68.76,393.62,,2,7.7,True,False,3,1
CUST-000843,2020-12-24,70,month_to_month,credit_card,fiber,west,59.36,4426.89,98264.0,1,8.3,False,False,0,0
CUST-001608,2021-08-02,65,month_to_month,mailed_check,fiber,east,59.39,3745.91,32249.0,1,7.0,True,False,0,0
CUST-001928,2022-12-28,12,two_year,mailed_check,fiber,west,74.72,926.65,87618.0,1,6.3,False,True,0,0
CUST-001229,2023-05-24,67,one_year,electronic_check,dsl,east,49.91,3343.98,,1,5.1,True,False,0,0
CUST-001383,2022-11-14,7,month_to_month,credit_card,none,south,23.96,185.65,55758.0,1,5.5,False,True,0,0
CUST-002893,2022-09-15,54,month_to_month,bank_transfer,none,south,15.0,793.11,58585.0,5,6.0,False,True,0,0
CUST-000995,2023-10-24,59,month_to_month,credit_card,dsl,south,53.83,3387.23,73592.0,1,7.7,True,True,0,0
CUST-001213,2023-05-15,41,month_to_month,credit_card,fiber,north,66.09,2662.67,45063.0,0,5.1,False,True,2,1
CUST-001869,2021-06-04,7,month_to_month,credit_card,dsl,north,41.88,277.18,16438.0,1,3.5,True,False,1,0
CUST-002721,2023-12-13,10,month_to_month,credit_card,fiber,south,71.33,666.99,39419.0,3,5.0,True,True,3,1
CUST-000395,2023-09-16,11,two_year,electronic_check,fiber,east,71.32,687.15,49762.0,0,5.1,True,False,0,0
CUST-002956,2020-07-12,33,one_year,bank_transfer,none,north,22.83,769.21,40574.0,2,5.8,False,True,0,0
CUST-002659,2020-09-02,14,month_to_month,bank_transfer,fiber,south,76.93,1109.65,97856.0,2,6.5,False,True,5,1
CUST-001007,2022-07-13,16,one_year,credit_card,dsl,east,57.86,903.04,51450.0,1,6.7,False,False,0,0
CUST-001416,2022-07-12,36,month_to_month,electronic_check,fiber,west,93.04,3323.46,40288.0,1,8.5,False,False,0,0
CUST-001994,2020-10-06,46,month_to_month,electronic_check,dsl,north,41.76,1970.81,17191.0,1,6.1,True,False,0,0
CUST-000633,2023-10-09,34,month_to_month,electronic_check,dsl,north,46.51,1568.04,123373.0,3,7.2,True,True,0,0
CUST-000212,2020-04-23,37,two_year,electronic_check,fiber,east,98.7,3704.04,27987.0,2,6.8,False,True,0,0
CUST-000498,2022-06-28,52,two_year,electronic_check,dsl,south,62.8,3198.09,48545.0,0,10.0,True,True,0,0
CUST-000558,2020-12-21,46,month_to_month,mailed_check,none,north,23.81,1064.34,48950.0,2,3.7,True,True,0,0
CUST-002931,2020-01-27,16,month_to_month,bank_transfer,dsl,east,56.79,764.02,227453.0,2,4.2,False,False,5,1
CUST-000956,2023-06-10,63,two_year,bank_transfer,fiber,north,64.41,4150.91,27257.0,1,9.6,True,True,0,0
CUST-000500,2020-09-19,67,two_year,electronic_check,dsl,south,56.22,3781.74,46681.0,1,7.3,False,True,0,0
CUST-001733,2023-12-13,41,two_year,electronic_check,dsl,north,57.2,2406.22,59042.0,1,5.4,True,True,0,0
CUST-001605,2020-03-10,64,month_to_month,electronic_check,fiber,north,72.75,4667.54,50444.0,2,8.5,True,False,4,1
CUST-002092,2020-07-17,6,month_to_month,electronic_check,fiber,east,82.27,529.95,412901.0,2,6.1,True,False,1,0
CUST-000671,2022-10-21,26,month_to_month,bank_transfer,dsl,west,56.41,1584.5,86534.0,0,6.1,False,False,0,0
CUST-002351,2022-01-13,46,one_year,mailed_check,dsl,east,69.19,2977.61,27545.0,0,6.9,True,True,5,1
CUST-000482,2022-05-15,45,month_to_month,electronic_check,fiber,north,62.72,2830.15,83010.0,1,4.0,False,True,1,1
CUST-001432,2023-02-20,69,month_to_month,bank_transfer,none,west,21.65,1549.56,42105.0,0,7.7,False,False,0,0
CUST-000950,2021-01-04,33,month_to_month,credit_card,fiber,north,66.93,2427.71,72582.0,2,7.1,True,False,5,1
CUST-000570,2023-03-31,3,month_to_month,credit_card,fiber,south,55.79,169.46,43733.0,1,6.1,True,False,4,1
CUST-002329,2022-05-23,32,month_to_month,credit_card,dsl,north,49.92,1668.94,28896.0,0,9.1,True,False,0,0
CUST-001399,2022-04-24,41,month_to_month,bank_transfer,fiber,east,83.62,3311.99,16819.0,2,5.3,False,True,1,0
CUST-000477,2021-10-13,10,two_year,electronic_check,fiber,east,75.36,673.35,25336.0,0,9.7,True,False,0,0
CUST-002947,2020-07-01,56,two_year,electronic_check,fiber,north,67.91,4029.09,9287.0,2,4.5,True,True,0,0
CUST-002639,2020-01-30,35,month_to_month,bank_transfer,dsl,north,44.65,1544.82,165180.0,1,7.8,False,False,0,0
CUST-001012,2023-08-06,49,two_year,electronic_check,fiber,south,72.09,3366.66,113000.0,2,7.6,False,True,0,0
CUST-000425,2023-11-14,4,month_to_month,credit_card,dsl,north,45.77,176.28,72644.0,0,7.1,True,True,0,0
CUST-002427,2023-03-24,13,one_year,electronic_check,dsl,east,52.24,691.51,86643.0,0,7.9,True,True,0,0
CUST-001602,2023-04-12,42,month_to_month,credit_card,dsl,west,53.98,2230.46,20425.0,1,4.3,True,False,0,0
CUST-000336,2022-08-11,15,one_year,credit_card,dsl,west,61.23,931.35,,1,8.4,False,True,0,0
CUST-002698,2020-05-20,48,month_to_month,credit_card,dsl,east,76.92,3487.74,99331.0,3,8.4,False,True,0,0
CUST-002810,2022-06-12,2,month_to_month,mailed_check,fiber,north,69.33,131.37,,2,5.4,True,True,1,1
CUST-001167,2022-06-14,7,month_to_month,mailed_check,fiber,east,85.98,584.55,11109.0,1,3.8,True,True,3,1
CUST-002272,2020-06-10,52,month_to_month,credit_card,dsl,north,39.66,1998.51,,3,7.3,True,True,0,0
CUST-002200,2021-05-18,22,one_year,electronic_check,fiber,north,75.47,1594.66,112823.0,3,5.4,True,True,0,0
CUST-000491,2023-08-08,15,one_year,credit_card,fiber,east,90.62,1362.34,46248.0,0,4.8,False,True,0,0
CUST-002278,2021-10-17,68,month_to_month,credit_card,dsl,north,57.51,3820.81,62553.0,3,8.3,True,False,0,0
CUST-001402,2023-05-21,22,month_to_month,credit_card,dsl,south,50.75,1116.32,,5,7.2,False,False,2,1
CUST-001861,2022-10-29,69,two_year,bank_transfer,fiber,east,76.11,5159.51,46226.0,1,6.4,False,True,1,1
CUST-000623,2022-04-27,67,month_to_month,credit_card,dsl,north,58.1,4057.15,96757.0,0,10.0,False,False,0,0
CUST-001057,2020-06-14,42,month_to_month,credit_card,none,north,24.37,1081.88,119224.0,1,5.9,True,False,0,0
CUST-000129,2022-07-25,59,two_year,credit_card,fiber,south,73.15,4480.21,35033.0,1,5.1,True,True,0,0
CUST-002171,2021-08-20,17,one_year,bank_transfer,fiber,south,71.47,1227.39,,1,7.6,False,False,0,0
CUST-002396,2020-06-04,47,month_to_month,bank_transfer,dsl,west,51.82,2372.03,132789.0,2,6.1,False,False,0,0
CUST-000443,2023-10-10,23,month_to_month,bank_transfer,fiber,west,65.33,1547.63,47063.0,3,8.3,True,True,4,1
CUST-000152,2022-09-21,1,month_to_month,bank_transfer,fiber,south,62.79,57.02,69902.0,4,7.8,True,True,0,0
CUST-001055,2022-09-03,33,month_to_month,credit_card,dsl,south,49.04,1555.16,41809.0,3,9.2,True,False,0,0
CUST-000009,2021-12-21,59,month_to_month,mailed_check,dsl,east,59.35,3481.03,,2,6.6,True,False,0,0
CUST-002063,2021-04-29,46,month_to_month,credit_card,fiber,east,70.07,3325.72,31175.0,1,9.2,True,False,0,0
CUST-001183,2021-04-02,64,month_to_month,credit_card,dsl,north,37.99,2278.58,,1,7.9,False,True,0,0
CUST-001711,2022-06-27,41,month_to_month,bank_transfer,dsl,west,57.02,2517.61,,3,2.3,True,True,1,1
CUST-002138,2023-11-29,36,month_to_month,bank_transfer,dsl,south,61.23,2261.17,134062.0,2,9.0,True,False,0,0
CUST-001985,2021-12-29,58,month_to_month,credit_card,dsl,south,53.22,3145.52,20320.0,0,5.7,True,False,0,0
CUST-001692,2021-07-16,39,month_to_month,credit_card,fiber,north,72.13,2909.17,73090.0,4,5.9,True,True,3,1
CUST-002695,2023-08-13,46,month_to_month,credit_card,fiber,north,65.64,3011.4,28978.0,1,8.5,False,False,0,0
CUST-000298,2022-05-26,42,one_year,credit_card,fiber,north,72.06,2842.42,39742.0,0,6.6,True,False,0,0
CUST-002633,2023-08-02,32,month_to_month,credit_card,dsl,north,58.59,1949.63,177679.0,1,7.7,True,False,0,0
CUST-001761,2021-12-12,34,month_to_month,credit_card,fiber,north,58.5,2087.09,57214.0,2,3.8,True,False,1,1
CUST-000696,2022-09-24,22,month_to_month,electronic_check,dsl,north,60.63,1300.87,46936.0,0,6.2,True,True,4,1
CUST-000742,2021-09-23,36,two_year,electronic_check,dsl,north,56.07,1975.12,125441.0,1,8.3,False,False,0,0
CUST-000520,2023-05-13,56,one_year,credit_card,dsl,west,42.78,2406.78,73474.0,0,5.5,True,False,0,0
CUST-001262,2020-12-14,39,one_year,electronic_check,fiber,north,63.39,2368.56,40612.0,0,3.7,False,False,0,0
CUST-002137,2022-07-27,38,month_to_month,bank_transfer,dsl,south,49.21,1718.55,40049.0,1,6.1,True,True,0,0
CUST-000687,2021-09-20,30,two_year,electronic_check,none,south,22.0,680.89,107398.0,2,6.0,True,True,0,0
CUST-000779,2020-12-16,69,one_year,electronic_check,fiber,north,56.49,3963.77,51574.0,0,3.8,False,True,4,1
CUST-000414,2020-07-28,53,month_to_month,credit_card,none,east,25.19,1296.65,27117.0,1,4.4,True,False,0,0
CUST-000846,2023-03-28,64,month_to_month,electronic_check,none,north,16.13,1073.66,89930.0,2,4.4,True,False,0,0
CUST-001028,2021-11-12,67,month_to_month,credit_card,fiber,south,48.19,3120.38,,1,10.0,True,False,0,0
CUST-001666,2023-05-23,57,two_year,bank_transfer,dsl,south,48.63,2770.17,41446.0,1,8.9,False,True,0,0
CUST-000682,2022-09-09,48,two_year,electronic_check,dsl,west,41.33,1952.9,6376.0,0,9.6,False,True,0,0
CUST-002363,2021-04-07,17,two_year,mailed_check,none,south,21.04,362.65,24922.0,0,8.3,True,True,0,0
CUST-002751,2023-02-22,25,one_year,credit_card,fiber,north,95.42,2319.82,,1,5.7,True,True,2,1
CUST-000404,2021-12-06,4,month_to_month,electronic_check,fiber,north,57.73,223.66,33165.0,4,6.9,False,False,0,0
CUST-002770,2021-09-29,39,one_year,electronic_check,fiber,west,70.9,2654.66,59852.0,0,6.4,False,False,0,0
CUST-002998,2021-07-16,9,one_year,credit_card,fiber,south,92.0,837.37,30961.0,1,5.5,False,False,4,1
CUST-001746,2020-01-31,9,two_year,electronic_check,none,south,15.0,147.92,39333.0,3,4.2,False,False,0,0
CUST-001035,2021-04-14,40,month_to_month,bank_transfer,dsl,south,51.02,2155.82,156228.0,2,7.3,True,True,0,0
CUST-002857,2023-04-20,37,one_year,mailed_check,dsl,south,53.96,1954.19,,1,8.4,True,False,0,0
CUST-002480,2021-04-18,51,month_to_month,electronic_check,dsl,north,46.82,2392.53,23897.0,1,6.5,True,False,0,0
CUST-001438,2022-09-10,5,month_to_month,electronic_check,fiber,north,70.33,347.27,68619.0,1,3.6,True,False,2,1
CUST-001309,2023-03-23,20,two_year,credit_card,dsl,west,60.58,1152.27,34520.0,0,4.9,False,False,0,0
CUST-002236,2022-08-31,57,month_to_month,electronic_check,none,south,36.87,2014.88,,1,10.0,True,False,0,0
CUST-001376,2023-05-11,72,one_year,credit_card,fiber,south,78.19,5901.09,27698.0,2,4.9,True,False,0,0
CUST-001759,2021-06-17,30,month_to_month,bank_transfer,dsl,south,53.94,1759.88,34315.0,3,5.1,True,True,0,0
CUST-000699,2021-01-25,34,two_year,bank_transfer,dsl,east,28.21,959.74,30181.0,0,7.0,False,True,0,0
CUST-001973,2021-02-27,62,month_to_month,electronic_check,none,north,26.74,1577.36,73795.0,1,9.2,False,False,1,0
CUST-001219,2020-05-27,2,two_year,electronic_check,dsl,north,55.48,113.34,40276.0,0,6.0,True,True,2,1
CUST-002442,2023-06-02,28,month_to_month,credit_card,dsl,south,62.75,1783.51,71022.0,3,8.7,True,True,0,0
CUST-002245,2021-10-07,63,month_to_month,bank_transfer,fiber,east,59.79,3596.1,,0,7.4,False,False,0,0
CUST-001911,2020-11-02,10,one_year,electronic_check,dsl,south,52.81,518.81,134925.0,0,6.8,True,False,0,0
CUST-002902,2023-08-12,53,month_to_month,credit_card,fiber,west,71.05,3980.24,25631.0,1,8.3,False,False,0,0
CUST-002141,2022-03-13,18,one_year,bank_transfer,fiber,south,76.05,1330.37,84956.0,1,9.7,True,False,0,0
CUST-000588,2020-08-23,63,one_year,bank_transfer,none,north,30.85,1900.49,40353.0,0,3.3,True,False,0,0
CUST-000575,2020-04-27,23,month_to_month,electronic_check,fiber,west,87.88,1959.29,113559.0,2,3.4,False,False,2,1
CUST-002972,2020-09-03,56,month_to_month,credit_card,none,north,27.2,1481.42,56424.0,3,8.1,False,True,0,0
CUST-002629,2020-01-12,66,month_to_month,mailed_check,none,north,17.52,1110.45,57430.0,1,8.1,True,False,0,0
CUST-000761,2020-05-14,18,one_year,electronic_check,dsl,south,61.27,1090.12,42891.0,0,6.9,True,True,0,0
CUST-002544,2022-02-27,33,month_to_month,mailed_check,dsl,south,39.79,1432.43,156208.0,3,8.2,True,False,0,0
CUST-002407,2022-01-17,10,month_to_month,bank_transfer,dsl,west,46.67,459.69,52174.0,2,4.0,False,False,3,1
CUST-001606,2021-05-07,54,month_to_month,electronic_check,fiber,north,81.36,4642.97,23861.0,2,7.0,False,False,3,1
CUST-001378,2023-11-19,24,month_to_month,electronic_check,dsl,east,47.89,1089.2,,0,9.8,False,True,0,0
CUST-002571,2020-10-17,37,month_to_month,mailed_check,dsl,east,46.73,1639.72,77865.0,1,6.7,True,True,0,0
CUST-000857,2021-11-20,16,month_to_month,mailed_check,fiber,north,74.59,1176.02,45850.0,1,6.7,False,False,0,0
CUST-002656,2021-07-07,10,month_to_month,bank_transfer,dsl,south,52.44,558.67,46965.0,1,6.5,True,True,1,1
CUST-001631,2023-03-14,13,one_year,mailed_check,fiber,east,69.09,870.27,35102.0,0,7.0,True,True,0,0
CUST-000111,2020-01-17,11,one_year,electronic_check,dsl,west,58.31,630.26,52310.0,2,5.0,True,False,0,0
CUST-002616,2022-02-22,8,month_to_month,electronic_check,dsl,south,41.09,344.06,36927.0,2,7.1,False,True,0,0
CUST-002321,2022-06-27,14,two_year,credit_card,dsl,south,48.95,687.83,75199.0,2,4.4,True,True,1,0
CUST-001731,2022-05-08,26,two_year,credit_card,fiber,east,88.16,2095.12,32674.0,0,8.7,True,True,0,0
CUST-002943,2022-02-19,1,month_to_month,mailed_check,none,east,26.57,23.76,61061.0,0,10.0,True,False,0,0
CUST-002487,2020-12-13,33,month_to_month,electronic_check,fiber,south,72.75,2362.93,25871.0,2,5.5,False,False,4,1
CUST-002279,2021-08-13,1,one_year,mailed_check,fiber,west,71.85,77.18,147838.0,1,6.8,False,False,0,0
CUST-001202,2020-10-08,15,two_year,bank_transfer,dsl,south,40.61,632.3,70204.0,1,7.6,True,True,0,0
CUST-000988,2021-03-13,19,month_to_month,bank_transfer,dsl,west,58.64,1108.06,31010.0,3,6.7,True,True,0,0
CUST-000517,2022-03-05,18,month_to_month,electronic_check,fiber,north,74.53,1264.05,15898.0,0,6.9,True,False,3,1
CUST-001532,2022-03-25,68,one_year,electronic_check,none,east,33.94,2436.16,36065.0,1,9.6,False,False,0,0
CUST-001565,2021-05-16,9,two_year,mailed_check,dsl,east,63.26,539.65,26628.0,0,10.0,True,True,0,0
CUST-000644,2023-02-07,37,one_year,credit_card,fiber,west,88.25,3277.39,53513.0,0,5.8,True,False,0,0
CUST-001475,2023-01-16,43,month_to_month,bank_transfer,none,west,16.97,716.48,45959.0,1,5.8,True,False,0,0
CUST-000261,2020-07-05,38,one_year,bank_transfer,none,south,18.04,663.3,42160.0,0,6.2,True,False,0,0
CUST-000815,2022-08-12,71,month_to_month,bank_transfer,fiber,south,76.12,5430.73,43384.0,1,3.9,False,True,0,0
CUST-000308,2022-07-16,61,two_year,credit_card,fiber,east,74.91,4574.7,37541.0,1,8.6,False,True,0,0
CUST-000812,2021-02-12,15,month_to_month,bank_transfer,none,north,24.8,399.73,83083.0,5,7.8,True,True,1,1
CUST-001585,2021-09-21,36,one_year,electronic_check,fiber,north,80.59,2655.7,125083.0,0,6.4,True,False,0,0
CUST-002482,2023-12-09,19,month_to_month,electronic_check,none,north,36.02,603.22,80121.0,3,5.6,False,False,0,0
CUST-002418,2021-08-05,57,month_to_month,electronic_check,fiber,west,60.47,3545.83,78309.0,3,6.8,False,True,2,1
CUST-001926,2022-05-29,57,month_to_month,bank_transfer,dsl,north,46.77,2996.49,200224.0,1,1.0,False,True,0,0
CUST-001321,2020-05-14,66,one_year,bank_transfer,none,west,19.0,1333.56,112753.0,2,5.8,True,False,0,0
CUST-000611,2021-01-27,72,month_to_month,electronic_check,none,south,16.75,1149.54,38750.0,0,7.0,False,True,0,0
CUST-001516,2022-10-11,28,two_year,electronic_check,fiber,north,61.67,1654.17,14288.0,0,4.8,True,False,0,0
CUST-000265,2022-06-14,54,month_to_month,bank_transfer,dsl,north,46.35,2502.56,66880.0,2,9.2,False,True,0,0
CUST-002134,2020-09-02,54,one_year,electronic_check,none,north,31.71,1668.49,27069.0,1,5.7,False,False,0,0
CUST-000890,2021-10-14,66,month_to_month,bank_transfer,fiber,north,81.84,4991.56,41670.0,3,7.9,False,True,0,0
CUST-002822,2023-09-22,22,month_to_month,bank_transfer,fiber,south,58.5,1339.66,67324.0,1,5.6,True,True,5,1
CUST-001862,2022-06-21,48,month_to_month,credit_card,fiber,north,57.84,2582.64,107988.0,1,9.1,True,False,0,0
CUST-001800,2020-12-09,6,two_year,mailed_check,dsl,west,57.39,347.3,22140.0,1,6.4,True,True,1,1
CUST-002211,2023-05-25,5,one_year,bank_transfer,dsl,north,42.49,220.44,13552.0,0,8.4,False,True,0,0
CUST-001950,2023-03-30,6,one_year,bank_transfer,fiber,south,78.18,469.28,15434.0,0,7.3,False,True,0,0
CUST-002514,2022-11-12,4,month_to_month,electronic_check,dsl,north,49.94,190.59,,1,9.4,False,True,1,1
CUST-000029,2022-12-31,14,month_to_month,credit_card,dsl,north,38.11,513.49,27665.0,2,8.0,False,False,0,0
CUST-002061,2023-05-28,43,month_to_month,credit_card,fiber,west,69.41,3117.13,16479.0,2,6.1,True,True,0,0
CUST-001821,2021-10-19,38,month_to_month,electronic_check,dsl,east,50.74,1879.47,42192.0,0,6.5,False,False,0,0
CUST-000692,2021-12-27,30,one_year,credit_card,dsl,east,65.22,1732.76,67407.0,1,6.7,False,True,0,0
CUST-000598,2020-02-07,32,month_to_month,credit_card,fiber,south,88.19,2954.26,63809.0,1,7.3,False,False,5,1
CUST-000411,2023-03-04,57,one_year,credit_card,dsl,west,29.98,1643.48,71436.0,2,8.9,True,False,0,0
CUST-000416,2023-05-03,32,one_year,electronic_check,dsl,east,43.26,1308.77,42508.0,1,5.8,True,True,0,0
CUST-002030,2020-12-17,12,month_to_month,electronic_check,fiber,north,77.06,963.38,105839.0,2,6.1,True,True,0,0
CUST-002654,2022-01-07,35,month_to_month,mailed_check,none,south,20.7,711.49,106273.0,1,6.2,True,False,2,1
CUST-001876,2021-02-11,33,two_year,electronic_check,dsl,west,49.96,1774.44,103624.0,0,3.8,True,True,0,0
CUST-001212,2020-08-26,4,month_to_month,credit_card,none,west,17.18,70.14,,0,7.2,True,False,0,0
CUST-000070,2020-12-30,56,month_to_month,bank_transfer,fiber,north,77.25,4101.34,27115.0,1,6.4,True,True,0,0
CUST-001401,2022-02-27,54,one_year,electronic_check,dsl,east,68.84,4013.83,133658.0,1,8.7,False,False,0,0
CUST-001788,2022-01-31,44,month_to_month,bank_transfer,dsl,south,48.05,2237.03,43868.0,2,6.5,False,False,1,1
CUST-002985,2022-07-30,12,month_to_month,credit_card,dsl,north,38.44,470.83,109519.0,2,8.5,False,False,0,0
CUST-000319,2023-12-22,17,month_to_month,bank_transfer,dsl,east,62.14,1072.81,40371.0,3,6.7,True,True,5,1
CUST-002038,2023-02-12,15,two_year,electronic_check,dsl,west,55.31,874.5,50383.0,0,9.5,True,True,0,0
CUST-001388,2021-06-28,18,month_to_month,bank_transfer,dsl,north,53.85,1038.45,21514.0,1,7.9,True,True,0,0
CUST-001507,2023-03-30,5,month_to_month,electronic_check,dsl,south,57.98,290.98,100048.0,1,8.0,True,False,3,1
CUST-000094,2021-01-03,37,month_to_month,credit_card,fiber,east,74.28,2509.58,54180.0,0,6.8,True,False,0,0
CUST-002422,2021-08-09,70,one_year,credit_card,fiber,east,62.36,4432.11,98758.0,1,9.5,True,False,0,0
CUST-000900,2023-11-12,36,month_to_month,credit_card,fiber,east,70.47,2547.6,100064.0,2,5.5,True,True,0,0
CUST-001991,2022-10-18,55,month_to_month,credit_card,dsl,west,31.76,1818.68,90298.0,1,6.7,True,False,0,0
CUST-002860,2021-09-17,57,two_year,credit_card,fiber,north,58.68,3360.98,29809.0,1,8.9,False,False,0,0
CUST-000854,2021-01-08,56,month_to_month,credit_card,dsl,north,47.54,2690.28,77589.0,4,8.5,True,False,0,0
CUST-000471,2022-01-23,3,month_to_month,electronic_check,fiber,east,77.48,234.85,38817.0,3,7.2,False,True,2,1
CUST-000480,2022-11-29,6,one_year,bank_transfer,fiber,west,59.25,344.68,20265.0,0,7.4,True,True,0,0
CUST-000280,2021-06-10,29,month_to_month,bank_transfer,none,south,29.44,825.13,16581.0,4,4.3,False,True,0,0
CUST-000816,2021-01-02,29,one_year,mailed_check,dsl,east,51.69,1483.07,,2,10.0,True,True,0,0
CUST-002118,2022-08-25,9,two_year,bank_transfer,dsl,south,48.5,431.92,17380.0,0,3.8,False,True,0,0
CUST-001203,2020-02-15,10,one_year,credit_card,none,north,30.28,312.14,81075.0,0,6.7,True,True,0,0
CUST-002970,2020-05-05,68,one_year,bank_transfer,dsl,north,49.76,3603.65,39912.0,2,8.3,True,True,0,0
CUST-001340,2022-10-01,22,one_year,electronic_check,none,east,15.0,326.47,156640.0,0,6.1,False,False,0,0
CUST-001718,2023-05-22,59,one_year,credit_card,dsl,north,71.13,4266.89,42837.0,0,9.8,True,False,0,0
CUST-001284,2021-06-13,28,two_year,electronic_check,none,west,35.54,906.48,,1,3.8,True,True,0,0
CUST-002034,2022-05-07,57,month_to_month,electronic_check,none,east,23.47,1407.92,122891.0,2,7.2,False,False,0,0
CUST-001667,2023-06-04,66,month_to_month,bank_transfer,dsl,west,48.48,3283.59,37064.0,3,10.0,False,False,0,0
CUST-000121,2021-04-17,47,month_to_month,bank_transfer,fiber,east,67.07,3264.99,65325.0,2,6.6,True,False,0,0
CUST-001697,2020-07-25,4,one_year,credit_card,fiber,north,58.25,229.33,57915.0,0,7.8,True,False,3,1
CUST-002113,2021-10-12,59,two_year,bank_transfer,fiber,west,84.54,4348.49,44888.0,0,6.9,True,True,0,0
CUST-001162,2023-12-01,4,month_to_month,electronic_check,dsl,south,48.47,198.58,88914.0,2,8.1,True,True,0,0
CUST-002486,2022-03-08,57,month_to_month,credit_card,dsl,north,37.21,2164.56,50810.0,2,4.7,False,True,0,0
CUST-001599,2021-06-21,6,two_year,electronic_check,none,north,19.37,106.15,489303.0,0,9.5,False,False,0,0
CUST-001727,2023-06-19,68,two_year,bank_transfer,dsl,north,32.61,2290.99,33977.0,1,6.0,True,True,0,0
CUST-001828,2022-09-06,4,month_to_month,credit_card,fiber,north,69.33,243.0,29140.0,0,7.9,True,False,3,1
CUST-000162,2023-09-03,25,month_to_month,credit_card,dsl,north,57.91,1407.61,88396.0,2,6.3,True,False,0,0
CUST-001885,2022-11-20,50,one_year,bank_transfer,dsl,west,55.29,2679.04,21830.0,2,8.8,True,False,0,0
CUST-001570,2020-05-19,29,month_to_month,credit_card,fiber,north,75.79,2078.94,168759.0,0,7.8,True,True,0,0
CUST-000989,2023-02-02,23,month_to_month,mailed_check,dsl,west,33.16,704.83,,3,3.7,True,False,3,1
CUST-000174,2023-07-03,14,month_to_month,electronic_check,none,north,24.95,342.36,,1,6.8,True,False,0,0
CUST-000913,2021-06-24,15,two_year,electronic_check,fiber,north,83.93,1170.8,48233.0,1,7.3,False,True,0,0
CUST-000237,2021-12-12,56,month_to_month,bank_transfer,dsl,north,49.08,2537.08,61811.0,2,6.4,True,False,0,0
CUST-002052,2020-07-30,6,one_year,mailed_check,none,west,21.2,131.43,45155.0,1,6.6,False,False,0,0
CUST-000965,2021-10-25,70,one_year,bank_transfer,none,north,49.24,3661.42,55174.0,0,6.9,True,False,0,0
CUST-001576,2023-06-19,67,one_year,credit_card,fiber,west,81.62,5050.66,56123.0,0,5.2,False,False,0,0
CUST-000603,2021-02-19,44,one_year,bank_transfer,fiber,east,65.14,2951.3,56489.0,0,4.3,True,False,5,1
CUST-002930,2023-07-25,17,month_to_month,credit_card,dsl,south,40.01,711.06,38605.0,3,6.6,True,True,3,1
CUST-002556,2022-03-21,23,one_year,credit_card,fiber,west,68.67,1488.36,23883.0,0,4.2,True,True,0,0
CUST-000982,2022-08-17,16,month_to_month,credit_card,fiber,south,84.48,1269.22,132656.0,1,8.4,False,False,4,1
CUST-001750,2023-03-10,16,two_year,electronic_check,dsl,west,45.33,713.64,26941.0,1,7.2,True,True,0,0
CUST-002653,2021-04-10,6,two_year,credit_card,fiber,south,67.72,420.39,80729.0,1,4.8,True,True,0,0
CUST-002014,2023-08-08,3,one_year,credit_card,fiber,east,68.18,213.31,,1,6.0,False,False,3,1
CUST-000027,2022-07-19,21,one_year,crypto_wallet,fiber,west,66.03,1504.3,332810.0,2,7.2,True,False,5,1
CUST-002011,2020-12-12,24,one_year,credit_card,none,north,31.26,751.25,63159.0,0,6.0,True,False,0,0
CUST-002241,2020-09-07,10,month_to_month,credit_card,fiber,east,81.6,777.89,45878.0,1,8.5,False,True,0,0
CUST-000383,2020-04-18,9,month_to_month,mailed_check,dsl,east,47.83,424.41,15038.0,1,7.4,True,False,0,0
CUST-002908,2023-10-03,47,one_year,electronic_check,none,east,25.05,1214.59,11416.0,0,10.0,True,False,0,0
CUST-001831,2023-09-24,3,one_year,electronic_check,fiber,north,59.39,183.73,32780.0,1,2.6,True,False,5,1
CUST-000632,2022-10-03,32,month_to_month,bank_transfer,fiber,west,57.2,1748.64,210318.0,0,10.0,False,True,0,0
CUST-001332,2023-10-18,56,month_to_month,credit_card,dsl,south,37.88,1874.18,36290.0,1,6.2,True,True,0,0
CUST-002907,2020-10-30,32,month_to_month,electronic_check,dsl,south,63.18,1799.64,63150.0,2,8.6,True,True,0,0
CUST-001703,2021-01-15,41,month_to_month,bank_transfer,none,north,25.35,1041.9,22724.0,2,4.7,True,False,0,0
CUST-000901,2022-04-12,59,month_to_month,bank_transfer,dsl,south,68.41,4118.19,40015.0,1,6.6,False,False,0,0
CUST-002051,2020-05-02,18,month_to_month,bank_transfer,fiber,east,94.97,1758.42,101313.0,3,8.5,True,False,2,1
CUST-002142,2022-03-31,44,month_to_month,electronic_check,fiber,east,74.22,3226.65,25629.0,1,8.7,True,False,0,0
CUST-000140,2021-04-28,67,month_to_month,crypto_wallet,fiber,south,66.67,4593.77,27530.0,0,7.9,False,False,0,0
CUST-000455,2021-08-18,20,month_to_month,electronic_check,fiber,south,74.93,1474.76,37834.0,2,9.0,True,True,0,0
CUST-000218,2021-11-03,71,month_to_month,bank_transfer,dsl,west,34.83,2464.06,30988.0,0,3.4,True,True,0,0
CUST-002888,2020-10-12,51,two_year,credit_card,none,east,16.86,757.91,30318.0,1,8.2,True,True,0,0
CUST-000163,2020-12-06,61,month_to_month,bank_transfer,fiber,south,71.67,4102.32,53271.0,4,5.3,True,True,0,0
CUST-000870,2021-11-19,33,month_to_month,credit_card,fiber,east,90.96,3124.33,78654.0,1,10.0,True,False,0,0
CUST-002831,2020-08-09,11,month_to_month,electronic_check,fiber,east,93.19,1017.95,86100.0,1,6.9,False,False,5,1
CUST-000882,2020-05-21,47,month_to_month,electronic_check,fiber,south,77.94,3645.4,28177.0,1,4.6,True,True,0,0
CUST-002068,2022-04-12,52,month_to_month,electronic_check,fiber,east,74.13,3692.92,48081.0,0,6.6,True,False,0,0
CUST-002626,2020-11-20,14,month_to_month,bank_transfer,dsl,south,48.18,652.13,13593.0,3,6.9,True,True,0,0
CUST-001466,2020-05-18,14,month_to_month,bank_transfer,dsl,north,38.93,585.29,48395.0,2,8.8,True,False,0,0
CUST-002942,2023-03-30,69,month_to_month,credit_card,dsl,north,42.47,2892.63,38618.0,1,5.5,False,False,0,0
CUST-002650,2022-09-18,1,one_year,credit_card,fiber,south,80.43,77.23,43042.0,2,6.9,False,True,0,0
CUST-000113,2023-11-18,22,two_year,credit_card,fiber,east,80.41,1772.16,9814.0,1,7.1,False,True,0,0
CUST-001328,2021-01-18,34,month_to_month,bank_transfer,none,south,18.79,591.75,,4,6.8,False,False,0,0
CUST-001478,2020-05-23,72,month_to_month,bank_transfer,fiber,east,57.48,3979.28,29221.0,2,3.8,False,True,0,0
CUST-000204,2022-07-16,33,two_year,bank_transfer,fiber,south,68.33,2337.59,36080.0,1,7.3,False,True,0,0
CUST-002736,2020-12-04,47,month_to_month,electronic_check,none,south,17.43,817.94,33809.0,3,1.7,True,False,0,0
CUST-001806,2023-06-21,61,one_year,credit_card,fiber,north,69.55,4325.79,56078.0,4,7.0,True,False,0,0
CUST-002593,2020-08-24,53,month_to_month,credit_card,fiber,east,54.97,2791.79,122357.0,5,5.7,False,False,2,1
CUST-000643,2021-08-22,63,month_to_month,mailed_check,dsl,west,58.55,3477.42,87266.0,0,9.5,False,False,0,0
CUST-000694,2023-12-12,33,one_year,electronic_check,dsl,east,63.95,2108.42,64976.0,2,6.0,True,False,0,0
CUST-000722,2020-01-31,26,month_to_month,bank_transfer,dsl,north,44.87,1075.71,25479.0,1,8.1,False,False,4,1
CUST-001265,2022-02-12,18,one_year,electronic_check,fiber,east,84.44,1466.64,,1,9.4,True,False,1,1
CUST-000725,2023-06-23,23,month_to_month,credit_card,fiber,east,79.37,1731.41,69452.0,1,7.8,True,True,0,0
CUST-002347,2021-06-23,67,two_year,bank_transfer,fiber,east,58.28,4106.07,38622.0,0,3.7,True,True,0,0
CUST-002799,2022-11-28,37,month_to_month,credit_card,none,north,21.81,815.56,15440.0,8,7.8,False,False,2,1
CUST-002111,2021-08-05,19,two_year,credit_card,fiber,south,76.66,1396.94,51851.0,0,4.9,False,True,4,1
CUST-001271,2021-05-17,68,month_to_month,credit_card,fiber,south,74.43,5268.41,77281.0,2,6.1,True,False,0,0
CUST-002858,2023-06-18,41,month_to_month,credit_card,fiber,south,82.29,3270.2,,2,10.0,False,True,0,0
CUST-002117,2022-12-26,24,month_to_month,electronic_check,dsl,north,48.08,1220.67,20863.0,1,5.8,False,False,0,0
CUST-001372,2021-04-01,26,one_year,electronic_check,fiber,south,74.52,1903.09,57795.0,1,5.3,False,True,0,0
CUST-000103,2020-03-12,17,month_to_month,electronic_check,dsl,east,48.48,807.36,23330.0,5,7.9,False,True,0,0
CUST-002332,2023-05-03,44,two_year,electronic_check,fiber,east,82.13,3806.68,62980.0,0,6.3,True,True,0,0
CUST-001261,2020-08-05,40,month_to_month,credit_card,dsl,east,43.65,1703.64,20658.0,2,7.6,False,True,0,0
CUST-000058,2023-12-08,36,one_year,mailed_check,none,north,26.88,1028.44,112405.0,1,8.1,False,False,0,0
CUST-001653,2020-12-16,58,month_to_month,credit_card,fiber,south,60.08,3475.55,190236.0,4,7.2,True,False,0,0
CUST-002186,2023-03-03,13,month_to_month,credit_card,none,north,19.64,265.29,,1,7.7,True,False,0,0
CUST-002814,2022-11-18,14,two_year,electronic_check,none,south,15.0,199.32,76619.0,0,6.3,False,True,0,0
CUST-002975,2020-04-01,13,month_to_month,credit_card,dsl,west,51.45,704.13,67958.0,3,8.7,False,True,3,1
CUST-001833,2021-01-26,61,one_year,credit_card,dsl,west,46.23,2788.9,,2,10.0,False,False,0,0
CUST-001933,2022-01-22,8,two_year,mailed_check,none,south,25.41,212.75,44503.0,1,4.4,True,False,0,0
CUST-002901,2022-01-11,12,month_to_month,mailed_check,fiber,south,76.24,832.85,49137.0,2,7.9,False,False,0,0
CUST-000629,2021-01-21,48,one_year,bank_transfer,fiber,south,89.51,4064.62,,2,4.2,False,True,0,0
CUST-001569,2022-05-12,63,one_year,electronic_check,fiber,north,59.71,3657.57,47122.0,2,5.5,True,False,0,0
CUST-000311,2023-12-18,44,month_to_month,electronic_check,dsl,east,34.79,1556.71,36143.0,7,8.3,True,False,3,1
CUST-000778,2022-07-06,36,one_year,bank_transfer,fiber,south,57.35,2119.15,7384.0,1,5.1,True,False,0,0
CUST-000514,2022-09-06,68,month_to_month,mailed_check,none,north,15.0,1020.28,63362.0,0,8.5,False,False,0,0
CUST-001513,2021-05-06,63,two_year,bank_transfer,fiber,south,83.15,4918.35,13614.0,1,6.4,True,False,5,1
CUST-000272,2020-03-08,30,month_to_month,credit_card,dsl,north,37.02,1068.32,40494.0,2,4.4,True,True,0,0
CUST-002084,2020-12-21,14,one_year,credit_card,fiber,south,72.92,926.09,49301.0,1,5.5,False,False,0,0
CUST-001600,2023-04-08,60,one_year,credit_card,dsl,west,63.37,3675.65,40878.0,2,6.0,False,True,0,0
CUST-000180,2020-01-24,6,one_year,crypto_wallet,fiber,south,82.73,563.23,143173.0,2,7.3,False,True,0,0
CUST-001673,2022-08-17,11,two_year,bank_transfer,fiber,west,85.26,959.64,127230.0,2,5.9,False,True,4,1
CUST-000393,2022-05-10,7,two_year,electronic_check,fiber,north,69.38,506.23,59880.0,1,7.6,True,True,0,0
CUST-002946,2020-11-18,22,month_to_month,bank_transfer,fiber,east,84.0,1811.69,268732.0,2,6.8,True,True,2,1
CUST-001156,2022-09-03,35,month_to_month,credit_card,none,south,32.96,1158.01,65689.0,2,8.5,False,False,0,0
CUST-002361,2023-10-25,59,month_to_month,bank_transfer,fiber,south,69.69,4000.22,83744.0,1,8.4,False,True,1,0
CUST-002506,2021-08-22,47,month_to_month,credit_card,fiber,north,70.7,3354.4,71214.0,2,8.7,False,False,0,0
CUST-001810,2020-11-27,61,one_year,bank_transfer,dsl,west,61.98,3614.48,41321.0,2,6.3,True,True,0,0
CUST-002017,2022-11-06,27,month_to_month,electronic_check,fiber,north,72.7,2019.84,77875.0,1,6.6,True,False,1,1
CUST-000800,2021-03-17,30,month_to_month,credit_card,fiber,north,60.74,1854.2,,2,4.3,True,False,1,0
CUST-002661,2022-12-21,29,month_to_month,credit_card,fiber,north,95.18,2817.16,,0,8.7,True,False,2,1
CUST-002060,2022-11-15,6,month_to_month,electronic_check,fiber,south,75.91,484.36,48065.0,3,8.2,False,False,4,1
CUST-000304,2023-03-02,50,month_to_month,electronic_check,fiber,west,71.61,3608.3,51659.0,1,7.6,False,False,0,0
CUST-000883,2022-02-07,52,two_year,credit_card,fiber,north,93.1,4727.42,31782.0,1,4.9,True,True,0,0
CUST-000067,2021-07-18,5,month_to_month,bank_transfer,fiber,west,72.03,343.49,60759.0,3,5.5,False,False,2,1
CUST-000552,2020-05-14,44,month_to_month,mailed_check,dsl,east,51.26,2461.17,,4,9.1,False,False,1,1
CUST-002130,2023-05-09,16,one_year,bank_transfer,dsl,north,51.29,820.67,48030.0,0,4.3,False,True,0,0
CUST-001854,2022-08-20,15,month_to_month,credit_card,dsl,south,70.21,1098.1,134419.0,1,5.2,True,False,4,1
CUST-001698,2022-06-25,47,month_to_month,electronic_check,fiber,north,78.79,3526.7,49861.0,3,9.1,True,True,0,0
CUST-001446,2021-01-31,7,month_to_month,credit_card,dsl,east,59.19,432.91,50573.0,2,7.9,False,True,0,0
CUST-001398,2020-03-08,11,month_to_month,bank_transfer,fiber,west,65.2,691.0,56642.0,3,7.1,True,True,5,1
CUST-002037,2021-03-04,9,one_year,electronic_check,fiber,west,80.88,756.73,10299.0,2,6.3,False,True,0,0
CUST-001799,2023-09-25,14,month_to_month,mailed_check,dsl,north,47.6,657.9,,3,10.0,True,False,0,0
CUST-000139,2020-09-03,60,month_to_month,bank_transfer,dsl,north,35.08,2131.95,,3,4.7,False,True,0,0
CUST-002370,2022-01-17,12,one_year,bank_transfer,fiber,south,55.94,656.75,37146.0,0,6.6,True,True,0,0
CUST-001710,2023-11-25,3,month_to_month,bank_transfer,dsl,west,50.23,147.8,150932.0,1,6.1,True,True,0,0
CUST-000529,2021-09-13,47,month_to_month,mailed_check,fiber,east,65.17,3211.62,26907.0,2,6.9,True,False,0,0
CUST-000167,2020-03-21,37,month_to_month,credit_card,fiber,east,87.15,3122.16,78995.0,3,6.1,True,True,3,1
CUST-001820,2023-03-07,51,month_to_month,mailed_check,dsl,south,59.41,2855.98,32630.0,3,8.5,False,False,0,0
CUST-000613,2022-10-01,33,one_year,credit_card,fiber,south,88.93,3067.58,188890.0,1,8.6,True,False,0,0
CUST-002108,2022-09-04,16,month_to_month,bank_transfer,fiber,east,82.49,1372.43,36612.0,2,9.0,True,False,3,1
CUST-001135,2020-01-09,67,month_to_month,credit_card,fiber,south,67.7,4493.78,39958.0,1,8.4,False,False,0,0
CUST-000556,2021-08-06,65,two_year,electronic_check,fiber,east,65.48,4097.57,73862.0,0,5.6,True,True,0,0
CUST-001913,2022-07-08,65,one_year,credit_card,fiber,north,99.19,6513.21,39906.0,2,8.7,True,False,1,1
CUST-002739,2020-08-31,14,month_to_month,credit_card,dsl,north,49.46,692.42,106503.0,4,6.5,True,True,1,1
CUST-002322,2022-07-10,8,two_year,electronic_check,dsl,west,48.24,383.62,24340.0,1,5.4,True,True,0,0
CUST-001557,2022-08-06,54,month_to_month,bank_transfer,fiber,south,68.9,3731.29,43085.0,1,6.7,True,True,0,0
CUST-001566,2023-07-16,12,month_to_month,credit_card,fiber,east,75.94,998.93,22940.0,1,9.4,True,False,5,1
CUST-002255,2021-02-28,50,month_to_month,credit_card,none,west,21.73,1157.28,86705.0,4,7.3,True,False,0,0
CUST-001813,2020-07-09,21,two_year,mailed_check,fiber,west,76.01,1571.83,22376.0,0,6.0,True,True,0,0
CUST-001996,2022-01-08,33,two_year,credit_card,dsl,south,42.71,1314.17,27101.0,2,5.5,True,True,0,0
CUST-002149,2020-07-08,38,one_year,credit_card,fiber,south,80.77,3319.83,139213.0,1,5.1,False,False,4,1
CUST-000148,2022-10-01,37,month_to_month,electronic_check,fiber,east,69.1,2518.66,39363.0,2,9.5,True,False,0,0
CUST-002213,2023-09-21,43,one_year,bank_transfer,fiber,west,91.65,3527.2,28777.0,0,3.3,True,True,4,1
CUST-001179,2020-12-17,32,month_to_month,electronic_check,dsl,east,51.93,1514.34,46109.0,1,3.2,False,False,1,1
CUST-002193,2022-10-03,63,month_to_month,bank_transfer,fiber,west,64.51,4042.35,32574.0,4,4.5,False,False,0,0
CUST-000345,2021-02-22,16,month_to_month,bank_transfer,dsl,east,42.48,675.48,18354.0,1,6.4,False,False,0,0
CUST-000037,2021-10-04,23,one_year,electronic_check,fiber,east,72.6,1673.63,31138.0,1,5.4,False,True,5,1
CUST-002222,2021-07-24,72,month_to_month,credit_card,fiber,west,65.89,4589.23,54147.0,2,7.4,True,False,0,0
CUST-002613,2022-12-17,13,month_to_month,credit_card,dsl,south,39.84,488.8,47082.0,2,5.0,True,False,0,0
CUST-000224,2021-09-15,24,month_to_month,credit_card,dsl,east,61.17,1517.33,38964.0,3,6.5,False,True,5,1
CUST-001775,2021-02-09,48,two_year,credit_card,dsl,south,62.96,3154.55,69829.0,1,7.6,True,True,0,0
CUST-000991,2023-01-05,23,two_year,electronic_check,none,north,15.0,341.26,53231.0,0,8.8,False,True,0,0
CUST-001644,2022-04-30,46,month_to_month,crypto_wallet,dsl,west,53.84,2482.87,,0,3.8,False,False,3,1
CUST-000585,2020-07-12,67,month_to_month,mailed_check,fiber,east,88.06,5833.62,29649.0,3,4.3,False,True,3,1
CUST-002548,2021-08-26,58,month_to_month,credit_card,none,south,30.57,1752.32,13277.0,2,5.6,False,False,2,1
CUST-002474,2022-06-09,33,one_year,credit_card,fiber,north,69.62,2228.28,,0,5.8,True,False,0,0
CUST-002811,2022-01-12,47,month_to_month,electronic_check,fiber,east,76.17,3592.76,,1,5.2,False,False,0,0
CUST-001039,2021-10-12,68,month_to_month,bank_transfer,dsl,east,42.53,2797.81,62594.0,4,2.7,False,True,5,1
CUST-002158,2022-12-20,61,two_year,bank_transfer,dsl,south,53.56,3405.44,46236.0,2,6.3,False,True,0,0
CUST-002872,2023-12-04,54,month_to_month,bank_transfer,none,south,19.92,1104.86,68906.0,3,6.6,False,True,0,0
CUST-000044,2021-12-28,45,month_to_month,bank_transfer,fiber,south,71.69,3224.14,38732.0,7,9.1,True,False,5,1
CUST-002979,2023-11-05,2,month_to_month,bank_transfer,fiber,east,80.42,166.56,33413.0,3,3.0,True,False,3,1
CUST-000254,2021-04-18,29,month_to_month,electronic_check,fiber,north,61.36,1723.86,30509.0,3,6.7,True,False,0,0
CUST-001062,2023-08-24,29,month_to_month,bank_transfer,dsl,north,48.13,1344.14,,3,8.6,False,False,2,1
CUST-001445,2022-06-19,4,month_to_month,credit_card,fiber,east,75.74,300.59,20989.0,3,10.0,False,True,4,1
CUST-001986,2022-01-01,11,two_year,credit_card,fiber,east,87.33,889.15,95196.0,1,9.6,False,True,0,0
CUST-001525,2023-05-28,40,month_to_month,credit_card,none,west,15.0,582.38,60969.0,1,8.9,True,True,0,0
CUST-001204,2021-06-15,17,month_to_month,bank_transfer,fiber,north,77.31,1357.89,,0,6.8,False,True,1,1
CUST-001462,2021-04-18,42,month_to_month,credit_card,none,east,22.39,981.99,78685.0,7,8.9,True,False,0,0
CUST-001714,2021-07-26,51,month_to_month,credit_card,fiber,east,74.32,3662.49,,4,7.0,True,False,0,0
CUST-002618,2021-08-23,52,month_to_month,credit_card,dsl,north,47.39,2539.12,43421.0,3,7.9,True,True,5,1
CUST-001314,2020-06-24,53,month_to_month,electronic_check,dsl,west,27.91,1506.97,24329.0,0,4.5,False,False,0,0
CUST-002382,2022-03-01,33,month_to_month,electronic_check,dsl,south,58.0,1940.5,,1,7.5,True,False,3,1
CUST-000255,2021-06-20,46,month_to_month,mailed_check,fiber,south,70.89,3113.56,38172.0,1,7.1,True,False,1,1
CUST-001786,2023-02-10,3,month_to_month,credit_card,dsl,west,50.69,158.1,,1,4.4,True,False,3,1
CUST-002652,2020-07-30,45,month_to_month,credit_card,fiber,north,90.01,4006.27,12251.0,1,7.2,True,True,0,0
CUST-002895,2021-01-11,26,two_year,bank_transfer,dsl,north,52.46,1339.69,23399.0,1,6.2,True,True,0,0
CUST-002941,2022-01-12,45,one_year,credit_card,none,south,15.89,696.21,17592.0,0,5.4,True,False,0,0
CUST-000717,2021-02-17,32,month_to_month,electronic_check,fiber,north,82.16,2522.28,39958.0,3,8.2,False,False,0,0
CUST-000893,2022-11-14,44,month_to_month,credit_card,fiber,south,67.0,3115.35,,2,6.6,True,True,3,1
CUST-000056,2023-06-14,54,month_to_month,credit_card,fiber,south,68.52,3491.24,39904.0,1,3.7,True,False,5,1
CUST-000068,2020-06-02,16,month_to_month,credit_card,dsl,south,57.5,943.1,40284.0,2,6.8,True,False,0,0
CUST-000435,2022-05-31,40,month_to_month,mailed_check,dsl,east,47.98,1903.21,30987.0,0,5.9,True,False,0,0
CUST-001572,2023-09-04,43,two_year,bank_transfer,none,north,15.99,683.35,82873.0,0,7.1,False,True,0,0
CUST-002009,2020-05-18,64,month_to_month,credit_card,none,east,19.19,1227.26,46920.0,2,8.2,True,False,0,0
CUST-000410,2020-03-03,61,two_year,credit_card,dsl,north,40.71,2476.38,68010.0,2,7.1,True,False,0,0
CUST-000825,2023-01-16,60,one_year,electronic_check,dsl,south,69.87,3974.31,35546.0,3,7.3,True,True,0,0
CUST-002006,2022-03-22,33,month_to_month,bank_transfer,fiber,north,69.38,2406.43,56844.0,3,4.3,False,True,0,0
CUST-002325,2021-08-12,15,month_to_month,credit_card,fiber,east,84.43,1344.74,69159.0,3,9.9,False,False,0,0
CUST-002026,2023-08-20,14,month_to_month,bank_transfer,fiber,north,86.49,1251.26,,1,6.1,True,True,1,1
CUST-001660,2023-10-20,3,month_to_month,electronic_check,fiber,east,89.07,266.6,102896.0,1,6.8,True,True,0,0
CUST-000804,2021-04-11,20,month_to_month,credit_card,none,west,34.23,653.35,93471.0,3,3.8,True,True,0,0
CUST-001630,2023-04-28,15,two_year,electronic_check,dsl,west,40.64,583.73,128849.0,3,7.5,False,False,0,0
CUST-000803,2020-10-01,43,month_to_month,electronic_check,fiber,north,80.58,3519.31,14127.0,3,8.7,True,True,0,0
CUST-001763,2023-03-27,56,month_to_month,electronic_check,fiber,north,73.85,4339.75,120696.0,2,7.2,False,False,0,0
CUST-000822,2022-11-24,10,month_to_month,credit_card,fiber,north,74.93,735.1,,2,9.3,True,True,0,0
CUST-000171,2020-07-06,19,month_to_month,electronic_check,dsl,south,43.97,837.02,8775.0,4,4.6,False,False,2,1
CUST-002529,2023-07-07,41,two_year,credit_card,fiber,north,58.48,2564.77,80053.0,0,2.8,True,True,0,0
CUST-002847,2021-07-04,34,month_to_month,credit_card,none,north,30.82,952.53,96680.0,3,8.8,False,True,0,0
CUST-001452,2022-01-21,55,one_year,mailed_check,dsl,east,51.72,2679.93,36163.0,0,3.9,True,True,0,0
CUST-002039,2022-12-23,16,month_to_month,electronic_check,dsl,south,72.91,1155.55,34684.0,1,4.8,True,False,5,1
CUST-000402,2022-11-16,36,one_year,mailed_check,fiber,north,78.04,3066.9,133669.0,1,8.2,False,False,0,0
CUST-000138,2020-09-12,27,two_year,electronic_check,dsl,east,56.55,1543.1,58568.0,0,5.6,True,True,5,1
CUST-002302,2020-06-05,22,month_to_month,credit_card,fiber,south,68.73,1495.2,42210.0,2,5.6,True,False,3,1
CUST-002964,2022-02-08,69,month_to_month,mailed_check,fiber,east,65.6,4375.49,24723.0,2,6.7,False,True,0,0
CUST-001473,2021-02-27,4,two_year,credit_card,none,north,27.84,105.25,291885.0,2,6.1,False,False,0,0
CUST-000858,2023-08-03,21,month_to_month,bank_transfer,dsl,west,55.64,1124.47,34767.0,2,10.0,True,True,4,1
CUST-001269,2020-02-17,4,month_to_month,mailed_check,none,south,15.0,63.41,22604.0,2,8.8,False,False,0,0
CUST-002069,2023-03-15,16,one_year,bank_transfer,dsl,east,76.76,1206.06,46386.0,0,4.7,False,False,0,0
CUST-001739,2023-07-08,23,month_to_month,electronic_check,dsl,east,61.82,1466.68,43318.0,2,7.0,False,False,0,0
CUST-000144,2020-08-12,19,month_to_month,electronic_check,dsl,west,77.34,1485.71,52810.0,1,5.4,True,False,0,0
CUST-001100,2022-11-20,8,month_to_month,mailed_check,dsl,west,56.26,453.4,37418.0,1,7.4,False,False,0,0
CUST-002494,2021-12-01,63,month_to_month,mailed_check,fiber,east,90.12,5527.49,52065.0,2,8.1,True,True,0,0
CUST-000992,2020-05-24,23,two_year,bank_transfer,fiber,east,64.58,1477.55,,1,5.4,False,True,0,0
CUST-002103,2023-04-04,23,month_to_month,credit_card,dsl,west,68.2,1602.84,11323.0,3,4.8,True,True,4,1
CUST-000748,2023-03-11,13,month_to_month,bank_transfer,dsl,west,34.56,461.73,78799.0,2,7.5,True,True,0,0
CUST-002575,2023-10-01,35,one_year,credit_card,dsl,south,48.7,1576.53,125482.0,1,6.0,False,False,0,0
CUST-002374,2023-07-06,39,one_year,electronic_check,dsl,north,52.63,2117.94,89416.0,1,8.7,True,False,0,0
CUST-002518,2021-06-24,3,two_year,electronic_check,dsl,east,38.64,101.39,115845.0,0,6.2,True,True,0,0
CUST-000183,2022-11-14,17,one_year,credit_card,fiber,west,75.34,1320.41,13823.0,1,4.6,False,False,3,1
CUST-001072,2020-09-10,55,one_year,electronic_check,dsl,south,57.75,3097.04,23917.0,2,3.9,True,True,0,0
CUST-002337,2021-12-02,18,one_year,credit_card,fiber,north,66.64,1086.45,,0,5.5,True,True,0,0
CUST-001273,2020-09-15,35,month_to_month,electronic_check,dsl,south,48.03,1737.67,37934.0,0,5.5,True,True,0,0
CUST-001058,2022-01-14,39,month_to_month,electronic_check,dsl,south,40.65,1427.24,52045.0,3,7.4,True,True,5,1
CUST-001943,2023-01-19,64,one_year,credit_card,fiber,north,72.56,4620.04,41657.0,0,7.0,True,True,0,0
CUST-002768,2022-11-16,8,month_to_month,credit_card,dsl,north,35.79,281.19,99742.0,5,8.0,True,True,0,0
CUST-001560,2022-03-12,22,two_year,credit_card,dsl,east,53.78,1217.77,23666.0,1,6.4,False,True,0,0
CUST-002104,2022-11-21,63,month_to_month,electronic_check,dsl,west,75.4,4926.12,72676.0,3,5.5,True,True,0,0
CUST-002391,2020-10-06,23,one_year,mailed_check,fiber,east,60.6,1332.44,126997.0,1,4.7,False,False,3,1
CUST-001655,2021-01-22,17,one_year,credit_card,dsl,east,64.62,1225.23,38622.0,0,6.0,False,True,3,1
CUST-002823,2023-05-17,5,one_year,electronic_check,dsl,west,49.17,242.7,116116.0,3,10.0,True,False,5,1
CUST-000378,2023-07-09,27,month_to_month,mailed_check,fiber,north,68.61,1864.21,100506.0,0,5.4,True,False,4,1
CUST-001000,2021-01-01,4,two_year,electronic_check,dsl,west,72.7,294.11,47493.0,0,8.2,False,False,0,0
CUST-001234,2020-10-22,29,two_year,credit_card,dsl,east,34.33,1057.79,61349.0,0,5.4,False,True,0,0
CUST-000626,2022-09-07,67,two_year,electronic_check,dsl,north,53.41,3625.78,24756.0,0,8.5,True,True,0,0
CUST-001248,2021-03-30,67,one_year,credit_card,fiber,north,86.45,5971.35,46629.0,1,5.0,False,False,0,0
CUST-002645,2020-02-15,44,one_year,credit_card,fiber,east,51.26,2387.88,24289.0,0,5.2,True,True,0,0
CUST-000275,2022-10-02,44,month_to_month,credit_card,none,east,15.0,658.53,97408.0,0,5.0,True,False,3,1
CUST-002969,2021-08-25,53,one_year,credit_card,fiber,north,75.34,3995.44,18498.0,0,5.4,True,False,0,0
CUST-002081,2021-06-30,72,month_to_month,credit_card,dsl,south,48.34,3277.23,46233.0,1,7.5,True,True,0,0
CUST-002036,2020-06-26,55,month_to_month,electronic_check,fiber,west,65.89,3464.4,108043.0,3,8.1,True,True,0,0
CUST-001121,2022-12-19,57,one_year,credit_card,dsl,south,70.8,4040.73,46890.0,1,9.4,True,True,0,0
CUST-002105,2021-05-21,52,two_year,electronic_check,fiber,east,70.72,4132.92,21186.0,1,6.7,False,True,0,0
CUST-002436,2020-11-05,17,month_to_month,electronic_check,dsl,east,47.83,775.78,44801.0,1,10.0,True,True,0,0
CUST-001151,2023-02-17,21,month_to_month,bank_transfer,dsl,west,33.78,682.49,,0,5.9,True,True,5,1
CUST-002027,2022-10-05,70,one_year,electronic_check,fiber,south,86.12,6185.84,23982.0,0,7.4,False,False,0,0
CUST-001648,2021-12-25,44,month_to_month,bank_transfer,dsl,north,62.05,2873.83,,4,8.3,False,True,0,0
CUST-002101,2022-01-23,24,one_year,credit_card,dsl,east,51.11,1176.68,109461.0,0,8.2,False,False,0,0
CUST-002615,2022-11-09,5,month_to_month,mailed_check,dsl,east,52.26,233.45,46461.0,2,10.0,True,False,0,0
CUST-000299,2022-11-13,10,one_year,electronic_check,none,south,20.26,208.85,48250.0,2,6.5,False,True,0,0
CUST-002553,2021-02-23,37,month_to_month,electronic_check,dsl,east,38.39,1516.56,92277.0,3,9.3,False,True,1,0
CUST-000247,2023-10-22,68,month_to_month,bank_transfer,dsl,west,41.74,2807.8,26303.0,1,6.2,False,True,0,0
CUST-002549,2023-02-13,49,two_year,credit_card,fiber,west,56.89,2728.53,,1,5.7,True,True,0,0
CUST-001889,2023-01-06,67,two_year,bank_transfer,fiber,north,78.3,5267.66,31099.0,1,8.2,True,True,0,0
CUST-002935,2020-11-01,61,month_to_month,bank_transfer,fiber,south,74.28,4879.39,11859.0,1,4.7,True,False,3,1
CUST-001549,2021-09-02,50,month_to_month,electronic_check,fiber,north,78.8,3998.61,19584.0,1,9.0,True,True,0,0
CUST-001160,2023-02-17,21,one_year,mailed_check,fiber,west,83.32,1801.42,91454.0,0,6.3,False,True,0,0
CUST-000548,2022-03-16,31,two_year,electronic_check,fiber,north,65.22,2084.78,15813.0,0,5.6,True,True,0,0
CUST-002691,2020-08-30,67,one_year,bank_transfer,fiber,east,86.08,5367.98,42890.0,1,5.3,False,True,0,0
CUST-001307,2020-06-12,24,month_to_month,credit_card,dsl,north,43.61,1073.71,,3,6.8,True,False,4,1
CUST-002455,2022-06-30,7,one_year,credit_card,dsl,south,44.91,302.98,23573.0,0,8.4,False,True,0,0
CUST-002762,2023-01-07,14,two_year,electronic_check,fiber,west,81.31,1065.15,,0,7.8,True,True,0,0
CUST-002225,2022-08-02,14,one_year,electronic_check,fiber,north,81.99,1096.68,38374.0,1,5.8,False,False,0,0
CUST-000240,2023-08-22,12,one_year,mailed_check,fiber,south,68.19,780.34,66299.0,1,7.4,True,True,4,1
CUST-000760,2020-09-28,2,month_to_month,mailed_check,fiber,north,74.22,150.38,22322.0,2,10.0,False,True,2,1
CUST-001622,2022-07-30,18,month_to_month,bank_transfer,fiber,east,90.89,1665.58,17145.0,1,3.4,True,True,1,1
CUST-002723,2022-03-16,55,month_to_month,credit_card,fiber,south,73.61,4000.78,39707.0,4,7.5,True,False,2,1
CUST-001178,2020-04-27,29,two_year,credit_card,fiber,east,62.49,1938.64,92828.0,0,6.0,False,True,0,0
CUST-001430,2022-02-26,45,two_year,bank_transfer,fiber,east,75.71,3026.79,66810.0,0,7.5,False,True,0,0
CUST-002657,2021-09-09,20,one_year,electronic_check,dsl,west,54.56,1046.11,17535.0,0,7.5,True,True,0,0
CUST-002447,2021-05-19,49,month_to_month,bank_transfer,fiber,east,74.57,3592.54,116338.0,1,9.0,True,True,0,0
CUST-000806,2020-09-16,32,one_year,electronic_check,dsl,south,40.7,1249.66,75405.0,0,7.9,True,False,0,0
CUST-000394,2020-01-29,45,month_to_month,credit_card,none,west,38.24,1698.65,78912.0,3,6.8,True,False,0,0
CUST-002333,2023-02-01,71,month_to_month,credit_card,dsl,west,50.49,3434.48,52442.0,3,4.0,True,True,0,0
CUST-001226,2023-01-21,41,month_to_month,credit_card,fiber,east,65.16,2757.86,11338.0,1,6.7,False,False,4,1
CUST-000731,2022-08-13,16,month_to_month,bank_transfer,dsl,west,47.04,745.28,20748.0,3,8.7,True,True,2,1
CUST-001517,2022-03-30,14,one_year,mailed_check,fiber,west,61.51,843.46,88407.0,0,7.8,False,False,0,0
CUST-002371,2021-06-20,5,month_to_month,bank_transfer,fiber,east,69.77,385.66,,2,3.0,True,False,4,1
CUST-002594,2022-08-15,27,month_to_month,credit_card,fiber,east,62.76,1832.61,66080.0,3,8.2,True,False,0,0
CUST-002959,2022-12-09,20,one_year,bank_transfer,fiber,west,68.16,1399.9,20351.0,0,5.0,True,True,0,0
CUST-002630,2022-09-01,17,month_to_month,electronic_check,fiber,west,68.15,1104.89,10372.0,1,8.1,True,True,0,0
CUST-000819,2021-11-17,44,month_to_month,credit_card,fiber,west,85.37,3415.16,28805.0,0,3.7,True,True,1,0
CUST-000624,2022-12-09,53,one_year,bank_transfer,dsl,east,51.52,2572.03,,1,10.0,True,True,0,0
CUST-000192,2020-10-15,26,two_year,mailed_check,none,south,35.49,881.54,58580.0,0,4.6,True,False,0,0
CUST-002247,2020-03-19,35,month_to_month,credit_card,fiber,east,74.83,2672.4,18998.0,3,5.4,True,False,4,1
CUST-002783,2023-02-10,19,two_year,electronic_check,fiber,east,76.19,1409.47,47638.0,3,8.2,False,True,0,0
CUST-000371,2021-08-01,60,one_year,credit_card,fiber,west,82.61,5276.22,78054.0,0,5.2,True,True,0,0
CUST-001129,2022-05-05,42,month_to_month,mailed_check,fiber,east,84.94,3288.67,122589.0,2,9.1,True,True,0,0
CUST-000587,2023-06-13,65,one_year,electronic_check,none,west,25.07,1509.45,43518.0,1,4.6,True,True,0,0
CUST-002116,2021-12-29,52,two_year,electronic_check,fiber,north,83.19,4438.03,,0,8.2,True,False,0,0
CUST-000702,2021-03-31,49,month_to_month,credit_card,dsl,south,60.05,2999.79,,4,7.1,False,True,0,0
CUST-002776,2023-05-18,65,month_to_month,bank_transfer,fiber,north,73.31,4710.41,50291.0,3,5.8,True,False,0,0
CUST-002840,2020-03-09,67,month_to_month,credit_card,dsl,east,43.07,2751.37,29608.0,1,9.1,False,False,0,0
CUST-002151,2020-07-30,44,month_to_month,bank_transfer,none,west,15.0,706.46,51030.0,3,9.5,False,False,0,0
CUST-002045,2022-10-22,59,one_year,credit_card,fiber,east,59.69,3544.72,66234.0,2,5.6,False,False,0,0
CUST-000465,2020-09-02,38,two_year,electronic_check,fiber,north,78.1,2954.42,82450.0,0,7.3,True,True,0,0
CUST-002349,2021-04-12,26,month_to_month,bank_transfer,dsl,east,65.99,1693.58,40190.0,2,7.8,True,True,0,0
CUST-002928,2020-05-10,29,one_year,electronic_check,dsl,south,50.19,1483.18,34724.0,0,9.4,False,False,0,0
CUST-001205,2023-07-24,48,month_to_month,bank_transfer,fiber,south,81.9,4030.97,84504.0,1,6.3,True,True,0,0
CUST-001834,2020-06-24,20,month_to_month,electronic_check,dsl,north,50.2,961.87,,2,5.4,True,True,4,1
CUST-002390,2020-06-14,27,month_to_month,mailed_check,dsl,south,57.19,1375.79,34471.0,1,10.0,True,True,0,0
CUST-002326,2023-01-08,23,month_to_month,electronic_check,dsl,east,52.45,1197.36,48167.0,1,7.9,True,False,0,0
CUST-000301,2022-12-02,39,month_to_month,mailed_check,fiber,west,80.43,3087.13,,1,5.9,False,True,0,0
CUST-000986,2020-06-16,1,month_to_month,electronic_check,fiber,west,79.28,82.88,24251.0,0,5.2,False,False,0,0
CUST-002180,2020-11-02,4,month_to_month,electronic_check,fiber,east,75.92,324.61,46939.0,0,8.2,True,True,0,0
CUST-000039,2020-03-28,12,month_to_month,electronic_check,none,west,20.13,223.89,80542.0,1,4.7,True,True,1,1
CUST-000017,2021-02-12,56,month_to_month,bank_transfer,fiber,west,84.03,4866.59,57325.0,1,10.0,True,False,0,0
CUST-002073,2020-03-09,28,month_to_month,credit_card,fiber,east,83.54,2173.8,30120.0,0,8.3,True,False,0,0
CUST-002884,2022-02-18,5,one_year,mailed_check,dsl,north,57.05,290.39,30543.0,1,10.0,False,False,0,0
CUST-000075,2022-09-09,8,one_year,credit_card,dsl,east,47.02,370.18,88415.0,1,6.1,True,False,0,0
CUST-000547,2020-03-12,52,month_to_month,mailed_check,dsl,south,56.63,2684.39,46651.0,2,5.9,True,False,0,0
CUST-000495,2023-08-15,62,one_year,credit_card,fiber,south,101.11,6755.59,55263.0,1,8.7,True,False,0,0
CUST-000392,2021-12-01,11,month_to_month,electronic_check,none,north,15.14,173.14,27397.0,2,5.1,True,True,1,1
CUST-002779,2023-08-10,51,two_year,bank_transfer,none,west,30.66,1686.73,29407.0,1,5.9,True,False,0,0
CUST-002259,2022-12-04,27,two_year,mailed_check,fiber,east,79.55,2283.66,25790.0,2,5.2,True,False,0,0
CUST-002864,2023-05-19,40,two_year,electronic_check,fiber,north,82.89,3187.91,309996.0,1,5.6,True,True,1,1
CUST-002214,2022-04-23,22,month_to_month,electronic_check,dsl,south,59.04,1323.77,106438.0,2,4.4,True,True,2,1
CUST-002465,2022-05-11,36,one_year,bank_transfer,none,north,17.99,689.85,35777.0,0,6.7,False,True,0,0
CUST-002129,2020-04-24,61,month_to_month,electronic_check,none,north,15.0,956.79,82113.0,1,4.6,False,False,0,0
CUST-002095,2020-03-16,69,month_to_month,credit_card,dsl,south,63.5,4390.51,17841.0,0,6.0,False,True,0,0
CUST-000107,2021-07-27,44,month_to_month,bank_transfer,fiber,north,59.33,2747.57,73767.0,4,4.9,True,False,0,0
CUST-002348,2021-07-13,37,one_year,credit_card,fiber,north,67.42,2555.61,46511.0,4,5.1,True,False,5,1
CUST-000597,2023-08-05,37,month_to_month,credit_card,fiber,north,70.4,2746.95,76651.0,2,7.8,True,False,0,0
CUST-000057,2021-02-20,68,month_to_month,bank_transfer,fiber,east,96.18,7097.47,39883.0,1,8.9,True,False,0,0
CUST-000891,2023-11-29,46,one_year,credit_card,fiber,north,59.93,2657.23,30915.0,0,7.0,False,False,0,0
CUST-002577,2020-03-23,34,two_year,credit_card,fiber,east,74.76,2529.33,22016.0,2,9.0,False,True,0,0
CUST-002834,2020-10-06,26,one_year,credit_card,dsl,west,42.19,1026.58,106742.0,2,6.2,False,False,0,0
CUST-000739,2023-05-13,67,two_year,credit_card,fiber,west,74.38,4838.77,347120.0,0,7.0,True,False,0,0
CUST-002520,2022-04-13,2,month_to_month,mailed_check,none,east,28.72,54.12,,5,7.8,True,False,3,1
CUST-002293,2022-01-01,4,month_to_month,electronic_check,fiber,east,88.28,328.92,53646.0,2,3.6,True,False,2,1
CUST-001663,2022-01-27,8,month_to_month,bank_transfer,none,east,28.27,229.71,40405.0,2,8.0,False,False,0,0
CUST-002503,2022-10-10,10,month_to_month,bank_transfer,dsl,west,38.98,389.32,71686.0,3,7.5,True,False,0,0
CUST-001063,2020-03-10,62,one_year,bank_transfer,dsl,south,71.82,4197.36,80831.0,1,10.0,True,False,0,0
CUST-002417,2020-04-18,37,month_to_month,electronic_check,fiber,north,88.11,3368.04,57599.0,2,7.8,False,True,3,1
CUST-001678,2020-04-29,59,month_to_month,bank_transfer,dsl,north,49.32,2677.53,21322.0,0,4.7,True,False,3,1
CUST-002215,2020-11-17,44,month_to_month,credit_card,fiber,east,61.43,2845.42,56842.0,3,6.9,True,False,0,0
CUST-002479,2022-10-19,24,one_year,electronic_check,fiber,north,87.16,2086.38,,2,7.3,True,False,0,0
CUST-001182,2023-12-26,7,one_year,credit_card,fiber,north,61.19,432.54,138138.0,1,6.0,True,True,3,1
CUST-001969,2021-08-05,5,month_to_month,electronic_check,none,south,16.73,83.5,71777.0,2,7.0,False,True,0,0
CUST-002579,2022-05-10,17,one_year,credit_card,fiber,south,69.1,1204.6,84956.0,1,8.1,False,True,0,0
CUST-002735,2021-06-20,10,month_to_month,credit_card,dsl,west,41.76,411.29,71083.0,4,6.1,True,True,5,1
CUST-002294,2022-12-07,15,month_to_month,electronic_check,none,north,17.88,262.79,51164.0,2,4.6,False,True,0,0
CUST-001368,2021-03-12,69,one_year,mailed_check,fiber,west,74.63,5127.19,31928.0,0,10.0,False,False,0,0
CUST-001173,2021-06-27,23,two_year,electronic_check,dsl,south,53.63,1251.86,42779.0,0,10.0,False,True,0,0
CUST-000831,2022-04-18,6,one_year,bank_transfer,dsl,south,58.24,376.48,79495.0,0,6.0,False,True,0,0
CUST-000246,2023-05-18,2,month_to_month,credit_card,none,north,15.0,31.02,178146.0,2,8.7,True,False,0,0
CUST-002121,2022-05-03,44,two_year,credit_card,fiber,north,72.54,2990.29,30130.0,0,5.6,False,True,0,0
CUST-000016,2022-03-15,71,month_to_month,bank_transfer,none,east,28.74,2031.86,77562.0,2,3.7,True,False,0,0
CUST-000622,2020-09-16,50,two_year,electronic_check,fiber,north,58.1,3198.86,100390.0,0,3.7,True,False,0,0
CUST-002401,2023-12-27,59,one_year,electronic_check,dsl,north,62.53,3678.56,32713.0,0,7.6,True,True,0,0
CUST-000709,2020-09-01,49,one_year,credit_card,dsl,south,44.22,2163.5,,2,8.1,False,False,0,0
CUST-000146,2023-12-07,44,two_year,electronic_check,fiber,north,82.29,3780.73,134422.0,0,5.8,False,True,0,0
CUST-000727,2022-10-14,38,month_to_month,bank_transfer,dsl,north,64.58,2222.95,25738.0,2,6.2,False,True,0,0
CUST-000161,2021-10-12,37,two_year,bank_transfer,dsl,south,54.32,2026.54,,1,7.1,True,True,0,0
CUST-002625,2020-12-13,38,one_year,credit_card,fiber,east,75.12,2787.64,86364.0,1,4.3,False,False,3,1
CUST-000279,2020-09-22,41,two_year,credit_card,fiber,north,56.32,2243.9,94938.0,0,10.0,False,True,0,0
CUST-002254,2021-06-29,52,month_to_month,electronic_check,fiber,south,60.28,3265.97,54706.0,3,5.5,False,False,0,0
CUST-000750,2022-10-23,26,two_year,electronic_check,none,south,15.0,394.42,24523.0,0,5.4,True,True,0,0
CUST-000133,2020-11-14,3,month_to_month,credit_card,fiber,south,70.64,216.15,60314.0,2,6.5,True,True,5,1
CUST-001457,2021-09-11,22,month_to_month,electronic_check,fiber,west,74.3,1667.58,85213.0,3,8.4,True,True,3,1
CUST-002816,2023-10-10,29,month_to_month,electronic_check,fiber,east,67.62,1848.98,113413.0,1,7.3,True,False,0,0
CUST-001734,2021-12-01,14,month_to_month,credit_card,fiber,south,86.37,1212.3,46239.0,5,1.3,False,False,5,1
CUST-000681,2023-11-19,9,two_year,bank_transfer,dsl,south,49.06,449.96,55483.0,1,6.1,False,True,0,0
CUST-000959,2022-08-17,14,month_to_month,credit_card,none,south,26.45,379.09,84704.0,1,10.0,True,False,0,0
CUST-001467,2021-02-05,4,one_year,credit_card,fiber,south,80.21,281.18,41523.0,0,4.1,True,True,0,0
CUST-002995,2022-02-18,6,month_to_month,electronic_check,fiber,east,60.77,390.39,49352.0,1,4.4,True,False,3,1
CUST-000917,2023-12-16,62,two_year,electronic_check,none,north,24.72,1534.63,89414.0,0,5.4,True,False,0,0
CUST-000638,2022-07-15,21,one_year,bank_transfer,fiber,south,79.93,1594.74,32497.0,0,7.0,True,True,0,0
CUST-002257,2021-08-08,10,month_to_month,electronic_check,fiber,west,73.82,677.25,96826.0,1,6.8,True,False,2,1
CUST-001171,2020-09-25,16,month_to_month,mailed_check,none,south,18.77,274.5,51601.0,0,5.2,False,False,0,0
CUST-000735,2023-05-28,42,one_year,bank_transfer,none,west,15.0,652.14,63474.0,1,5.3,True,False,0,0
CUST-000185,2022-06-12,1,month_to_month,bank_transfer,dsl,west,54.17,53.05,48045.0,1,6.2,True,False,0,0
CUST-001790,2021-05-25,18,month_to_month,electronic_check,none,east,15.0,266.59,50405.0,4,8.8,False,False,0,0
CUST-002189,2021-06-26,62,one_year,bank_transfer,fiber,north,65.55,4029.49,32316.0,0,6.6,True,False,2,1
CUST-001045,2023-04-29,69,month_to_month,credit_card,dsl,south,63.05,4319.59,70412.0,2,5.6,False,True,0,0
CUST-001811,2021-07-16,3,one_year,credit_card,fiber,west,78.64,234.63,44687.0,1,5.8,True,False,0,0
CUST-001049,2021-08-25,40,month_to_month,credit_card,none,west,25.23,1107.03,,1,8.1,False,True,0,0
CUST-001315,2023-07-24,41,month_to_month,bank_transfer,fiber,north,76.91,2942.47,52211.0,4,6.5,False,False,3,1
CUST-000343,2020-01-02,14,two_year,credit_card,none,north,15.0,210.94,10975.0,0,5.7,False,True,0,0
CUST-000320,2023-07-22,4,month_to_month,mailed_check,fiber,north,78.27,285.5,74808.0,3,8.0,False,True,0,0
CUST-002981,2022-05-08,48,month_to_month,credit_card,fiber,south,79.54,3811.72,80637.0,3,7.4,False,False,0,0
CUST-002339,2021-09-11,43,month_to_month,credit_card,fiber,north,79.05,3326.92,76691.0,3,8.1,False,False,0,0
CUST-000360,2023-02-20,35,month_to_month,electronic_check,dsl,west,32.32,1049.81,119824.0,1,5.7,False,False,0,0
CUST-002997,2020-01-02,47,one_year,electronic_check,fiber,north,84.17,4049.63,53641.0,2,7.3,True,False,0,0
CUST-001215,2020-02-03,34,month_to_month,electronic_check,fiber,west,82.07,3002.7,198678.0,3,5.0,False,True,5,1
CUST-001938,2022-12-04,59,month_to_month,electronic_check,none,north,15.0,890.43,49453.0,2,4.4,True,False,0,0
CUST-000996,2023-01-08,63,month_to_month,bank_transfer,dsl,south,35.13,2238.66,56568.0,1,6.3,True,True,0,0
CUST-001867,2021-08-18,9,month_to_month,electronic_check,dsl,south,67.69,598.59,,1,5.2,False,False,0,0
CUST-001709,2021-09-05,65,one_year,credit_card,dsl,west,37.73,2409.55,23170.0,0,4.6,True,False,0,0
CUST-000120,2023-05-30,67,month_to_month,credit_card,fiber,west,66.07,4485.63,,2,10.0,True,False,0,0
CUST-002663,2023-03-14,66,month_to_month,electronic_check,dsl,north,34.72,2263.89,33822.0,1,5.4,False,False,0,0
CUST-002875,2020-11-13,64,two_year,credit_card,none,south,32.18,2104.07,281611.0,1,6.5,True,True,1,1
CUST-001961,2021-11-18,49,month_to_month,electronic_check,dsl,north,49.71,2445.31,206699.0,2,6.7,False,False,0,0
CUST-002313,2021-03-24,45,month_to_month,mailed_check,dsl,west,53.03,2441.3,44419.0,2,7.9,True,False,0,0
CUST-002387,2021-05-03,25,one_year,mailed_check,dsl,south,48.6,1179.05,37600.0,0,3.7,False,True,4,1
CUST-002295,2023-05-31,41,month_to_month,credit_card,none,south,27.54,1026.89,102321.0,1,9.8,True,False,0,0
CUST-000798,2021-07-19,20,month_to_month,electronic_check,dsl,south,43.46,850.57,9013.0,1,1.7,True,True,0,0
CUST-002940,2020-03-10,11,month_to_month,credit_card,none,west,15.0,169.06,39859.0,1,2.8,True,False,0,0
CUST-002199,2023-03-10,23,month_to_month,bank_transfer,dsl,north,51.39,1187.92,98234.0,1,4.2,True,False,4,1
CUST-002963,2020-08-27,40,month_to_month,electronic_check,fiber,east,86.96,3361.66,66296.0,3,7.3,False,False,0,0
CUST-001888,2021-05-20,67,month_to_month,credit_card,dsl,east,61.97,3893.8,53041.0,3,7.5,False,True,0,0
CUST-001846,2022-04-13,49,one_year,bank_transfer,dsl,east,54.28,2670.52,71538.0,0,7.2,True,True,0,0
CUST-000512,2021-03-09,66,one_year,credit_card,dsl,north,56.29,3698.79,56135.0,2,8.8,False,False,0,0
CUST-002511,2021-07-08,56,month_to_month,electronic_check,fiber,east,76.2,4457.91,13162.0,1,7.4,True,True,0,0
CUST-001781,2022-04-01,40,month_to_month,bank_transfer,none,north,20.02,830.4,42660.0,1,10.0,True,False,0,0
CUST-000239,2020-03-08,28,month_to_month,credit_card,dsl,east,61.01,1808.15,74702.0,1,3.9,False,False,0,0
CUST-002318,2022-08-27,15,two_year,electronic_check,fiber,west,82.17,1213.64,68586.0,0,6.9,False,True,0,0
CUST-002053,2021-11-19,26,two_year,credit_card,fiber,south,62.61,1583.1,69336.0,2,6.8,True,False,0,0
CUST-001421,2021-01-21,66,month_to_month,credit_card,fiber,north,76.08,5013.56,125665.0,1,4.0,False,False,5,1
CUST-001165,2021-11-26,20,one_year,electronic_check,dsl,south,63.55,1234.02,72562.0,1,6.3,True,True,0,0
CUST-001407,2023-03-29,68,one_year,electronic_check,none,west,15.0,966.29,57684.0,1,5.1,True,False,0,0
CUST-000214,2022-12-27,63,month_to_month,electronic_check,none,west,27.89,1709.34,27280.0,3,4.6,False,False,0,0
CUST-001825,2023-06-26,41,two_year,electronic_check,fiber,north,75.63,3258.68,,2,1.3,True,True,0,0
CUST-000184,2020-10-30,51,month_to_month,bank_transfer,dsl,south,40.43,1961.2,46271.0,1,6.4,True,False,0,0
CUST-000501,2022-01-28,44,two_year,credit_card,fiber,north,71.62,3439.33,59844.0,2,8.7,True,True,0,0
CUST-001999,2022-12-29,9,month_to_month,electronic_check,fiber,north,87.93,791.1,,3,8.0,False,True,1,1
CUST-002050,2023-07-20,51,two_year,credit_card,none,east,15.0,756.31,24899.0,0,4.2,False,True,0,0
CUST-002147,2023-10-01,63,month_to_month,credit_card,dsl,north,49.44,3214.07,109967.0,3,9.5,False,False,0,0
CUST-002395,2021-01-20,24,month_to_month,electronic_check,dsl,east,43.5,1068.37,81851.0,0,9.2,False,False,0,0
CUST-000098,2022-10-29,8,month_to_month,bank_transfer,dsl,north,48.87,393.85,33879.0,4,5.3,False,False,1,1
CUST-000106,2023-06-13,13,one_year,bank_transfer,dsl,east,79.5,1070.75,82030.0,1,7.4,True,False,5,1
CUST-000177,2022-10-27,30,month_to_month,electronic_check,dsl,south,44.95,1431.45,47002.0,7,5.2,False,True,0,0
CUST-002598,2021-06-09,51,one_year,bank_transfer,none,north,23.93,1238.14,17389.0,1,4.9,True,False,0,0
CUST-002099,2022-08-02,35,one_year,bank_transfer,dsl,west,64.42,2357.02,46476.0,1,7.5,True,False,0,0
CUST-002600,2021-03-31,55,two_year,credit_card,fiber,south,69.16,4043.92,62739.0,0,7.9,False,False,0,0
CUST-000335,2020-01-04,48,month_to_month,electronic_check,dsl,north,71.95,3551.72,12964.0,1,7.2,True,False,0,0
CUST-001866,2021-01-03,2,one_year,bank_transfer,dsl,east,41.79,78.42,115526.0,2,8.8,True,False,0,0
CUST-001819,2023-11-12,36,month_to_month,electronic_check,fiber,east,72.65,2613.2,,1,6.8,True,False,4,1
CUST-001122,2022-10-11,3,one_year,electronic_check,none,west,26.08,78.95,39825.0,0,6.8,False,True,0,0
CUST-000489,2020-04-11,2,month_to_month,electronic_check,fiber,north,56.74,107.5,55914.0,2,6.6,True,True,0,0
CUST-001504,2022-07-07,44,one_year,bank_transfer,fiber,south,61.38,2640.14,80739.0,1,7.9,True,False,0,0
CUST-001065,2020-05-22,49,month_to_month,credit_card,fiber,north,71.51,3575.32,55209.0,5,7.3,True,True,1,1
CUST-000186,2023-07-11,27,month_to_month,electronic_check,fiber,west,70.7,1887.78,55013.0,1,10.0,True,False,0,0
CUST-002152,2020-04-24,45,one_year,credit_card,fiber,south,89.19,3960.46,74376.0,1,9.0,False,True,0,0
CUST-001132,2023-12-10,68,month_to_month,electronic_check,fiber,north,62.86,4513.01,103509.0,3,8.0,True,True,0,0
CUST-001625,2022-01-10,8,month_to_month,credit_card,none,east,15.0,121.81,20781.0,3,5.5,False,False,0,0
CUST-000835,2022-01-02,44,one_year,credit_card,fiber,north,68.3,3085.97,70048.0,0,4.2,True,False,0,0
CUST-002177,2021-09-06,13,month_to_month,electronic_check,fiber,east,83.82,1118.53,23970.0,1,5.7,False,False,5,1
CUST-001898,2023-03-16,44,two_year,electronic_check,dsl,west,45.6,2150.03,94780.0,1,7.3,True,True,0,0
CUST-002960,2023-05-01,35,one_year,credit_card,dsl,east,38.99,1437.88,76512.0,0,6.1,False,False,0,0
CUST-000428,2021-09-01,35,two_year,mailed_check,none,east,20.22,705.48,64269.0,0,9.9,True,False,0,0
CUST-000168,2020-05-27,46,month_to_month,bank_transfer,fiber,east,86.62,4009.66,45262.0,2,8.3,True,True,2,1
CUST-000445,2021-09-27,57,month_to_month,credit_card,dsl,west,56.31,2993.98,47955.0,0,8.7,False,False,0,0
CUST-000976,2021-05-21,62,one_year,electronic_check,none,north,29.45,1899.23,128318.0,0,6.0,True,True,0,0
CUST-001794,2022-08-11,9,month_to_month,bank_transfer,fiber,south,77.85,664.29,30073.0,2,9.5,True,True,4,1
CUST-000256,2020-04-23,42,one_year,credit_card,dsl,west,61.55,2681.2,30208.0,0,7.0,True,False,0,0
CUST-002301,2021-06-30,21,one_year,electronic_check,dsl,west,47.2,969.49,48176.0,1,10.0,True,False,4,1
CUST-002647,2020-04-29,15,month_to_month,electronic_check,none,south,27.19,413.72,48777.0,3,6.6,False,True,0,0
CUST-001762,2021-05-13,50,one_year,electronic_check,dsl,south,44.83,2510.99,,1,7.0,False,False,0,0
CUST-001963,2022-12-07,56,month_to_month,credit_card,dsl,north,36.91,2122.62,46364.0,3,3.2,True,False,0,0
CUST-000062,2020-12-04,50,month_to_month,electronic_check,dsl,east,40.38,1918.88,35167.0,1,7.6,True,True,0,0
CUST-000784,2020-06-06,71,month_to_month,bank_transfer,fiber,south,67.68,4901.08,124513.0,2,6.7,False,False,4,1
CUST-000630,2023-09-01,25,month_to_month,bank_transfer,fiber,east,73.05,1791.08,74081.0,2,7.9,True,False,0,0
CUST-000257,2022-08-13,25,one_year,electronic_check,none,north,24.5,592.08,46994.0,0,5.0,True,False,0,0
CUST-001390,2022-06-13,20,month_to_month,credit_card,fiber,south,73.77,1415.3,101038.0,4,9.0,False,False,1,1
CUST-002072,2021-05-19,68,month_to_month,credit_card,fiber,east,62.83,4157.08,85744.0,0,5.3,True,False,0,0
CUST-001662,2022-01-22,59,month_to_month,electronic_check,dsl,south,47.57,2595.18,56085.0,0,6.4,True,False,2,1
CUST-001301,2023-08-30,7,one_year,credit_card,dsl,north,59.19,416.41,12468.0,1,5.3,True,True,0,0
CUST-000199,2020-06-07,51,one_year,electronic_check,fiber,west,73.61,3512.49,112388.0,0,4.6,False,False,0,0
CUST-000461,2022-02-21,3,month_to_month,mailed_check,dsl,west,41.12,120.46,59667.0,1,8.7,False,False,0,0
CUST-001753,2023-07-20,10,month_to_month,credit_card,dsl,north,45.11,442.27,29357.0,2,5.7,True,True,3,1
CUST-000980,2023-03-06,51,month_to_month,electronic_check,none,north,15.0,747.34,41893.0,1,6.0,True,False,0,0
CUST-000794,2022-05-01,29,month_to_month,credit_card,dsl,north,54.94,1557.12,135809.0,3,8.8,True,True,0,0
CUST-001150,2022-01-01,56,one_year,bank_transfer,none,east,15.0,872.48,84856.0,0,6.3,True,True,0,0
CUST-000515,2023-06-01,58,one_year,credit_card,dsl,east,56.83,3056.24,77059.0,2,6.5,True,False,0,0
CUST-001358,2023-12-22,44,one_year,bank_transfer,fiber,south,82.37,3713.89,89343.0,3,3.6,True,False,1,1
CUST-002965,2021-11-14,42,month_to_month,bank_transfer,fiber,west,76.32,3109.79,21254.0,1,6.6,False,True,1,1
CUST-002554,2023-09-12,7,month_to_month,credit_card,fiber,west,85.7,584.79,,1,6.1,False,False,1,1
CUST-002817,2021-11-05,65,one_year,electronic_check,fiber,east,73.94,4621.52,32625.0,0,5.1,True,True,0,0
CUST-002220,2020-12-20,50,month_to_month,bank_transfer,dsl,south,44.97,2421.63,31539.0,2,4.8,True,False,4,1
CUST-000532,2022-01-27,59,month_to_month,electronic_check,dsl,east,51.08,2959.34,33510.0,0,9.0,True,False,0,0
CUST-002761,2022-11-16,9,two_year,bank_transfer,fiber,north,72.9,608.16,94437.0,1,5.7,True,False,5,1
CUST-002115,2021-08-05,64,one_year,credit_card,dsl,south,46.51,3080.73,,2,6.3,True,False,0,0
CUST-000902,2022-01-04,24,two_year,mailed_check,none,south,25.09,565.67,43423.0,0,7.9,True,False,0,0
CUST-002046,2020-05-23,64,month_to_month,mailed_check,dsl,west,42.2,2689.0,24843.0,2,7.1,True,True,0,0
CUST-002632,2020-10-14,61,two_year,credit_card,fiber,west,83.28,5054.79,95559.0,0,6.4,True,True,0,0
CUST-000085,2022-08-04,40,one_year,mailed_check,fiber,west,66.48,2611.46,41633.0,1,6.2,True,False,0,0
CUST-000258,2020-03-02,14,two_year,bank_transfer,fiber,east,81.38,1118.79,37347.0,2,8.6,False,True,0,0
CUST-001489,2021-08-08,50,month_to_month,mailed_check,fiber,west,77.97,4063.33,73594.0,3,9.4,True,False,3,1
CUST-002161,2022-11-05,40,two_year,bank_transfer,dsl,north,58.85,2524.31,59859.0,0,9.4,True,False,0,0
CUST-002410,2020-10-19,62,one_year,bank_transfer,fiber,north,89.04,5264.77,30221.0,0,8.9,False,False,0,0
CUST-002107,2021-08-11,53,month_to_month,bank_transfer,none,west,34.12,1690.86,36488.0,1,7.2,True,False,2,1
CUST-001874,2020-05-03,44,month_to_month,mailed_check,none,east,15.0,662.0,69742.0,0,6.9,True,False,4,1
CUST-001003,2023-11-10,46,one_year,electronic_check,fiber,west,64.87,2855.67,75915.0,1,1.0,False,False,3,1
CUST-001076,2020-09-13,14,two_year,credit_card,fiber,north,71.35,1015.82,,0,5.8,False,True,5,1
CUST-000459,2022-09-21,22,month_to_month,electronic_check,dsl,south,61.68,1457.75,,2,7.1,True,False,2,1
CUST-000704,2021-11-24,68,month_to_month,credit_card,dsl,east,43.26,2970.57,96982.0,2,6.7,True,True,0,0
CUST-000703,2022-03-07,38,month_to_month,credit_card,dsl,east,67.68,2753.03,79028.0,3,7.1,True,False,0,0
CUST-002440,2020-10-14,42,two_year,bank_transfer,dsl,east,52.47,2322.27,66219.0,2,6.1,False,True,1,1
CUST-001681,2023-10-14,29,one_year,mailed_check,fiber,south,80.02,2548.72,118320.0,0,7.6,False,False,0,0
CUST-000003,2022-10-21,12,one_year,electronic_check,dsl,south,52.6,640.09,68219.0,1,6.6,True,False,0,0
CUST-002555,2021-03-06,23,two_year,credit_card,fiber,north,100.68,2353.27,413691.0,0,7.5,True,True,0,0
CUST-001239,2020-06-28,28,month_to_month,credit_card,dsl,east,51.99,1481.08,202637.0,2,8.5,True,False,0,0
CUST-001337,2023-12-18,32,month_to_month,credit_card,dsl,south,52.14,1630.35,21843.0,1,5.8,True,True,0,0
CUST-002383,2020-10-22,20,month_to_month,bank_transfer,none,east,25.82,526.49,69447.0,0,6.9,True,False,0,0
CUST-001916,2021-02-05,29,month_to_month,credit_card,fiber,west,63.05,1888.81,64889.0,3,8.0,False,False,2,1
CUST-000715,2023-04-06,71,month_to_month,credit_card,dsl,east,58.64,4305.09,76973.0,2,7.2,True,True,0,0
CUST-002346,2021-06-28,5,two_year,mailed_check,fiber,north,61.34,333.78,133997.0,0,7.1,True,False,2,1
CUST-002848,2023-07-30,23,month_to_month,mailed_check,dsl,east,59.6,1325.0,49566.0,2,9.5,True,True,2,1
CUST-002765,2022-01-06,40,month_to_month,credit_card,none,east,20.73,880.4,56598.0,2,8.3,True,True,0,0
CUST-001029,2021-05-22,37,month_to_month,electronic_check,fiber,north,75.62,2696.78,16172.0,0,5.2,True,True,0,0
CUST-002212,2020-06-15,40,month_to_month,electronic_check,dsl,south,43.68,1682.58,40461.0,3,6.0,True,False,0,0
CUST-001153,2020-09-21,34,one_year,electronic_check,fiber,north,54.23,1864.73,117782.0,4,9.3,True,False,0,0
CUST-002687,2020-07-08,68,month_to_month,electronic_check,none,west,21.55,1426.7,144005.0,2,10.0,False,False,0,0
CUST-002296,2021-08-25,27,month_to_month,electronic_check,dsl,south,62.57,1629.95,49497.0,0,6.5,True,True,0,0
CUST-001450,2022-07-15,57,one_year,electronic_check,dsl,north,62.64,3490.66,245986.0,1,3.2,True,True,2,1
CUST-000783,2021-12-20,71,one_year,credit_card,fiber,west,79.02,5493.55,50828.0,1,8.8,True,False,0,0
CUST-000313,2020-10-25,58,one_year,credit_card,fiber,south,77.87,4267.76,,1,6.4,True,False,0,0
CUST-001955,2021-04-23,4,two_year,electronic_check,dsl,west,36.22,134.89,38284.0,0,10.0,True,False,0,0
CUST-002755,2021-03-31,8,one_year,electronic_check,none,south,15.0,121.38,43639.0,1,5.3,True,False,0,0
CUST-001639,2022-05-01,12,month_to_month,electronic_check,fiber,north,70.41,831.0,59411.0,1,6.8,True,True,0,0
CUST-002041,2023-03-16,21,two_year,bank_transfer,none,east,19.06,408.64,48934.0,1,3.6,True,True,0,0
CUST-000723,2023-03-12,18,month_to_month,credit_card,dsl,north,52.78,934.38,74177.0,2,5.1,True,True,0,0
CUST-001634,2021-02-19,8,month_to_month,crypto_wallet,dsl,south,50.35,403.24,46650.0,1,3.7,True,True,0,0
CUST-001764,2022-07-26,39,month_to_month,bank_transfer,fiber,north,75.67,2947.6,41061.0,2,5.9,False,False,2,1
CUST-002819,2022-07-02,22,one_year,credit_card,none,north,21.3,489.42,60057.0,1,6.6,False,True,0,0
CUST-000384,2022-03-24,13,one_year,credit_card,dsl,south,36.81,488.35,42051.0,1,5.0,False,False,0,0
CUST-000955,2021-04-03,67,two_year,electronic_check,dsl,east,56.65,3698.44,106694.0,2,5.7,False,True,0,0
CUST-000679,2022-04-24,33,two_year,bank_transfer,fiber,south,64.24,2016.62,158889.0,0,9.2,True,True,0,0
CUST-002317,2023-01-14,36,two_year,credit_card,fiber,east,81.41,2822.65,,1,5.5,True,True,3,1
CUST-000348,2023-08-16,6,month_to_month,electronic_check,none,south,32.37,203.67,,1,6.3,True,False,0,0
CUST-001802,2021-01-09,52,month_to_month,credit_card,fiber,north,60.9,3268.16,23700.0,5,6.3,False,False,0,0
CUST-001157,2023-06-11,6,month_to_month,electronic_check,dsl,west,55.7,352.73,47016.0,2,6.8,True,True,0,0
CUST-001743,2022-01-16,34,month_to_month,electronic_check,dsl,north,57.46,1932.62,49803.0,1,5.1,True,True,0,0
CUST-002648,2021-01-13,48,month_to_month,electronic_check,fiber,east,92.06,4546.79,56235.0,4,5.9,False,False,4,1
CUST-002358,2022-08-18,12,two_year,bank_transfer,none,north,26.16,309.73,59689.0,1,3.7,True,True,0,0
CUST-000312,2023-09-03,3,month_to_month,credit_card,dsl,east,48.87,155.77,70148.0,1,10.0,True,False,0,0
CUST-002270,2020-07-17,58,month_to_month,mailed_check,dsl,south,63.0,3519.83,75828.0,1,9.0,False,False,0,0
CUST-000561,2021-02-19,52,month_to_month,electronic_check,dsl,south,60.71,3372.13,71866.0,1,3.7,True,True,3,1
CUST-000669,2022-06-17,35,month_to_month,credit_card,fiber,south,72.7,2459.48,15789.0,2,7.2,False,True,5,1
CUST-002335,2021-06-09,70,month_to_month,mailed_check,dsl,north,49.64,3355.52,49964.0,0,7.2,True,True,0,0
CUST-000200,2023-03-02,18,one_year,credit_card,dsl,north,66.27,1168.32,62767.0,1,9.0,False,False,0,0
CUST-000356,2020-03-11,24,month_to_month,credit_card,none,west,21.75,539.61,,0,8.2,True,True,0,0
CUST-001807,2021-09-22,23,month_to_month,bank_transfer,fiber,north,65.5,1594.09,135301.0,3,2.4,True,True,0,0
CUST-001726,2023-11-22,33,one_year,bank_transfer,fiber,east,85.38,2714.64,112314.0,0,8.9,True,True,0,0
CUST-001837,2022-11-01,30,two_year,electronic_check,none,north,15.0,448.24,31186.0,0,6.4,True,True,0,0
CUST-000566,2021-02-01,68,month_to_month,credit_card,fiber,south,77.89,5546.02,69821.0,1,7.6,True,False,0,0
CUST-001980,2022-08-16,63,one_year,credit_card,dsl,south,52.01,3251.66,19364.0,0,8.9,True,True,0,0
CUST-002612,2023-06-07,28,month_to_month,credit_card,fiber,west,62.62,1647.33,19042.0,4,7.6,True,False,1,1
CUST-000541,2021-03-07,4,two_year,electronic_check,dsl,south,53.0,213.79,93198.0,0,9.6,True,True,0,0
CUST-001795,2021-03-03,4,month_to_month,mailed_check,dsl,north,48.03,197.93,80806.0,0,3.6,False,False,1,1
CUST-002809,2020-10-18,32,one_year,electronic_check,fiber,west,87.71,2952.07,91591.0,0,5.6,False,False,0,0
CUST-002468,2020-12-20,70,month_to_month,credit_card,dsl,west,44.28,3103.62,19663.0,2,6.5,False,False,0,0
CUST-000808,2023-01-16,20,month_to_month,mailed_check,fiber,east,57.57,1163.42,43493.0,3,10.0,True,False,0,0
CUST-000591,2022-05-07,10,month_to_month,electronic_check,fiber,west,69.5,668.91,62229.0,0,5.1,False,False,3,1
CUST-002195,2023-09-22,71,month_to_month,bank_transfer,none,north,18.24,1310.8,,3,7.1,False,False,0,0
CUST-002379,2022-05-31,25,month_to_month,bank_transfer,fiber,east,68.5,1688.42,43197.0,3,4.5,False,False,5,1
CUST-002120,2022-11-26,59,one_year,mailed_check,fiber,south,81.31,5178.28,41965.0,0,9.1,False,True,0,0
CUST-000867,2023-04-18,25,month_to_month,credit_card,fiber,south,92.26,2187.89,23213.0,2,5.0,False,False,1,1
CUST-001997,2022-04-01,56,month_to_month,electronic_check,fiber,north,81.58,4595.58,52669.0,1,9.2,False,False,0,0
CUST-002813,2022-11-17,5,one_year,electronic_check,dsl,east,44.87,226.91,46495.0,0,6.2,False,True,1,1
CUST-000381,2023-01-11,71,one_year,bank_transfer,dsl,west,56.9,4048.97,37420.0,2,9.8,True,True,0,0
CUST-002231,2023-11-21,26,one_year,electronic_check,fiber,south,80.75,1987.26,29665.0,0,7.1,True,False,0,0
CUST-000446,2023-12-10,3,month_to_month,bank_transfer,dsl,south,51.29,154.87,81497.0,0,9.3,False,False,0,0
CUST-002359,2022-02-01,16,two_year,bank_transfer,none,east,19.92,317.54,30499.0,0,7.5,False,True,0,0
CUST-002169,2020-09-03,69,month_to_month,credit_card,fiber,south,71.16,4635.34,31565.0,3,7.1,False,True,0,0
CUST-002256,2021-02-06,57,month_to_month,electronic_check,dsl,east,55.66,2879.45,108692.0,0,5.3,True,False,0,0
CUST-002926,2021-08-16,10,one_year,electronic_check,dsl,east,37.75,364.81,139764.0,1,5.8,False,False,0,0
CUST-002636,2023-06-28,11,month_to_month,bank_transfer,dsl,south,42.37,458.7,20781.0,3,9.2,True,True,3,1
CUST-001443,2020-09-08,11,one_year,credit_card,fiber,west,93.83,923.41,,0,7.0,True,False,0,0
CUST-001123,2022-08-10,42,one_year,bank_transfer,dsl,west,48.13,2057.52,8599.0,0,8.8,True,True,0,0
CUST-000412,2022-02-02,21,month_to_month,bank_transfer,fiber,south,61.87,1270.65,41796.0,1,8.0,False,False,0,0
CUST-000419,2021-08-24,6,two_year,mailed_check,dsl,south,51.6,333.34,61587.0,0,4.8,False,True,0,0
CUST-000941,2021-08-16,39,two_year,mailed_check,dsl,north,64.6,2676.92,36774.0,2,6.8,True,True,0,0
CUST-001785,2022-05-30,21,one_year,electronic_check,dsl,north,57.11,1120.4,104536.0,0,6.7,False,True,0,0
CUST-002871,2021-11-25,66,one_year,credit_card,fiber,south,76.77,5300.57,30680.0,1,6.1,False,False,3,1
CUST-002504,2023-06-12,11,month_to_month,credit_card,dsl,west,45.97,522.19,32082.0,2,5.0,True,True,5,1
CUST-001679,2023-03-19,4,month_to_month,credit_card,dsl,south,52.98,214.48,109738.0,4,7.3,False,False,0,0
CUST-000276,2022-02-26,32,month_to_month,credit_card,dsl,north,67.38,2023.4,39645.0,2,7.0,True,True,4,1
CUST-002878,2021-11-30,53,month_to_month,credit_card,dsl,west,38.98,2136.41,44299.0,1,7.1,True,False,2,1
CUST-001792,2023-04-16,1,two_year,bank_transfer,none,north,31.36,32.51,14100.0,3,10.0,True,True,0,0
CUST-000228,2020-03-27,11,two_year,bank_transfer,none,north,40.67,451.36,66953.0,0,6.9,True,True,2,1
CUST-000574,2022-03-18,4,one_year,credit_card,fiber,south,83.28,320.27,36862.0,0,4.7,True,False,5,1
CUST-000916,2022-06-28,18,month_to_month,bank_transfer,none,north,18.55,324.07,85953.0,3,7.7,False,False,0,0
CUST-002268,2021-05-01,55,one_year,credit_card,fiber,west,76.28,4137.51,41663.0,0,8.3,True,True,0,0
CUST-000233,2021-07-22,17,month_to_month,credit_card,fiber,west,72.34,1215.67,185643.0,2,10.0,False,False,0,0
CUST-000655,2022-03-29,54,two_year,credit_card,fiber,west,77.98,3917.75,39938.0,0,6.2,False,True,0,0
CUST-000447,2020-03-22,33,two_year,electronic_check,fiber,south,67.43,2162.71,80629.0,0,7.2,True,True,0,0
CUST-001682,2021-11-06,50,one_year,credit_card,fiber,north,86.12,4206.29,23264.0,0,7.8,False,False,0,0
CUST-000789,2020-06-01,5,month_to_month,mailed_check,fiber,south,72.54,354.13,26219.0,2,5.1,False,True,3,1
CUST-000502,2023-10-11,34,month_to_month,electronic_check,dsl,north,56.52,1823.25,18948.0,2,7.4,True,False,4,1
CUST-001664,2020-07-24,12,month_to_month,credit_card,dsl,west,52.99,592.52,25569.0,1,4.7,True,False,0,0
CUST-000571,2023-11-24,2,two_year,credit_card,dsl,east,51.99,102.61,106920.0,0,8.3,True,False,0,0
CUST-002567,2022-10-26,71,one_year,bank_transfer,fiber,east,76.25,5460.97,27459.0,2,10.0,True,True,0,0
CUST-000647,2020-11-15,44,two_year,bank_transfer,dsl,east,29.19,1218.92,74001.0,0,8.0,False,True,0,0
CUST-000851,2023-05-06,39,month_to_month,mailed_check,fiber,east,63.49,2454.94,42614.0,1,8.6,True,False,0,0
CUST-001615,2022-02-05,13,two_year,mailed_check,fiber,south,83.11,1098.01,24019.0,0,7.8,False,True,0,0
CUST-000028,2021-09-17,38,two_year,electronic_check,fiber,east,70.04,2719.39,92567.0,1,7.0,True,True,0,0
CUST-000388,2023-08-17,69,one_year,mailed_check,fiber,south,66.59,4439.81,38319.0,0,6.7,False,True,1,0
CUST-000351,2023-01-25,12,two_year,credit_card,fiber,west,78.35,881.46,25331.0,3,2.7,True,True,3,1
CUST-002966,2020-06-24,39,month_to_month,electronic_check,fiber,south,69.89,2756.44,43413.0,3,6.3,False,False,0,0
CUST-000061,2022-08-22,61,one_year,electronic_check,fiber,west,70.24,4100.9,68622.0,0,6.2,False,False,0,0
CUST-000305,2021-06-01,36,month_to_month,credit_card,fiber,south,62.51,2236.84,,0,5.5,False,True,1,1
CUST-002239,2023-01-25,24,one_year,electronic_check,fiber,north,76.76,1790.11,59326.0,3,6.5,False,True,0,0
CUST-002530,2023-06-03,14,two_year,credit_card,dsl,south,66.1,870.86,31817.0,1,8.7,False,True,0,0
CUST-002591,2020-01-11,62,month_to_month,bank_transfer,dsl,south,40.95,2506.53,52442.0,2,7.8,True,True,0,0
CUST-000334,2020-08-27,3,one_year,credit_card,fiber,south,73.42,228.33,30924.0,2,6.1,True,False,0,0
CUST-000473,2022-07-07,14,two_year,credit_card,none,south,16.81,238.39,31266.0,2,8.5,True,True,0,0
CUST-001787,2023-03-30,5,month_to_month,credit_card,dsl,north,36.33,194.55,46464.0,0,8.1,True,False,0,0
CUST-002717,2020-09-20,5,one_year,credit_card,fiber,south,53.47,283.16,86004.0,0,10.0,False,False,0,0
CUST-001158,2023-04-17,19,two_year,mailed_check,fiber,west,69.05,1343.82,44249.0,0,7.5,False,False,4,1
CUST-000492,2023-08-09,41,one_year,credit_card,fiber,south,108.9,4410.62,63768.0,1,7.4,True,False,0,0
CUST-002065,2022-06-25,24,month_to_month,credit_card,dsl,north,58.0,1440.27,85834.0,2,5.6,False,True,0,0
CUST-000022,2022-12-23,8,month_to_month,bank_transfer,dsl,north,54.66,464.46,113568.0,1,4.6,True,False,5,1
CUST-001113,2023-10-27,69,month_to_month,electronic_check,fiber,north,70.57,4734.4,70477.0,1,10.0,False,True,0,0
CUST-002538,2020-12-15,20,month_to_month,credit_card,none,north,22.74,451.43,27106.0,4,6.7,True,False,0,0
CUST-002334,2022-10-07,51,two_year,electronic_check,fiber,west,64.9,3351.24,76461.0,0,4.3,False,True,0,0
CUST-000974,2020-04-07,28,month_to_month,electronic_check,fiber,south,69.6,1976.07,28064.0,1,5.8,True,False,0,0
CUST-000747,2022-06-12,10,month_to_month,credit_card,fiber,north,67.15,677.63,79463.0,2,7.6,False,True,1,0
CUST-001224,2022-11-29,51,two_year,bank_transfer,dsl,west,51.36,2446.84,,4,8.1,True,True,0,0
CUST-000033,2023-10-21,72,month_to_month,bank_transfer,fiber,south,79.52,5765.97,42003.0,1,3.3,False,True,4,1
CUST-001826,2023-08-02,43,month_to_month,electronic_check,dsl,west,46.8,2075.46,72816.0,5,2.9,True,True,2,1
CUST-001190,2020-07-11,67,month_to_month,mailed_check,dsl,east,52.85,3786.22,,0,5.5,False,False,0,0
CUST-000961,2020-06-17,33,month_to_month,credit_card,fiber,west,76.3,2356.27,71290.0,1,5.8,True,True,0,0
CUST-002977,2020-06-04,55,two_year,electronic_check,fiber,north,84.95,4653.56,,3,5.1,True,True,0,0
CUST-001210,2021-02-16,19,month_to_month,credit_card,dsl,south,54.1,979.43,47225.0,3,9.2,True,False,0,0
CUST-000746,2020-05-15,25,one_year,electronic_check,fiber,south,77.84,2056.56,59575.0,0,9.2,True,False,0,0
CUST-000005,2023-01-09,13,month_to_month,bank_transfer,dsl,west,61.1,799.92,76990.0,3,5.6,True,False,0,0
CUST-000811,2021-07-31,57,two_year,electronic_check,dsl,south,54.19,3238.66,80456.0,3,8.5,False,True,0,0
CUST-002070,2021-11-07,11,month_to_month,mailed_check,fiber,east,65.67,757.06,51611.0,3,7.8,True,True,0,0
CUST-001034,2020-04-12,23,two_year,bank_transfer,fiber,west,84.09,1925.04,83372.0,1,6.8,True,True,0,0
CUST-002478,2021-12-13,53,one_year,crypto_wallet,fiber,south,63.78,3479.6,41057.0,0,7.6,True,False,0,0
CUST-000572,2022-03-29,61,month_to_month,bank_transfer,none,south,38.63,2446.57,111390.0,3,6.2,False,False,0,0
CUST-002705,2020-03-19,31,one_year,bank_transfer,fiber,south,74.03,2176.82,49073.0,3,8.4,True,True,0,0
CUST-000496,2023-05-08,1,month_to_month,mailed_check,fiber,north,74.93,73.43,44025.0,3,6.2,True,False,2,1
CUST-001435,2021-08-11,40,one_year,credit_card,dsl,north,36.59,1427.85,78635.0,1,7.9,True,True,0,0
CUST-002162,2020-12-28,17,one_year,electronic_check,dsl,east,68.7,1221.9,54240.0,0,7.2,False,True,0,0
CUST-000290,2020-06-12,67,two_year,credit_card,dsl,east,36.34,2415.16,63603.0,0,9.8,True,True,0,0
CUST-001545,2022-11-09,28,month_to_month,credit_card,dsl,west,50.18,1481.69,53772.0,1,4.7,False,True,4,1
CUST-001554,2023-02-13,46,month_to_month,electronic_check,dsl,north,59.53,2743.38,28470.0,1,5.9,False,False,0,0
CUST-000714,2021-03-07,48,month_to_month,electronic_check,dsl,east,44.97,2218.1,50555.0,3,8.3,True,False,0,0
CUST-000745,2023-09-12,40,one_year,credit_card,none,north,20.2,842.2,31303.0,1,8.9,True,False,0,0
CUST-002560,2021-11-04,50,one_year,credit_card,fiber,south,66.34,3218.67,114493.0,1,6.5,False,True,0,0
CUST-001858,2023-09-13,29,one_year,bank_transfer,dsl,east,40.26,1206.8,68624.0,1,7.3,True,False,0,0
CUST-002394,2020-05-23,16,one_year,credit_card,fiber,east,58.95,982.02,72566.0,1,4.8,False,False,0,0
CUST-002360,2020-09-16,55,two_year,mailed_check,fiber,east,92.2,4659.86,60070.0,0,4.9,True,True,0,0
CUST-001908,2020-03-01,32,month_to_month,electronic_check,dsl,south,61.35,1895.1,64696.0,1,6.1,True,False,0,0
CUST-001589,2021-07-10,62,month_to_month,mailed_check,fiber,south,68.94,4057.2,144929.0,4,6.4,True,True,0,0
CUST-002173,2020-07-19,66,two_year,mailed_check,dsl,north,47.37,3066.71,65805.0,1,5.5,False,True,0,0
CUST-000837,2021-08-11,26,two_year,mailed_check,dsl,north,55.17,1423.13,76934.0,0,4.0,False,True,0,0
CUST-001877,2022-02-07,40,two_year,electronic_check,none,north,15.32,616.03,13960.0,0,6.6,False,False,0,0
CUST-000732,2021-10-01,4,one_year,credit_card,fiber,north,77.07,301.02,23209.0,1,7.2,False,True,5,1
CUST-001859,2022-05-08,55,month_to_month,bank_transfer,dsl,east,33.13,1820.94,33533.0,2,9.9,False,True,0,0
CUST-002845,2020-12-15,16,month_to_month,mailed_check,dsl,north,62.23,991.49,,2,6.6,True,False,1,1
CUST-002734,2021-12-23,36,one_year,electronic_check,dsl,east,39.23,1436.39,54241.0,3,6.7,False,False,0,0
CUST-002574,2022-03-11,21,one_year,credit_card,dsl,south,48.3,1045.0,43680.0,0,8.2,False,False,3,1
CUST-001395,2021-05-17,11,month_to_month,bank_transfer,dsl,north,43.58,515.27,25371.0,4,8.5,True,True,0,0
CUST-000100,2023-08-16,15,one_year,mailed_check,dsl,east,37.59,543.4,37439.0,0,6.6,True,False,0,0
CUST-001857,2022-09-11,43,two_year,bank_transfer,dsl,west,38.95,1682.71,,0,6.6,True,True,0,0
CUST-002209,2020-12-09,31,two_year,bank_transfer,none,west,31.34,1018.34,79822.0,1,6.7,False,True,0,0
CUST-001949,2023-02-02,3,month_to_month,credit_card,none,south,22.95,76.6,73821.0,1,6.6,False,False,0,0
CUST-001024,2020-10-13,21,two_year,credit_card,fiber,south,66.72,1503.25,155948.0,1,5.0,True,True,0,0
CUST-000400,2020-04-17,3,two_year,credit_card,none,north,15.0,42.32,39129.0,1,6.0,True,True,0,0
CUST-001578,2022-01-09,30,month_to_month,credit_card,fiber,east,77.44,2177.24,37170.0,2,7.7,True,False,2,1
CUST-000964,2020-05-09,69,month_to_month,credit_card,fiber,south,61.11,3907.13,23928.0,2,10.0,True,False,4,1
CUST-000292,2021-08-30,55,month_to_month,credit_card,dsl,south,42.08,2310.28,,1,1.5,True,False,3,1
CUST-001193,2022-07-01,72,two_year,bank_transfer,dsl,west,66.24,4689.22,53801.0,1,9.4,False,True,0,0
CUST-002973,2020-01-22,37,month_to_month,mailed_check,dsl,south,70.93,2563.03,81640.0,0,9.7,True,False,0,0
CUST-002686,2023-10-15,8,one_year,mailed_check,fiber,south,69.07,514.95,16231.0,1,5.5,True,False,0,0
CUST-000884,2020-09-07,25,two_year,bank_transfer,dsl,west,57.32,1477.12,30595.0,1,6.6,False,False,0,0
CUST-000158,2020-01-20,4,month_to_month,bank_transfer,fiber,east,78.6,329.43,66698.0,2,3.4,True,False,1,1
CUST-000953,2022-12-10,4,month_to_month,credit_card,fiber,east,69.52,287.07,84708.0,2,4.7,True,False,4,1
CUST-000464,2022-06-06,1,two_year,bank_transfer,dsl,north,41.4,39.63,61387.0,1,8.2,True,True,0,0
CUST-000076,2023-03-31,27,month_to_month,electronic_check,dsl,south,34.4,918.44,51799.0,4,3.0,False,False,4,1
CUST-000494,2022-11-09,31,month_to_month,bank_transfer,fiber,east,83.71,2614.41,94192.0,3,7.4,True,True,0,0
CUST-000097,2021-01-20,26,one_year,bank_transfer,fiber,south,83.43,2134.95,32062.0,2,4.7,True,False,5,1
CUST-001454,2021-07-11,56,month_to_month,credit_card,fiber,south,70.44,3801.31,,1,3.9,False,True,0,0
CUST-000581,2023-08-14,22,month_to_month,credit_card,dsl,north,41.61,879.55,78062.0,2,7.0,True,False,0,0
CUST-000018,2020-09-29,3,month_to_month,electronic_check,fiber,west,66.32,190.37,82691.0,3,9.2,True,False,5,1
CUST-001343,2022-09-30,28,one_year,electronic_check,fiber,east,66.44,1697.44,36107.0,2,5.1,True,False,1,1
CUST-002566,2022-09-09,17,one_year,credit_card,none,west,24.55,424.42,35046.0,0,8.1,False,False,3,1
CUST-002709,2022-06-30,52,month_to_month,bank_transfer,fiber,south,67.34,3573.81,24726.0,2,6.5,True,False,0,0
CUST-002090,2023-07-21,54,month_to_month,electronic_check,fiber,south,57.71,3263.91,26623.0,3,6.7,True,False,2,1
CUST-000508,2020-11-03,8,month_to_month,credit_card,dsl,west,46.36,364.56,78392.0,3,7.5,False,False,2,1
CUST-002376,2021-09-18,55,month_to_month,bank_transfer,dsl,east,60.16,3229.18,54861.0,3,6.3,True,True,0,0
CUST-001083,2022-02-22,50,month_to_month,credit_card,dsl,north,39.56,2030.7,27365.0,1,8.3,True,False,0,0
CUST-002786,2022-06-06,56,one_year,electronic_check,fiber,north,74.82,4243.87,14213.0,0,5.0,True,True,0,0
CUST-000546,2021-09-28,28,one_year,bank_transfer,dsl,south,47.42,1350.15,32237.0,1,10.0,True,False,0,0
CUST-002669,2021-04-30,14,month_to_month,mailed_check,dsl,south,40.91,601.7,93976.0,2,5.6,False,True,3,1
CUST-001441,2023-07-24,41,one_year,bank_transfer,fiber,east,69.96,2842.72,36717.0,0,5.1,True,False,0,0
CUST-001206,2021-10-15,69,one_year,credit_card,dsl,south,44.35,3304.43,252068.0,0,7.4,True,True,0,0
CUST-000873,2022-07-19,68,two_year,bank_transfer,dsl,north,47.05,3146.36,122351.0,1,9.0,True,True,0,0
CUST-001140,2020-05-01,11,month_to_month,bank_transfer,dsl,north,40.56,461.5,,1,3.6,False,True,5,1
CUST-000664,2021-04-12,72,month_to_month,bank_transfer,none,west,15.0,1075.6,42332.0,1,5.6,True,False,0,0
CUST-001163,2022-07-24,33,one_year,mailed_check,fiber,south,57.7,1938.13,,0,3.8,True,False,0,0
CUST-002939,2022-02-10,16,one_year,credit_card,dsl,north,46.35,772.11,64684.0,1,8.9,False,True,0,0
CUST-001684,2021-06-28,40,one_year,credit_card,dsl,west,50.44,1860.22,76338.0,2,5.6,False,False,0,0
CUST-000640,2022-06-28,16,one_year,electronic_check,dsl,east,37.44,599.48,68851.0,1,7.9,True,False,1,1
CUST-002559,2020-03-19,69,month_to_month,mailed_check,fiber,south,50.27,3421.61,55520.0,1,7.5,True,False,3,1
CUST-000423,2021-09-16,10,two_year,bank_transfer,dsl,west,37.31,396.19,47176.0,0,7.3,False,True,0,0
CUST-001482,2021-06-26,65,month_to_month,electronic_check,dsl,south,50.01,3423.52,75216.0,4,1.5,True,False,1,1
CUST-001851,2022-01-14,22,one_year,credit_card,dsl,east,68.68,1629.04,53103.0,0,5.8,True,True,0,0
CUST-000636,2022-05-03,36,one_year,bank_transfer,fiber,north,79.87,2749.36,72336.0,0,4.0,False,False,5,1
CUST-000987,2023-08-06,12,month_to_month,credit_card,fiber,north,79.66,906.61,59943.0,1,6.2,True,False,0,0
CUST-002830,2023-06-13,21,one_year,bank_transfer,fiber,south,57.08,1238.68,42422.0,3,8.9,True,False,0,0
CUST-000531,2021-11-15,44,month_to_month,credit_card,fiber,north,74.97,3484.93,,0,7.8,True,True,0,0
CUST-002025,2020-02-06,61,month_to_month,mailed_check,dsl,east,46.31,2814.85,21551.0,3,6.3,False,True,0,0
CUST-002369,2021-10-31,47,month_to_month,bank_transfer,none,east,21.02,1051.07,19469.0,1,5.9,True,True,0,0
CUST-000935,2021-01-28,35,month_to_month,electronic_check,fiber,south,72.13,2315.98,,3,5.0,True,False,4,1
CUST-001550,2023-07-13,47,one_year,bank_transfer,dsl,north,49.19,2294.01,,1,9.1,True,False,0,0
CUST-002424,2022-12-28,51,one_year,bank_transfer,fiber,south,83.89,4187.58,218046.0,2,6.9,True,False,0,0
CUST-000154,2022-06-26,26,month_to_month,credit_card,dsl,south,45.41,1203.1,20785.0,3,2.1,True,False,2,1
CUST-002714,2023-11-25,29,month_to_month,mailed_check,dsl,north,73.79,2152.62,74330.0,2,10.0,False,False,1,0
CUST-000734,2022-01-30,46,two_year,bank_transfer,dsl,east,52.62,2346.35,67612.0,2,7.2,False,False,0,0
CUST-002216,2021-01-02,30,one_year,bank_transfer,fiber,north,74.02,2132.44,48173.0,0,3.5,False,True,0,0
CUST-001953,2022-06-18,29,two_year,electronic_check,none,east,29.48,820.42,43024.0,0,4.7,True,False,0,0
CUST-000483,2023-07-12,20,month_to_month,bank_transfer,fiber,west,72.33,1373.52,28790.0,0,8.8,True,False,0,0
CUST-001720,2022-03-24,52,two_year,electronic_check,fiber,north,63.94,3431.31,25483.0,1,7.2,False,True,0,0
CUST-002420,2022-02-17,54,two_year,credit_card,fiber,south,60.76,3276.87,62606.0,0,9.0,False,True,0,0
CUST-000115,2023-09-13,29,two_year,bank_transfer,dsl,east,53.24,1571.7,,2,10.0,False,True,0,0
CUST-001635,2021-06-10,43,one_year,credit_card,none,west,15.72,655.86,81776.0,0,5.1,False,False,0,0
CUST-000143,2021-12-22,24,month_to_month,credit_card,fiber,east,74.48,1826.95,29061.0,3,3.8,False,False,0,0
CUST-002124,2022-10-24,20,month_to_month,electronic_check,dsl,south,46.94,1046.81,45865.0,0,10.0,True,False,0,0
CUST-000936,2021-02-21,27,two_year,bank_transfer,dsl,north,51.88,1376.27,43119.0,1,4.8,True,True,5,1
CUST-000132,2023-11-23,7,one_year,mailed_check,dsl,east,59.31,449.02,58911.0,0,7.2,True,False,0,0
CUST-000264,2021-11-16,13,month_to_month,mailed_check,fiber,north,79.28,1025.78,13251.0,5,5.2,True,False,1,1
CUST-002035,2020-05-13,68,month_to_month,credit_card,none,south,15.0,1013.3,53975.0,3,3.7,True,False,0,0
CUST-000859,2023-11-11,21,month_to_month,electronic_check,none,north,18.75,400.05,48957.0,4,7.1,False,True,0,0
CUST-002471,2020-05-16,15,month_to_month,bank_transfer,dsl,east,44.44,691.29,33316.0,2,8.8,False,True,0,0
CUST-000307,2020-10-15,34,one_year,electronic_check,dsl,north,55.78,1901.87,57846.0,1,8.0,False,False,1,1
CUST-000583,2023-08-21,4,one_year,credit_card,fiber,west,71.92,263.43,53109.0,1,7.4,False,False,0,0
CUST-001126,2021-07-23,62,month_to_month,credit_card,dsl,east,72.12,4413.32,135537.0,2,8.6,True,False,0,0
CUST-002267,2020-12-24,67,one_year,bank_transfer,dsl,north,42.97,2984.7,67375.0,1,4.2,True,True,0,0
CUST-002431,2020-09-24,9,month_to_month,credit_card,dsl,west,40.97,371.56,27354.0,0,9.2,True,True,0,0
CUST-000041,2020-07-31,42,month_to_month,credit_card,dsl,north,42.63,1791.39,103504.0,5,9.5,True,True,0,0
CUST-000289,2021-03-03,32,two_year,electronic_check,fiber,south,89.21,2978.67,55664.0,4,7.6,True,False,0,0
CUST-002804,2022-02-28,48,month_to_month,electronic_check,fiber,south,64.98,3203.13,47374.0,3,6.9,True,True,1,1
CUST-002718,2020-12-11,57,month_to_month,credit_card,dsl,south,51.17,2744.1,45073.0,3,7.6,False,True,2,1
CUST-001847,2023-12-08,37,month_to_month,credit_card,fiber,west,77.49,2809.77,108944.0,2,8.1,True,True,0,0
CUST-000303,2020-04-25,48,month_to_month,bank_transfer,fiber,east,73.0,3341.03,68949.0,2,4.7,True,False,4,1
CUST-001335,2022-08-11,62,month_to_month,electronic_check,fiber,west,60.8,3749.73,136672.0,1,8.3,False,False,0,0
CUST-001078,2020-10-26,46,month_to_month,credit_card,dsl,south,34.22,1446.7,30890.0,0,10.0,True,False,0,0
CUST-001377,2022-06-04,13,two_year,credit_card,fiber,north,69.13,924.14,87218.0,0,7.3,False,True,0,0
CUST-002673,2022-01-20,46,month_to_month,credit_card,dsl,east,37.51,1683.94,85729.0,0,6.3,False,True,0,0
CUST-000589,2023-01-19,71,month_to_month,electronic_check,fiber,north,59.27,4137.53,31706.0,1,7.6,False,False,0,0
CUST-001318,2020-11-05,22,two_year,bank_transfer,fiber,north,67.79,1439.57,80767.0,1,8.5,False,True,0,0
CUST-002266,2020-08-21,34,month_to_month,electronic_check,none,east,15.0,515.88,12323.0,0,7.7,True,True,0,0
CUST-001518,2022-04-04,62,month_to_month,credit_card,none,north,33.64,1969.07,30984.0,1,5.0,True,True,3,1
CUST-000642,2022-03-07,42,month_to_month,bank_transfer,dsl,west,53.43,2307.21,,2,6.9,True,True,0,0
CUST-000978,2023-02-17,51,month_to_month,credit_card,none,north,27.16,1428.7,147536.0,2,4.3,False,True,0,0
CUST-000096,2022-11-08,40,one_year,credit_card,fiber,north,100.35,3742.11,64807.0,1,6.8,True,True,0,0
CUST-001350,2023-08-30,16,month_to_month,bank_transfer,none,north,41.97,649.1,61857.0,2,6.9,True,False,3,1
CUST-000844,2020-09-16,69,two_year,electronic_check,dsl,north,60.4,4285.71,31133.0,0,8.6,True,True,0,0
CUST-000922,2023-11-15,63,month_to_month,mailed_check,fiber,east,81.21,5458.0,139411.0,0,5.6,True,True,0,0
CUST-002188,2022-01-12,23,one_year,credit_card,dsl,south,30.63,697.8,48270.0,1,4.4,True,False,0,0
CUST-001651,2022-05-19,33,one_year,bank_transfer,fiber,east,71.5,2470.93,,1,6.3,True,True,3,1
CUST-001708,2020-12-03,15,month_to_month,bank_transfer,dsl,north,58.08,847.51,19020.0,1,7.0,False,False,1,1
CUST-000450,2023-06-01,72,one_year,electronic_check,fiber,north,66.55,4728.33,,0,7.2,True,False,0,0
CUST-001968,2022-03-29,51,month_to_month,credit_card,dsl,north,46.41,2425.49,,4,5.0,True,False,0,0
CUST-000059,2021-07-30,21,month_to_month,electronic_check,fiber,east,62.1,1299.07,33298.0,3,4.8,False,False,5,1
CUST-000250,2022-04-26,15,one_year,credit_card,fiber,north,65.45,998.57,29051.0,1,6.7,True,False,0,0
CUST-002345,2022-02-22,40,month_to_month,electronic_check,dsl,east,58.46,2498.5,,3,6.0,True,False,4,1
CUST-002308,2020-11-15,42,one_year,mailed_check,dsl,south,41.47,1767.46,75061.0,0,4.5,True,False,0,0
CUST-000614,2020-01-16,14,two_year,credit_card,dsl,north,49.45,716.63,,0,10.0,True,False,0,0
CUST-002711,2023-08-11,58,one_year,mailed_check,dsl,south,49.59,2713.06,83591.0,1,4.1,True,False,0,0
CUST-000221,2020-06-17,38,one_year,electronic_check,dsl,north,53.56,2127.86,72365.0,1,7.0,True,True,0,0
CUST-001827,2020-12-29,5,month_to_month,credit_card,fiber,south,70.98,346.2,35430.0,2,7.4,False,True,0,0
CUST-000046,2020-05-18,60,month_to_month,bank_transfer,none,south,15.41,997.54,73136.0,4,3.9,False,False,3,1
CUST-000662,2022-06-18,68,two_year,electronic_check,dsl,north,37.83,2596.76,26916.0,2,8.6,True,True,0,0
CUST-000481,2020-07-18,23,month_to_month,electronic_check,fiber,south,57.11,1330.31,44412.0,2,7.1,True,False,1,1
CUST-001425,2023-10-18,29,month_to_month,credit_card,fiber,south,75.06,2095.98,31373.0,1,7.5,True,True,0,0
CUST-001665,2021-01-26,67,month_to_month,electronic_check,fiber,south,62.33,4287.13,50279.0,3,8.1,False,True,0,0
CUST-001900,2020-08-17,64,month_to_month,electronic_check,fiber,south,74.06,4601.89,61678.0,3,6.6,False,False,0,0
CUST-002782,2021-12-12,14,one_year,bank_transfer,dsl,west,59.24,856.74,83032.0,0,9.7,False,True,0,0
CUST-002365,2021-08-21,17,one_year,bank_transfer,fiber,north,66.62,1155.55,57547.0,1,5.3,True,False,0,0
CUST-000236,2020-04-15,7,two_year,electronic_check,none,north,23.66,168.16,103450.0,1,4.9,True,True,0,0
CUST-000353,2021-12-09,69,month_to_month,credit_card,dsl,north,53.32,3749.21,74533.0,0,8.3,False,False,5,1
CUST-001491,2021-11-23,8,month_to_month,credit_card,dsl,east,52.58,426.16,80916.0,3,9.4,True,True,0,0
CUST-000518,2021-01-10,34,one_year,bank_transfer,dsl,west,51.93,1623.31,32752.0,1,8.6,False,False,0,0
CUST-001005,2021-10-31,36,month_to_month,credit_card,dsl,north,67.9,2510.96,50149.0,4,7.7,True,False,0,0
CUST-001292,2020-02-21,25,month_to_month,mailed_check,dsl,north,60.7,1566.4,,0,6.1,False,False,1,1
CUST-000134,2020-10-26,24,month_to_month,bank_transfer,dsl,east,58.69,1517.57,34345.0,1,7.4,False,False,5,1
CUST-001932,2020-11-03,12,two_year,electronic_check,dsl,west,33.16,368.34,68855.0,0,6.6,False,True,0,0
CUST-000759,2020-06-12,14,one_year,electronic_check,none,west,19.05,255.2,33740.0,0,10.0,False,True,0,0
CUST-002253,2021-11-12,46,month_to_month,bank_transfer,dsl,south,57.5,2610.88,145337.0,2,7.8,True,True,0,0
CUST-000222,2022-11-18,48,two_year,bank_transfer,dsl,south,69.69,3344.69,156610.0,0,7.9,True,True,0,0
CUST-001878,2023-01-28,8,month_to_month,electronic_check,dsl,south,43.55,351.18,70367.0,1,5.5,False,True,5,1
CUST-000625,2020-05-19,50,one_year,mailed_check,none,south,15.0,745.15,216114.0,3,6.6,False,True,0,0
CUST-001296,2023-08-31,26,month_to_month,credit_card,fiber,south,83.77,2157.26,66961.0,1,5.9,True,False,5,1
CUST-002925,2023-11-18,31,two_year,electronic_check,dsl,east,52.59,1533.21,29544.0,0,5.3,True,True,0,0
CUST-001008,2021-12-21,7,two_year,bank_transfer,dsl,east,45.61,329.6,86038.0,1,4.6,True,True,0,0
CUST-000563,2020-03-20,38,two_year,bank_transfer,dsl,north,58.97,2268.52,83926.0,0,7.1,False,False,1,0
CUST-001011,2022-03-13,43,one_year,bank_transfer,fiber,east,83.01,3587.67,46791.0,1,6.8,True,False,0,0
CUST-000506,2020-09-15,71,month_to_month,bank_transfer,fiber,west,69.95,4830.0,23825.0,6,10.0,True,True,0,0
CUST-000208,2021-05-18,68,month_to_month,electronic_check,dsl,north,52.11,3619.97,71553.0,3,10.0,True,False,0,0
CUST-001872,2023-12-01,68,one_year,credit_card,fiber,north,69.15,4777.72,90247.0,1,4.0,True,False,0,0
CUST-000700,2021-07-10,10,month_to_month,mailed_check,fiber,south,81.72,804.84,103207.0,0,4.5,False,False,2,1
CUST-001409,2021-01-09,10,one_year,electronic_check,dsl,north,66.04,695.54,53028.0,0,6.4,False,False,4,1
CUST-001030,2023-04-12,35,one_year,electronic_check,dsl,east,52.72,1841.9,84695.0,3,4.6,False,True,3,1
CUST-000147,2023-07-27,1,month_to_month,credit_card,none,south,17.22,18.35,45129.0,3,5.4,True,False,0,0
CUST-000079,2021-02-22,44,month_to_month,bank_transfer,none,north,15.0,625.33,51927.0,0,1.6,False,False,0,0
CUST-002728,2023-12-28,64,month_to_month,bank_transfer,dsl,east,47.64,3110.07,54487.0,2,7.4,False,True,0,0
CUST-000600,2023-03-19,56,two_year,credit_card,dsl,east,51.07,3076.51,17695.0,1,6.3,True,True,0,0
CUST-000924,2023-07-06,58,one_year,electronic_check,none,east,21.23,1289.62,80668.0,3,10.0,False,False,0,0
CUST-001110,2022-12-26,55,month_to_month,bank_transfer,dsl,north,50.63,2819.75,46597.0,1,7.4,True,False,0,0
CUST-002497,2022-01-24,66,month_to_month,credit_card,fiber,north,74.87,4851.79,21693.0,3,7.2,False,False,0,0
CUST-001536,2020-02-04,35,month_to_month,electronic_check,none,west,15.0,539.71,,0,3.9,False,False,0,0
CUST-001090,2020-02-02,18,one_year,credit_card,fiber,north,71.44,1326.96,51411.0,3,2.9,False,True,5,1
CUST-000219,2022-08-08,43,one_year,credit_card,none,south,27.32,1111.94,33110.0,2,5.7,True,False,0,0
CUST-000209,2022-10-30,62,one_year,bank_transfer,fiber,south,76.91,4942.98,54591.0,0,4.8,True,True,0,0
CUST-002678,2020-01-29,25,month_to_month,credit_card,fiber,north,68.21,1614.98,34651.0,0,4.7,False,False,0,0
CUST-002500,2023-06-13,54,month_to_month,bank_transfer,dsl,north,46.43,2561.83,34800.0,1,7.0,True,False,0,0
CUST-002586,2020-12-28,26,month_to_month,bank_transfer,fiber,north,69.36,1978.41,58339.0,2,7.6,True,True,0,0
CUST-000550,2022-02-25,7,month_to_month,mailed_check,dsl,west,60.64,407.28,42372.0,2,8.6,True,True,1,1
CUST-000653,2023-03-01,27,one_year,credit_card,fiber,north,74.95,1855.88,43357.0,0,10.0,True,False,0,0
CUST-002748,2023-05-14,17,month_to_month,mailed_check,dsl,north,58.26,967.33,86688.0,4,6.9,True,False,2,1
CUST-001637,2020-02-21,14,one_year,electronic_check,fiber,north,72.16,924.36,26229.0,0,6.5,False,False,0,0
CUST-000799,2023-05-09,62,two_year,mailed_check,none,south,35.72,2219.28,59216.0,0,7.3,False,True,0,0
CUST-002536,2022-05-23,20,one_year,electronic_check,fiber,south,77.67,1586.11,38953.0,0,7.7,False,False,0,0
CUST-000274,2020-05-07,18,month_to_month,bank_transfer,fiber,west,69.56,1283.22,16988.0,1,5.9,True,True,4,1
CUST-001598,2020-04-12,56,one_year,credit_card,dsl,north,67.13,3785.61,58228.0,2,7.7,True,False,0,0
CUST-002722,2021-07-24,8,one_year,mailed_check,fiber,south,58.54,475.15,79317.0,0,7.8,True,True,0,0
CUST-000823,2020-03-08,18,month_to_month,credit_card,dsl,east,59.45,1031.13,32026.0,1,6.1,False,True,0,0
CUST-002355,2022-09-20,68,two_year,credit_card,dsl,east,62.2,4467.78,81055.0,2,4.6,False,False,0,0
CUST-001476,2020-08-19,59,month_to_month,credit_card,fiber,west,77.28,4280.66,37293.0,1,3.7,True,True,0,0
CUST-002573,2022-08-11,37,month_to_month,electronic_check,dsl,west,54.4,1938.49,34595.0,2,9.4,True,False,0,0
CUST-001839,2022-06-18,5,month_to_month,credit_card,fiber,north,69.06,350.67,114117.0,0,6.5,True,False,0,0
CUST-001960,2022-09-17,65,one_year,credit_card,fiber,north,72.43,5059.25,,0,4.9,True,True,0,0
CUST-000235,2020-06-17,21,month_to_month,credit_card,fiber,north,75.49,1520.13,,1,8.3,True,True,5,1
CUST-001198,2021-06-05,72,month_to_month,bank_transfer,fiber,north,62.99,4569.77,40262.0,3,7.0,True,False,0,0
CUST-000431,2023-08-29,29,month_to_month,electronic_check,fiber,west,64.11,1884.19,88894.0,1,6.5,True,False,0,0
CUST-000082,2022-11-17,62,month_to_month,credit_card,fiber,east,65.97,4180.7,27058.0,1,6.1,False,False,1,1
CUST-000243,2020-11-02,23,two_year,electronic_check,fiber,north,87.55,2047.28,77337.0,1,6.5,False,True,0,0
CUST-001700,2022-06-04,23,month_to_month,bank_transfer,dsl,south,46.24,1075.12,95793.0,2,6.0,True,True,0,0
CUST-000123,2023-10-17,30,month_to_month,electronic_check,fiber,east,83.05,2542.09,48630.0,4,10.0,True,True,0,0
CUST-001449,2020-04-26,6,month_to_month,credit_card,fiber,east,71.77,424.15,,1,5.0,False,True,0,0
CUST-001480,2023-07-04,39,one_year,electronic_check,fiber,east,64.76,2407.89,54140.0,1,8.8,True,True,0,0
CUST-000054,2023-04-27,72,month_to_month,bank_transfer,fiber,north,80.24,5468.38,97575.0,1,7.1,False,False,0,0
CUST-000322,2023-07-27,7,two_year,bank_transfer,fiber,south,77.51,552.59,76652.0,2,5.8,True,True,0,0
CUST-002876,2021-03-09,14,month_to_month,electronic_check,fiber,west,79.8,1240.32,29497.0,2,7.6,False,True,5,1
CUST-001387,2022-07-11,11,two_year,credit_card,dsl,east,39.05,442.32,30009.0,0,7.8,True,True,1,0
CUST-002405,2023-07-14,15,month_to_month,credit_card,fiber,east,75.8,1092.05,37960.0,6,7.8,True,False,2,1
CUST-000639,2021-05-14,63,one_year,credit_card,fiber,west,59.02,3546.73,42378.0,2,9.6,True,False,0,0
CUST-002298,2020-09-22,7,month_to_month,electronic_check,fiber,west,91.43,635.53,41993.0,2,6.7,True,False,2,1
CUST-000245,2023-04-29,41,one_year,electronic_check,fiber,east,78.05,3350.78,51519.0,1,8.1,True,False,0,0
CUST-001002,2021-05-29,15,two_year,electronic_check,fiber,south,79.28,1132.3,93343.0,3,9.2,True,True,0,0
CUST-002642,2020-03-29,55,month_to_month,electronic_check,fiber,south,47.89,2725.57,14485.0,2,5.9,False,True,0,0
CUST-001931,2022-03-12,45,two_year,credit_card,dsl,north,46.82,1874.06,85378.0,0,6.0,True,False,0,0
CUST-002839,2022-04-10,39,month_to_month,electronic_check,fiber,south,78.06,2865.61,22693.0,1,6.7,False,True,0,0
CUST-002863,2023-04-27,72,month_to_month,credit_card,fiber,south,75.45,5511.85,51139.0,1,9.7,True,False,0,0
CUST-002862,2020-04-10,2,one_year,electronic_check,none,east,27.8,57.76,33130.0,2,8.8,False,True,0,0
CUST-000462,2020-06-16,7,one_year,credit_card,fiber,north,75.08,525.67,97282.0,1,6.5,True,False,2,1
CUST-002031,2020-06-15,6,month_to_month,electronic_check,none,north,37.35,223.21,,0,8.1,True,False,0,0
CUST-001334,2023-05-09,38,month_to_month,bank_transfer,fiber,east,70.66,2753.96,81640.0,3,7.2,True,False,0,0
CUST-002551,2020-02-24,31,one_year,bank_transfer,none,south,22.87,711.21,10091.0,1,9.3,True,False,0,0
CUST-002367,2023-04-26,8,month_to_month,credit_card,fiber,south,87.8,743.53,27042.0,0,7.1,True,False,0,0
CUST-000834,2022-06-19,22,month_to_month,electronic_check,fiber,north,84.24,1812.82,22028.0,4,8.5,True,True,0,0
CUST-002226,2022-05-03,51,month_to_month,credit_card,none,west,19.44,960.92,177484.0,0,6.5,False,False,0,0
CUST-001278,2023-02-14,11,month_to_month,credit_card,dsl,east,52.94,608.57,18851.0,1,10.0,True,True,0,0
CUST-000874,2023-07-07,15,one_year,mailed_check,fiber,east,61.75,893.97,52906.0,0,5.6,False,False,0,0
CUST-001610,2022-08-09,42,month_to_month,electronic_check,none,north,15.0,625.24,24837.0,2,8.2,True,False,0,0
CUST-002832,2021-06-21,31,one_year,credit_card,dsl,north,65.75,1941.73,56121.0,1,7.9,False,False,0,0
CUST-002869,2021-04-20,65,month_to_month,bank_transfer,none,east,15.0,1044.04,,6,3.2,True,True,0,0
CUST-002016,2021-10-17,57,month_to_month,credit_card,fiber,east,70.41,3886.73,49486.0,5,3.8,True,True,0,0
CUST-000493,2023-06-27,1,one_year,credit_card,fiber,south,74.33,73.66,48286.0,0,10.0,True,True,0,0
CUST-000031,2020-09-25,69,month_to_month,credit_card,fiber,west,79.87,5538.49,75101.0,0,3.3,True,False,4,1
CUST-002079,2021-09-22,65,month_to_month,bank_transfer,fiber,west,64.21,4169.29,57176.0,5,5.7,False,True,0,0
CUST-002402,2020-03-20,33,one_year,bank_transfer,dsl,north,50.5,1582.91,46970.0,1,3.7,False,False,0,0
CUST-000047,2022-03-04,13,two_year,mailed_check,fiber,east,80.49,1058.12,13453.0,1,9.0,False,True,5,1
CUST-002608,2021-06-28,22,month_to_month,electronic_check,dsl,west,48.59,1168.2,59377.0,1,6.1,False,True,0,0
CUST-002502,2022-03-23,5,month_to_month,credit_card,dsl,west,43.17,207.84,35979.0,1,5.3,True,False,4,1
CUST-001270,2021-05-18,57,two_year,credit_card,fiber,south,69.84,3730.37,50648.0,1,8.5,False,False,0,0
CUST-000338,2023-05-22,1,one_year,credit_card,none,east,26.02,27.08,51529.0,1,9.0,True,True,0,0
CUST-001601,2022-10-22,69,month_to_month,electronic_check,fiber,south,68.26,4802.43,63590.0,4,6.3,True,True,4,1
CUST-002094,2020-08-18,64,month_to_month,electronic_check,dsl,west,51.75,3147.97,25114.0,3,3.7,True,True,4,1
CUST-002015,2022-06-15,31,month_to_month,bank_transfer,fiber,south,75.63,2081.42,93404.0,1,8.8,False,False,0,0
CUST-000937,2020-05-02,63,month_to_month,mailed_check,fiber,east,85.84,5576.48,78804.0,3,9.2,True,False,0,0
CUST-001584,2020-01-20,26,month_to_month,bank_transfer,dsl,north,55.63,1460.8,29245.0,2,9.1,False,False,1,1
CUST-001400,2021-05-10,25,one_year,credit_card,dsl,south,44.59,1085.97,59816.0,1,8.0,True,False,0,0
CUST-000724,2020-08-30,26,month_to_month,credit_card,none,south,15.0,398.74,35495.0,6,10.0,True,False,0,0
CUST-000997,2022-05-02,22,two_year,credit_card,none,east,22.93,469.16,,1,5.6,True,True,0,0
CUST-000341,2020-11-02,24,month_to_month,bank_transfer,fiber,north,71.83,1687.35,74666.0,0,10.0,False,False,0,0
CUST-002377,2023-12-07,43,one_year,credit_card,fiber,south,61.58,2570.63,28193.0,0,7.9,False,False,0,0
CUST-002564,2020-10-11,33,month_to_month,credit_card,dsl,west,40.91,1384.26,18828.0,2,5.5,False,True,2,1
CUST-002922,2023-01-11,38,month_to_month,electronic_check,fiber,south,74.49,2916.88,89056.0,1,6.2,True,True,0,0
CUST-000217,2021-10-15,72,month_to_month,mailed_check,dsl,north,59.63,4241.75,34255.0,4,3.3,False,True,0,0
CUST-002042,2021-02-07,11,month_to_month,credit_card,dsl,south,51.54,564.96,37291.0,2,4.1,False,True,1,1
CUST-001533,2022-06-02,72,month_to_month,mailed_check,fiber,east,95.79,6768.2,62173.0,2,7.3,False,False,0,0
CUST-002561,2022-12-11,56,month_to_month,mailed_check,dsl,north,55.65,3320.7,23832.0,1,8.5,False,True,0,0
CUST-002463,2021-05-22,69,one_year,credit_card,dsl,north,46.28,3364.32,31783.0,0,6.7,True,False,0,0
CUST-002085,2023-12-23,9,month_to_month,electronic_check,fiber,north,66.34,622.05,17389.0,3,9.1,True,False,0,0
CUST-001333,2020-03-25,17,month_to_month,credit_card,dsl,north,50.49,834.06,130249.0,0,9.5,True,True,0,0
CUST-000645,2022-10-05,17,month_to_month,mailed_check,none,west,24.15,426.97,19757.0,2,4.6,False,False,0,0
CUST-002610,2022-01-30,59,month_to_month,credit_card,dsl,north,52.57,3330.2,45784.0,2,8.1,True,True,2,1
CUST-002974,2022-04-07,44,month_to_month,electronic_check,fiber,south,70.05,3185.7,61901.0,2,10.0,True,True,0,0
CUST-000919,2022-05-08,7,month_to_month,electronic_check,none,south,17.57,120.09,,1,6.4,False,False,0,0
CUST-002282,2023-07-06,72,month_to_month,electronic_check,dsl,east,57.02,4138.34,,0,7.3,True,False,0,0
CUST-000225,2020-10-23,1,two_year,credit_card,fiber,west,65.76,75.74,60794.0,2,10.0,True,False,0,0
CUST-001645,2020-07-09,1,month_to_month,electronic_check,fiber,south,77.11,78.7,89120.0,3,6.8,True,False,5,1
CUST-002286,2021-09-11,3,two_year,credit_card,fiber,south,65.97,202.23,52729.0,0,6.4,True,True,1,1
CUST-002123,2023-03-11,1,two_year,electronic_check,fiber,east,65.42,58.26,135745.0,0,10.0,True,False,0,0
CUST-001506,2020-08-15,46,month_to_month,credit_card,dsl,west,48.23,2230.73,22092.0,2,3.6,True,True,0,0
CUST-001130,2022-09-24,11,one_year,bank_transfer,none,south,27.43,295.63,23682.0,0,6.8,True,True,0,0
CUST-001592,2023-02-27,29,one_year,bank_transfer,fiber,north,77.06,2351.94,93542.0,1,7.6,True,True,0,0
CUST-000921,2021-12-24,28,one_year,electronic_check,dsl,south,77.81,2256.16,14500.0,1,8.0,False,False,0,0
CUST-002854,2021-07-29,13,month_to_month,bank_transfer,fiber,south,83.64,1092.21,176054.0,2,5.6,True,True,3,1
CUST-001041,2023-07-31,30,one_year,bank_transfer,dsl,south,43.2,1319.51,61053.0,1,3.5,False,False,0,0
CUST-001776,2021-06-01,58,month_to_month,credit_card,dsl,north,39.62,2422.17,32695.0,1,8.2,True,False,5,1
CUST-002287,2021-02-08,50,month_to_month,credit_card,fiber,south,81.2,4076.71,100064.0,0,7.5,False,False,0,0
CUST-000621,2022-10-04,49,one_year,electronic_check,dsl,west,70.22,3525.95,57338.0,2,7.5,True,True,0,0
CUST-001176,2023-05-01,21,month_to_month,credit_card,dsl,east,39.6,761.59,51485.0,1,6.7,True,False,1,1
CUST-002828,2021-11-20,29,one_year,electronic_check,fiber,south,89.75,2685.21,50936.0,1,4.0,False,False,1,1
CUST-000007,2020-08-23,25,month_to_month,credit_card,dsl,east,55.78,1334.19,26873.0,1,7.2,False,True,0,0
CUST-000479,2021-08-13,61,month_to_month,credit_card,dsl,west,49.11,3304.3,210807.0,4,5.6,False,False,1,1
CUST-002524,2021-02-09,72,month_to_month,bank_transfer,fiber,north,81.59,6167.45,63783.0,1,7.1,True,True,0,0
CUST-002715,2023-12-08,17,one_year,credit_card,dsl,south,52.85,839.53,47570.0,1,6.5,False,True,2,1
CUST-001830,2023-10-22,18,month_to_month,credit_card,fiber,north,93.8,1663.78,32880.0,2,7.4,False,False,2,1
CUST-002020,2022-11-16,57,month_to_month,electronic_check,dsl,east,68.81,3842.92,42163.0,0,5.2,True,False,0,0
CUST-000375,2021-06-27,13,month_to_month,bank_transfer,dsl,west,46.98,562.58,183758.0,2,5.1,True,False,3,1
CUST-001944,2022-03-24,12,month_to_month,electronic_check,none,north,26.7,311.69,72576.0,1,8.7,True,False,0,0
CUST-001442,2023-08-24,6,month_to_month,credit_card,dsl,east,58.04,340.23,83432.0,4,6.0,True,False,3,1
CUST-001597,2022-12-09,7,two_year,credit_card,fiber,north,65.33,427.96,54840.0,2,8.2,True,True,2,1
CUST-002580,2021-06-03,46,month_to_month,electronic_check,none,east,15.0,619.31,134669.0,2,8.7,True,False,0,0
CUST-000099,2022-05-07,33,two_year,mailed_check,fiber,north,62.47,2087.76,85280.0,1,2.2,False,True,1,1
CUST-001542,2020-02-24,28,month_to_month,credit_card,dsl,north,43.69,1217.52,34372.0,2,5.8,True,True,0,0
CUST-001119,2022-10-24,38,one_year,credit_card,none,north,28.98,1175.49,75105.0,2,6.2,False,False,0,0
CUST-002056,2022-06-10,66,one_year,mailed_check,fiber,north,93.08,6388.74,90101.0,0,7.4,True,False,0,0
CUST-000053,2020-05-10,28,one_year,electronic_check,fiber,north,77.58,2076.69,217828.0,1,8.2,False,False,0,0
CUST-002873,2021-09-24,8,one_year,credit_card,dsl,north,18.61,151.9,44891.0,0,7.0,True,False,0,0
CUST-001856,2020-07-20,29,month_to_month,electronic_check,fiber,north,76.35,2128.3,,2,6.6,True,False,1,1
CUST-000756,2020-11-23,43,one_year,bank_transfer,none,east,24.51,1061.53,41181.0,1,7.0,True,False,0,0
CUST-001094,2023-09-12,60,one_year,bank_transfer,dsl,east,47.93,2963.58,43418.0,1,8.9,True,False,0,0
CUST-001127,2023-04-26,50,month_to_month,bank_transfer,dsl,east,53.64,2457.33,41283.0,3,7.7,True,False,0,0
CUST-002841,2022-02-25,64,two_year,credit_card,dsl,south,65.44,4302.15,51577.0,2,6.8,True,True,0,0
CUST-000467,2021-12-20,22,month_to_month,bank_transfer,fiber,south,76.41,1641.47,57964.0,1,7.8,True,False,0,0
CUST-000590,2022-03-19,10,two_year,credit_card,fiber,north,71.38,730.82,147528.0,1,6.1,True,False,0,0
CUST-000634,2020-10-24,31,month_to_month,credit_card,dsl,north,48.76,1442.06,29576.0,3,3.3,False,True,4,1
CUST-000342,2020-11-06,46,month_to_month,credit_card,dsl,east,57.4,2607.05,58900.0,1,6.1,False,True,0,0
CUST-002829,2021-05-15,58,two_year,mailed_check,fiber,east,75.17,4277.73,,0,1.0,True,True,0,0
CUST-002812,2021-04-05,67,month_to_month,credit_card,dsl,south,41.67,2553.55,36653.0,1,6.0,True,False,0,0
CUST-000887,2022-01-07,12,month_to_month,electronic_check,fiber,south,73.01,889.71,42931.0,2,8.2,False,False,4,1
CUST-002906,2021-07-21,59,two_year,bank_transfer,fiber,west,68.33,4064.71,32874.0,0,5.4,False,True,0,0
CUST-002611,2020-06-23,40,month_to_month,bank_transfer,dsl,east,70.71,2803.66,34038.0,2,6.2,True,False,0,0
CUST-000195,2022-05-31,11,month_to_month,electronic_check,dsl,south,54.44,583.95,75934.0,2,3.6,False,True,1,1
CUST-002178,2021-07-24,54,month_to_month,credit_card,fiber,north,87.35,4625.85,185819.0,3,4.4,True,True,0,0
CUST-000755,2020-12-21,26,month_to_month,bank_transfer,none,north,19.86,517.26,21044.0,3,6.3,False,False,3,1
CUST-000595,2020-11-07,47,month_to_month,bank_transfer,dsl,east,39.05,1899.48,27518.0,2,9.8,True,True,0,0
CUST-001355,2020-01-16,12,one_year,credit_card,dsl,south,56.02,652.93,41983.0,0,7.1,True,True,0,0
CUST-001124,2020-07-25,29,one_year,electronic_check,dsl,south,59.56,1658.68,37030.0,2,3.7,True,True,1,1
CUST-000449,2022-03-15,42,one_year,bank_transfer,dsl,west,40.17,1574.55,,1,7.0,False,True,0,0
CUST-002022,2020-11-15,16,month_to_month,mailed_check,dsl,north,51.87,851.85,73597.0,2,4.7,False,False,0,0
CUST-001097,2020-01-31,12,one_year,credit_card,fiber,west,75.71,896.38,52954.0,2,5.3,False,True,0,0
CUST-000157,2023-01-26,59,two_year,bank_transfer,none,north,20.22,1112.84,54286.0,1,3.6,False,True,0,0
CUST-002458,2023-06-18,32,two_year,mailed_check,fiber,west,62.09,1912.95,31728.0,0,5.5,False,False,0,0
CUST-000972,2020-09-03,2,month_to_month,bank_transfer,dsl,west,57.0,117.23,79121.0,0,7.1,True,False,5,1
CUST-002777,2022-04-21,31,two_year,bank_transfer,fiber,north,81.88,2706.7,64230.0,0,7.5,True,True,0,0
CUST-001164,2020-05-07,29,month_to_month,credit_card,dsl,west,50.44,1408.59,98824.0,2,8.2,False,False,4,1
CUST-002093,2023-10-08,12,one_year,crypto_wallet,dsl,north,64.7,834.32,41904.0,2,6.8,True,True,0,0
CUST-000175,2021-04-04,58,two_year,credit_card,dsl,east,59.77,3429.67,54796.0,1,6.7,False,True,0,0
CUST-001492,2022-09-17,21,one_year,credit_card,fiber,west,54.59,1196.16,40648.0,5,7.6,False,False,0,0
CUST-001103,2020-12-09,57,month_to_month,electronic_check,fiber,south,70.99,3651.86,44981.0,2,7.9,False,False,0,0
CUST-001573,2020-02-05,40,month_to_month,electronic_check,none,south,40.43,1644.51,214877.0,2,6.7,True,False,0,0
CUST-001490,2022-12-13,52,one_year,electronic_check,fiber,east,74.02,3683.95,48292.0,1,6.4,True,True,0,0
CUST-002692,2021-04-10,39,month_to_month,bank_transfer,dsl,east,60.08,2450.57,83312.0,2,7.0,False,False,1,0
CUST-002870,2020-10-04,23,month_to_month,bank_transfer,fiber,east,72.12,1527.25,34077.0,2,6.1,True,False,0,0
CUST-002496,2022-01-03,69,one_year,mailed_check,fiber,east,68.46,4591.76,75524.0,1,4.9,True,True,0,0
CUST-000468,2022-02-17,41,two_year,electronic_check,none,south,15.0,603.58,130031.0,0,4.3,True,True,0,0
CUST-001784,2020-10-29,12,month_to_month,crypto_wallet,fiber,north,76.3,850.26,93825.0,3,7.3,True,False,4,1
CUST-001509,2023-10-09,54,two_year,credit_card,fiber,north,75.21,4215.0,67624.0,0,5.3,True,False,0,0
CUST-002697,2020-02-24,42,month_to_month,credit_card,fiber,north,82.77,3624.44,103271.0,5,5.1,True,True,3,1
CUST-000025,2022-09-05,67,month_to_month,electronic_check,fiber,south,89.23,5975.51,15963.0,2,4.8,False,True,0,0
CUST-000399,2023-03-20,69,month_to_month,credit_card,dsl,south,55.71,3816.04,94618.0,0,4.5,True,True,0,0
CUST-000503,2021-02-15,53,month_to_month,bank_transfer,fiber,west,69.79,3728.39,59255.0,2,6.6,True,False,5,1
CUST-001742,2021-03-17,14,month_to_month,electronic_check,fiber,north,72.64,978.85,,3,8.2,False,False,0,0
CUST-002357,2023-06-19,18,one_year,electronic_check,fiber,east,87.62,1519.94,83006.0,1,4.0,True,False,3,1
CUST-001574,2023-09-14,50,month_to_month,electronic_check,fiber,east,98.28,5051.65,,2,4.1,True,True,1,1
CUST-002707,2020-01-21,58,two_year,credit_card,fiber,south,64.16,3964.54,103632.0,1,9.8,False,True,0,0
CUST-000973,2023-06-10,63,one_year,bank_transfer,dsl,south,61.41,4172.79,23033.0,2,9.6,True,False,0,0
CUST-001628,2023-12-30,63,two_year,electronic_check,fiber,north,67.65,4631.55,69479.0,0,7.5,False,True,0,0
CUST-001514,2021-07-20,3,one_year,bank_transfer,dsl,west,60.64,179.23,131121.0,1,5.5,True,False,0,0
CUST-000802,2021-07-19,56,month_to_month,electronic_check,fiber,east,94.08,4935.66,23259.0,2,6.0,True,False,3,1
CUST-001636,2021-07-25,19,two_year,bank_transfer,none,west,21.0,412.89,,2,5.8,False,True,0,0
CUST-000716,2022-12-19,63,one_year,electronic_check,fiber,east,72.97,4878.75,125463.0,0,5.8,False,True,0,0
CUST-001412,2020-07-10,59,one_year,bank_transfer,fiber,south,80.03,4661.23,66432.0,2,6.1,False,False,0,0
CUST-002674,2020-05-16,16,month_to_month,credit_card,fiber,east,73.79,1270.52,124990.0,1,5.9,True,True,2,1
CUST-002522,2023-02-27,51,two_year,electronic_check,fiber,south,60.43,3171.57,,1,8.9,False,True,0,0
CUST-000023,2020-07-30,18,month_to_month,bank_transfer,dsl,east,33.63,569.88,32344.0,2,7.9,False,False,0,0
CUST-001595,2020-08-27,51,month_to_month,credit_card,fiber,west,90.05,4880.66,34376.0,3,5.7,True,True,0,0
CUST-000089,2021-02-14,40,two_year,credit_card,dsl,south,52.14,2084.57,53911.0,0,10.0,True,False,0,0
CUST-001316,2021-02-18,8,month_to_month,mailed_check,none,south,15.0,119.25,83574.0,3,7.3,False,True,0,0
CUST-001897,2023-01-10,53,month_to_month,mailed_check,dsl,east,46.94,2703.27,105826.0,2,7.3,True,False,0,0
CUST-000321,2021-03-22,26,one_year,electronic_check,dsl,west,49.58,1303.0,57528.0,1,7.4,False,True,0,0
CUST-000006,2022-07-14,41,month_to_month,credit_card,dsl,south,58.83,2473.9,52177.0,3,6.1,True,False,0,0
CUST-001066,2023-04-30,68,month_to_month,electronic_check,fiber,south,75.73,5104.77,27355.0,3,5.9,False,False,0,0
CUST-001472,2020-05-02,24,one_year,electronic_check,fiber,south,70.67,1652.79,27241.0,1,6.0,True,False,2,1
CUST-002446,2022-12-21,56,month_to_month,electronic_check,fiber,west,65.71,3631.48,136944.0,3,2.4,True,True,4,1
CUST-002635,2022-09-14,15,one_year,electronic_check,none,north,21.47,317.15,149909.0,2,6.5,False,False,0,0
CUST-000433,2022-07-05,16,month_to_month,electronic_check,fiber,west,79.43,1187.88,27250.0,3,6.8,False,False,2,1
CUST-002127,2021-12-10,53,two_year,electronic_check,fiber,south,94.58,4863.52,36271.0,1,9.1,True,True,0,0
CUST-000569,2023-09-23,52,two_year,bank_transfer,dsl,north,56.44,2789.35,15940.0,0,9.0,True,False,0,0
CUST-001155,2023-04-22,1,one_year,bank_transfer,dsl,north,42.61,43.93,,0,9.1,False,False,0,0
CUST-001199,2023-02-08,13,two_year,mailed_check,dsl,south,63.59,878.82,25627.0,1,6.1,True,True,0,0
CUST-002246,2022-01-22,69,month_to_month,credit_card,dsl,south,64.38,4369.95,75394.0,3,9.3,True,True,4,1
CUST-000780,2020-05-16,2,month_to_month,electronic_check,none,north,15.0,29.64,22950.0,2,5.6,True,False,2,1
CUST-002897,2021-08-12,14,one_year,electronic_check,dsl,west,47.71,686.7,96859.0,0,7.8,True,True,0,0
CUST-001925,2021-01-10,2,month_to_month,mailed_check,fiber,east,75.75,150.22,26317.0,2,7.1,True,False,4,1
CUST-002891,2020-08-28,29,one_year,electronic_check,fiber,west,67.88,2083.01,49042.0,0,7.7,True,False,0,0
CUST-000877,2023-09-10,59,month_to_month,bank_transfer,fiber,east,81.52,5456.7,38854.0,1,4.6,False,False,0,0
CUST-000083,2022-09-15,69,month_to_month,electronic_check,dsl,west,26.75,1884.91,58938.0,0,6.5,False,True,0,0
CUST-000904,2020-09-17,12,month_to_month,credit_card,dsl,east,54.91,646.79,34842.0,4,5.6,False,False,3,1
CUST-000792,2021-07-15,45,one_year,mailed_check,dsl,north,37.95,1724.44,12872.0,0,6.1,True,False,0,0
CUST-001424,2022-02-18,22,month_to_month,mailed_check,fiber,north,95.38,1893.89,41623.0,4,7.2,True,False,3,1
CUST-000036,2022-06-08,47,month_to_month,electronic_check,dsl,south,57.89,2647.25,63221.0,1,7.3,False,False,0,0
CUST-001887,2021-02-01,34,one_year,electronic_check,dsl,north,63.03,2077.72,59283.0,1,8.7,True,True,0,0
CUST-001101,2023-06-24,50,one_year,electronic_check,fiber,north,70.72,3430.38,53490.0,0,4.2,False,False,0,0
CUST-002905,2020-08-28,45,two_year,bank_transfer,fiber,north,68.9,3215.58,68477.0,1,7.1,True,True,0,0
CUST-001477,2022-05-23,28,month_to_month,credit_card,fiber,south,72.64,1863.81,29251.0,1,8.1,True,False,3,1
CUST-000908,2023-05-25,49,month_to_month,credit_card,dsl,west,65.55,3249.23,20222.0,3,5.9,False,True,3,1
CUST-002388,2022-04-09,48,month_to_month,credit_card,fiber,south,69.15,2834.05,64206.0,0,7.4,False,False,0,0
CUST-001979,2022-12-05,63,one_year,credit_card,dsl,north,59.79,3846.54,24063.0,1,3.2,True,False,0,0
CUST-001342,2020-06-27,10,month_to_month,electronic_check,fiber,north,71.27,706.61,44174.0,1,5.2,False,True,1,1
CUST-002237,2022-03-23,68,one_year,electronic_check,dsl,north,58.88,3864.64,46269.0,0,7.0,True,True,0,0
CUST-001688,2022-04-12,23,month_to_month,electronic_check,fiber,west,63.15,1345.64,34414.0,6,4.9,True,False,1,1
CUST-000434,2022-08-20,34,month_to_month,bank_transfer,none,south,26.14,846.35,27122.0,1,3.5,False,False,0,0
CUST-001498,2023-04-29,42,month_to_month,bank_transfer,dsl,east,46.85,2019.73,46126.0,5,7.0,True,False,4,1
CUST-000966,2022-06-22,23,two_year,electronic_check,fiber,north,78.5,1745.43,45153.0,0,7.8,True,False,0,0
CUST-000963,2020-02-05,45,month_to_month,electronic_check,none,north,18.68,835.29,,1,5.0,False,False,0,0
CUST-000675,2020-02-03,41,one_year,credit_card,fiber,south,81.32,3304.75,94978.0,0,3.9,False,False,0,0
CUST-002827,2023-08-12,58,month_to_month,credit_card,dsl,east,50.02,2981.65,111959.0,1,2.7,True,False,2,1
CUST-002328,2021-07-27,59,one_year,bank_transfer,dsl,south,55.4,3271.62,183243.0,2,6.9,False,True,0,0
CUST-002646,2020-04-19,22,month_to_month,electronic_check,dsl,east,55.96,1192.72,28873.0,1,2.9,True,False,2,1
CUST-002485,2022-11-01,6,month_to_month,electronic_check,fiber,west,65.48,410.53,49495.0,1,7.4,False,False,5,1
CUST-000628,2023-07-11,63,month_to_month,mailed_check,fiber,east,81.75,5369.12,23517.0,5,7.0,True,True,0,0
CUST-001147,2021-10-19,55,two_year,bank_transfer,dsl,east,55.43,3050.93,26666.0,0,6.8,True,False,0,0
CUST-000470,2023-06-17,9,two_year,credit_card,none,south,18.21,173.83,62301.0,1,7.3,False,True,0,0
CUST-002080,2021-12-24,14,month_to_month,bank_transfer,fiber,north,65.89,918.42,72629.0,5,3.8,True,True,3,1
CUST-000191,2023-12-14,39,one_year,mailed_check,dsl,west,68.18,2654.75,47347.0,1,9.9,True,False,0,0
CUST-000869,2020-12-26,27,two_year,electronic_check,none,north,28.43,810.77,30973.0,1,7.6,True,False,0,0
CUST-002835,2023-12-28,58,two_year,bank_transfer,fiber,north,84.53,4725.03,26262.0,0,9.5,True,True,0,0
CUST-002850,2021-06-16,20,month_to_month,bank_transfer,dsl,west,33.7,692.98,,1,6.2,True,False,0,0
CUST-001780,2022-07-05,20,month_to_month,bank_transfer,fiber,north,83.7,1693.5,15292.0,3,6.0,True,False,2,1
CUST-000119,2022-07-05,49,month_to_month,electronic_check,fiber,east,71.51,3453.63,62426.0,3,5.6,True,False,2,1
CUST-002666,2023-06-08,29,month_to_month,bank_transfer,dsl,south,58.88,1677.76,42503.0,1,8.1,True,False,5,1
CUST-001230,2021-04-29,69,two_year,credit_card,dsl,south,44.08,3083.31,164623.0,0,8.6,False,True,0,0
CUST-001159,2022-04-07,52,one_year,bank_transfer,dsl,south,44.19,2229.57,59344.0,0,7.5,True,False,0,0
CUST-001919,2021-05-09,23,two_year,credit_card,fiber,south,78.07,1735.1,54798.0,0,10.0,True,True,0,0
CUST-001722,2020-08-21,40,month_to_month,electronic_check,fiber,west,65.07,2624.51,26033.0,5,5.5,True,False,5,1
CUST-001836,2022-09-06,51,month_to_month,credit_card,fiber,south,73.54,3628.28,111230.0,2,4.5,True,True,4,1
CUST-002275,2022-09-11,7,two_year,mailed_check,none,north,31.2,230.47,107945.0,1,5.3,True,True,0,0
CUST-000521,2021-12-10,27,one_year,credit_card,dsl,north,59.8,1662.95,106319.0,2,3.8,True,True,0,0
CUST-002883,2020-03-20,45,month_to_month,bank_transfer,dsl,south,53.65,2547.03,,3,8.1,True,False,2,1
CUST-000346,2022-03-19,20,month_to_month,electronic_check,none,south,24.59,481.65,14439.0,5,5.8,True,True,0,0
CUST-002288,2021-07-23,1,month_to_month,bank_transfer,dsl,west,64.53,67.68,27778.0,4,10.0,False,False,0,0
CUST-002791,2020-02-29,18,month_to_month,bank_transfer,fiber,south,77.1,1358.7,23108.0,2,5.6,False,True,5,1
CUST-000615,2023-03-04,37,one_year,electronic_check,fiber,west,69.35,2541.5,,1,6.3,False,True,0,0
CUST-000427,2020-01-10,32,month_to_month,electronic_check,fiber,south,80.58,2498.66,25490.0,1,5.7,False,False,0,0
CUST-002913,2023-07-31,59,month_to_month,electronic_check,fiber,north,80.8,5156.84,81495.0,1,7.3,True,False,0,0
CUST-000757,2021-06-16,15,two_year,electronic_check,fiber,north,77.14,1224.22,27990.0,1,4.4,True,True,0,0
CUST-000466,2020-11-11,35,one_year,credit_card,dsl,north,56.16,1907.22,18379.0,3,6.0,True,False,0,0
CUST-002820,2021-07-11,33,one_year,credit_card,fiber,west,84.15,2594.85,25123.0,3,4.6,True,False,0,0
CUST-001111,2023-05-01,5,month_to_month,electronic_check,fiber,west,72.06,364.16,30989.0,0,7.8,True,True,0,0
CUST-001393,2020-01-28,50,one_year,electronic_check,fiber,south,78.1,3925.97,75045.0,0,8.9,True,False,1,1
CUST-001915,2023-02-02,10,two_year,electronic_check,none,north,33.74,355.54,32944.0,3,8.1,True,True,0,0
CUST-002008,2023-03-19,5,one_year,bank_transfer,fiber,north,69.43,341.87,227928.0,1,4.9,False,False,1,1
CUST-001957,2021-01-21,55,month_to_month,credit_card,dsl,south,28.48,1592.03,13360.0,0,5.7,True,True,4,1
CUST-001499,2023-07-25,43,month_to_month,credit_card,none,east,21.1,888.25,31133.0,1,2.5,False,True,3,1
CUST-001228,2020-12-02,42,month_to_month,credit_card,fiber,west,74.17,3147.81,42490.0,3,6.7,False,False,0,0
CUST-002668,2023-06-19,30,month_to_month,credit_card,dsl,north,44.48,1301.02,72282.0,1,9.1,True,True,0,0
CUST-002227,2020-10-13,69,two_year,credit_card,dsl,north,42.89,2879.14,46136.0,4,6.7,False,True,0,0
CUST-001184,2020-01-16,47,month_to_month,electronic_check,dsl,south,42.17,1891.19,39546.0,0,8.0,False,False,0,0
CUST-000945,2020-01-26,41,two_year,mailed_check,fiber,east,71.09,3136.26,17502.0,3,8.2,True,True,0,0
CUST-001004,2021-03-10,4,month_to_month,bank_transfer,none,north,21.54,86.38,39371.0,1,6.9,False,True,0,0
CUST-002793,2021-06-06,25,month_to_month,credit_card,fiber,east,86.83,2165.05,108214.0,1,6.9,True,True,0,0
CUST-002861,2021-08-04,56,two_year,electronic_check,dsl,east,48.17,2605.7,34428.0,1,5.3,True,True,0,0
CUST-000011,2020-11-14,17,month_to_month,credit_card,fiber,south,64.09,1138.49,81704.0,1,4.8,False,False,5,1
CUST-001290,2022-01-24,27,month_to_month,bank_transfer,dsl,east,47.15,1304.07,29048.0,3,9.5,True,False,0,0
CUST-002380,2023-08-07,12,two_year,electronic_check,dsl,north,49.23,612.58,48590.0,0,7.3,False,True,0,0
CUST-001481,2021-01-16,64,month_to_month,credit_card,dsl,north,58.27,4017.51,232365.0,1,9.2,False,False,0,0
CUST-002670,2021-06-19,27,month_to_month,credit_card,dsl,west,42.54,1190.43,59382.0,2,7.4,True,False,0,0
CUST-001954,2022-12-09,47,month_to_month,electronic_check,fiber,north,87.3,4198.44,82379.0,2,6.4,False,True,2,1
CUST-001772,2020-11-15,38,month_to_month,bank_transfer,dsl,south,54.8,2008.12,18252.0,1,8.6,True,True,0,0
CUST-001894,2022-08-21,65,month_to_month,bank_transfer,dsl,west,49.52,3495.03,,4,7.4,False,False,0,0
CUST-001671,2023-07-02,34,month_to_month,electronic_check,fiber,west,77.51,2629.04,76854.0,2,6.5,False,False,5,1
CUST-002601,2023-05-10,35,month_to_month,credit_card,fiber,east,70.81,2250.88,21607.0,2,5.5,True,False,1,1
CUST-001014,2022-04-28,26,month_to_month,electronic_check,fiber,east,84.69,2237.83,21691.0,1,4.6,False,False,2,1
CUST-000069,2020-05-22,41,one_year,credit_card,dsl,south,39.45,1612.01,60018.0,1,5.6,True,False,0,0
CUST-001529,2023-09-12,12,month_to_month,crypto_wallet,fiber,south,74.71,909.92,19594.0,1,6.7,True,False,2,1
CUST-002744,2022-12-13,20,one_year,electronic_check,dsl,east,60.52,1129.43,48317.0,0,4.2,False,False,0,0
CUST-000814,2023-10-19,17,month_to_month,bank_transfer,fiber,north,81.45,1545.64,44472.0,1,5.2,True,False,2,1
CUST-000650,2023-06-25,28,month_to_month,credit_card,fiber,north,78.12,2268.05,54143.0,0,5.0,True,False,0,0
CUST-000608,2022-10-12,42,month_to_month,bank_transfer,fiber,east,60.5,2379.47,96711.0,1,8.9,True,False,0,0
CUST-000478,2022-06-22,56,month_to_month,credit_card,fiber,west,72.24,4121.87,48431.0,2,6.1,True,True,0,0
CUST-000721,2021-07-17,15,month_to_month,bank_transfer,fiber,north,59.46,894.94,49264.0,5,4.8,True,False,2,1
CUST-000126,2020-01-18,19,one_year,credit_card,fiber,east,65.64,1244.4,52135.0,0,8.9,False,True,0,0
CUST-001209,2023-03-06,52,one_year,electronic_check,dsl,west,38.41,1999.46,69203.0,1,5.5,False,True,0,0
CUST-001530,2023-03-09,2,month_to_month,bank_transfer,dsl,east,59.44,114.45,70673.0,2,10.0,False,False,0,0
CUST-001582,2022-11-03,8,one_year,credit_card,none,east,27.39,227.23,35384.0,0,8.4,True,False,0,0
CUST-002283,2021-02-25,42,month_to_month,credit_card,dsl,south,62.05,2370.02,128449.0,0,5.0,False,False,0,0
CUST-000728,2022-03-06,44,month_to_month,electronic_check,fiber,north,78.56,3510.55,33116.0,6,6.9,False,False,2,1
CUST-002993,2023-10-17,69,one_year,bank_transfer,fiber,west,75.53,5107.18,40124.0,2,7.2,True,True,0,0
CUST-000907,2023-09-27,66,one_year,electronic_check,fiber,north,80.21,5649.21,33228.0,1,6.7,False,True,0,0
CUST-002393,2023-03-20,50,month_to_month,bank_transfer,fiber,west,66.15,3274.39,27100.0,1,6.0,True,True,0,0
CUST-001941,2021-10-11,29,month_to_month,credit_card,dsl,south,53.89,1574.26,77908.0,3,5.5,True,False,0,0
CUST-001117,2021-06-10,17,month_to_month,credit_card,dsl,west,60.39,1096.76,39816.0,3,6.7,True,True,0,0
CUST-000349,2022-01-22,71,one_year,mailed_check,none,south,21.53,1557.82,39277.0,0,7.3,True,True,0,0
CUST-001200,2022-01-09,32,two_year,electronic_check,dsl,north,44.94,1378.94,54602.0,0,6.9,True,True,0,0
CUST-000872,2021-06-18,47,one_year,bank_transfer,fiber,east,76.55,3847.21,15076.0,0,5.7,True,False,0,0
CUST-002792,2020-12-10,23,month_to_month,bank_transfer,dsl,north,67.56,1552.5,128300.0,2,4.9,True,True,4,1
CUST-002844,2021-11-27,66,month_to_month,bank_transfer,dsl,east,50.63,3482.99,,1,7.8,False,False,0,0
CUST-001526,2021-06-14,16,two_year,bank_transfer,none,east,23.62,408.93,50980.0,0,6.8,True,True,0,0
CUST-000387,2021-03-20,47,month_to_month,credit_card,dsl,north,45.05,2071.83,44076.0,3,8.8,False,False,0,0
CUST-000328,2023-06-17,33,two_year,electronic_check,fiber,west,61.48,2002.82,70625.0,1,6.1,True,True,0,0
CUST-002373,2021-12-17,68,month_to_month,electronic_check,fiber,south,48.47,3241.14,26721.0,4,10.0,False,True,0,0
CUST-001691,2021-05-15,59,month_to_month,mailed_check,none,west,15.0,894.01,15383.0,3,5.8,False,True,0,0
CUST-002752,2022-05-10,46,month_to_month,mailed_check,fiber,west,80.29,3471.82,75996.0,1,5.1,True,True,0,0
CUST-002808,2021-04-07,3,two_year,electronic_check,fiber,west,60.17,174.72,133773.0,2,7.2,False,True,5,1
CUST-002276,2022-03-19,71,month_to_month,electronic_check,fiber,west,64.98,4370.24,29038.0,1,8.7,True,False,0,0
CUST-002100,2021-12-20,3,month_to_month,mailed_check,dsl,west,36.04,101.08,28551.0,1,5.2,True,True,0,0
CUST-001531,2023-06-02,62,month_to_month,credit_card,none,north,25.16,1614.78,19427.0,3,4.8,False,False,0,0
CUST-000928,2022-10-12,21,month_to_month,bank_transfer,fiber,north,79.66,1689.36,68606.0,1,9.6,True,True,0,0
CUST-000333,2023-09-17,7,month_to_month,electronic_check,dsl,east,32.46,231.11,27045.0,2,10.0,False,False,0,0
CUST-002285,2020-02-28,64,month_to_month,credit_card,none,south,21.57,1361.08,33406.0,1,6.8,False,False,0,0
CUST-000960,2020-07-30,11,two_year,mailed_check,fiber,south,69.67,837.42,152770.0,0,6.4,False,False,0,0
CUST-002526,2020-08-08,23,month_to_month,credit_card,dsl,west,44.27,1049.74,,1,5.9,False,True,0,0
CUST-001924,2022-04-23,68,month_to_month,bank_transfer,dsl,north,52.42,3571.04,110681.0,3,8.8,True,False,2,1
CUST-001964,2022-10-09,3,month_to_month,electronic_check,fiber,south,71.93,214.74,154311.0,2,5.3,False,False,4,1
CUST-000291,2023-08-19,50,one_year,credit_card,fiber,west,80.17,4234.15,43157.0,0,6.6,True,False,0,0
CUST-001593,2023-04-27,51,month_to_month,bank_transfer,fiber,east,87.59,4577.34,39473.0,0,6.3,True,False,0,0
CUST-002023,2020-02-10,53,two_year,mailed_check,dsl,north,54.78,2937.04,156913.0,0,3.5,True,True,0,0
CUST-001729,2022-08-17,18,month_to_month,mailed_check,fiber,south,73.38,1346.25,13103.0,3,5.4,True,False,0,0
CUST-002399,2022-07-28,64,one_year,credit_card,fiber,north,65.77,4319.94,56900.0,0,10.0,False,True,0,0
CUST-000131,2020-02-21,2,two_year,credit_card,dsl,north,48.97,93.32,33498.0,1,8.6,False,True,4,1
CUST-002185,2022-03-12,63,month_to_month,mailed_check,none,south,15.0,911.3,96169.0,2,10.0,True,True,0,0
CUST-002961,2021-01-28,56,month_to_month,credit_card,dsl,south,57.49,3159.46,74006.0,2,6.5,True,True,1,1
CUST-000135,2020-03-17,50,month_to_month,credit_card,fiber,east,73.64,3626.8,30614.0,0,6.8,False,False,0,0
CUST-002789,2020-02-16,37,two_year,credit_card,dsl,south,51.83,1880.05,54430.0,0,7.6,True,True,0,0
CUST-002110,2021-07-20,38,month_to_month,bank_transfer,none,north,15.0,541.99,157586.0,0,9.9,True,False,0,0
CUST-001863,2021-06-24,71,one_year,credit_card,none,south,21.15,1472.59,116648.0,2,7.1,True,False,0,0
CUST-002230,2020-01-30,57,month_to_month,electronic_check,fiber,east,87.82,5500.91,76037.0,2,6.8,True,False,2,1
CUST-001768,2020-08-27,9,month_to_month,mailed_check,fiber,north,93.6,837.47,30982.0,1,6.9,True,False,0,0
CUST-001975,2020-12-14,8,month_to_month,bank_transfer,dsl,south,36.54,292.12,31824.0,1,4.3,True,True,4,1
CUST-000881,2022-03-21,29,one_year,credit_card,fiber,south,62.45,1742.89,43206.0,0,9.0,False,False,0,0
CUST-000852,2023-07-11,36,two_year,bank_transfer,dsl,east,44.12,1617.43,115587.0,0,5.8,False,True,0,0
CUST-002880,2021-06-13,39,one_year,bank_transfer,dsl,north,49.94,1875.13,66688.0,1,5.2,True,True,0,0
CUST-000912,2021-10-24,29,two_year,credit_card,fiber,south,77.71,2215.71,114316.0,2,5.8,False,False,2,1
CUST-001976,2020-12-18,9,month_to_month,electronic_check,fiber,west,75.46,680.29,106893.0,2,9.1,False,False,0,0
CUST-000983,2020-05-04,51,one_year,credit_card,none,east,18.85,993.45,25159.0,1,7.7,True,True,0,0
CUST-002462,2020-12-10,59,month_to_month,bank_transfer,dsl,west,57.74,3419.5,74556.0,3,8.8,False,False,0,0
CUST-000733,2022-09-22,29,one_year,credit_card,none,south,35.43,1037.77,56603.0,0,4.1,False,False,0,0
CUST-001052,2022-07-17,2,month_to_month,bank_transfer,dsl,south,50.05,99.87,49222.0,0,6.4,False,True,0,0
CUST-001095,2021-06-24,28,month_to_month,electronic_check,dsl,south,41.25,1245.57,35677.0,1,3.1,True,False,2,1
CUST-002109,2023-11-19,68,two_year,bank_transfer,fiber,south,79.21,5181.04,118829.0,0,8.8,False,True,0,0
CUST-002896,2023-12-17,39,month_to_month,mailed_check,fiber,south,76.12,3053.77,12175.0,1,7.3,True,True,0,0
CUST-002541,2022-01-15,34,one_year,electronic_check,dsl,south,46.4,1445.94,99719.0,2,7.8,False,False,0,0
CUST-002523,2023-04-15,4,two_year,electronic_check,none,south,15.0,59.12,42111.0,0,6.5,True,False,4,1
CUST-001777,2020-12-21,12,two_year,electronic_check,none,south,29.5,358.15,37002.0,0,8.6,False,True,0,0
CUST-000403,2021-12-08,66,month_to_month,bank_transfer,dsl,north,60.09,4103.64,142351.0,0,7.6,False,False,0,0
CUST-000368,2022-07-05,31,month_to_month,bank_transfer,dsl,north,68.42,2116.89,35983.0,0,9.4,True,True,0,0
CUST-001649,2023-06-25,19,month_to_month,electronic_check,none,north,30.32,528.78,38988.0,2,4.8,False,True,0,0
CUST-000060,2022-12-14,15,month_to_month,electronic_check,dsl,north,57.05,841.35,58317.0,2,4.2,True,True,5,1
CUST-001760,2022-08-13,31,two_year,credit_card,none,east,16.23,526.11,32317.0,0,5.7,True,False,0,0
CUST-001174,2021-02-02,59,month_to_month,credit_card,dsl,south,53.08,2999.13,,2,7.7,False,False,0,0
CUST-001427,2022-12-18,17,one_year,bank_transfer,dsl,south,68.68,1093.63,45739.0,2,6.5,False,True,0,0
CUST-000251,2021-10-09,3,month_to_month,credit_card,dsl,west,51.68,159.51,87745.0,0,9.6,True,False,4,1
CUST-001366,2021-06-04,11,month_to_month,credit_card,none,east,15.0,167.92,,1,2.4,True,False,2,1
CUST-001519,2023-02-24,2,month_to_month,electronic_check,none,north,15.0,28.89,45900.0,0,5.4,False,True,5,1
CUST-002469,2022-07-17,25,month_to_month,electronic_check,fiber,south,69.07,1783.6,35900.0,1,3.8,False,False,5,1
CUST-001352,2021-01-16,5,two_year,electronic_check,dsl,east,68.94,366.2,51383.0,0,6.9,True,True,0,0
CUST-000693,2022-05-18,40,month_to_month,mailed_check,dsl,west,52.67,2050.97,43197.0,2,8.3,False,False,0,0
CUST-000505,2023-06-30,64,two_year,mailed_check,dsl,north,43.4,2715.11,23789.0,1,10.0,True,True,0,0
CUST-001659,2023-04-17,59,month_to_month,electronic_check,dsl,east,48.53,2959.4,91040.0,1,5.8,False,False,0,0
CUST-001479,2023-03-28,71,month_to_month,bank_transfer,fiber,west,75.64,5413.9,47405.0,2,8.0,False,False,0,0
CUST-000842,2022-12-27,23,month_to_month,mailed_check,fiber,north,60.77,1427.0,146969.0,2,5.2,True,True,0,0
CUST-000954,2020-07-02,35,month_to_month,credit_card,dsl,west,72.29,2547.57,115108.0,4,4.1,True,True,3,1
CUST-000377,2020-03-02,20,month_to_month,bank_transfer,dsl,north,47.48,909.54,32871.0,2,7.2,False,False,0,0
CUST-001541,2020-08-16,70,month_to_month,bank_transfer,fiber,west,74.45,5159.88,49145.0,1,6.0,True,True,0,0
CUST-002727,2020-09-03,41,month_to_month,mailed_check,dsl,north,56.21,2440.23,45558.0,3,9.4,True,False,0,0
CUST-002764,2022-11-17,8,one_year,electronic_check,fiber,south,69.84,553.43,190156.0,1,8.0,False,False,0,0
CUST-000034,2021-12-05,57,month_to_month,electronic_check,dsl,west,33.83,1863.77,172686.0,1,5.4,True,False,0,0
CUST-001336,2021-10-14,15,two_year,mailed_check,none,west,16.12,241.93,18352.0,2,5.1,False,True,0,0
CUST-000932,2023-07-20,9,month_to_month,credit_card,fiber,east,76.54,698.29,35937.0,0,8.6,True,True,2,1
CUST-000795,2022-12-24,26,two_year,bank_transfer,fiber,south,71.5,1783.35,41920.0,0,8.7,True,True,0,0
CUST-001829,2022-10-08,58,month_to_month,mailed_check,none,south,15.0,805.2,29471.0,2,5.3,True,False,0,0
CUST-002552,2022-12-25,72,two_year,mailed_check,dsl,south,61.69,4130.24,43814.0,2,7.1,True,True,0,0
CUST-002992,2023-06-10,45,month_to_month,bank_transfer,fiber,west,72.51,3210.98,92908.0,3,5.3,True,True,4,1
CUST-002260,2022-10-02,49,month_to_month,mailed_check,dsl,south,55.6,2894.28,150072.0,2,9.5,False,False,0,0
CUST-002397,2020-02-01,56,one_year,electronic_check,dsl,west,50.0,2715.66,132367.0,1,8.0,False,False,0,0
CUST-000668,2021-09-04,36,one_year,bank_transfer,fiber,south,80.55,2881.93,28950.0,0,9.5,True,False,3,1
CUST-001647,2023-08-21,13,month_to_month,credit_card,dsl,west,63.9,802.87,56641.0,2,3.7,False,False,0,0
CUST-002432,2021-11-21,29,month_to_month,credit_card,dsl,south,39.51,1117.82,98552.0,0,4.2,True,False,0,0
CUST-002982,2020-03-19,59,month_to_month,mailed_check,fiber,north,54.19,3438.93,28304.0,3,4.7,False,False,0,0
CUST-000968,2021-03-17,49,month_to_month,bank_transfer,fiber,west,85.32,4198.36,87729.0,2,9.4,True,False,0,0
CUST-000676,2021-10-12,48,month_to_month,credit_card,dsl,south,52.24,2413.13,39261.0,2,7.3,False,True,1,1
CUST-001468,2022-10-13,65,one_year,bank_transfer,dsl,south,60.55,3903.98,168111.0,0,5.3,True,True,0,0
CUST-000049,2021-02-16,43,two_year,bank_transfer,fiber,south,80.24,3265.3,22012.0,3,10.0,True,True,0,0
CUST-002950,2021-12-05,66,one_year,credit_card,dsl,south,51.08,3353.51,264147.0,1,7.3,False,False,0,0
CUST-002758,2020-01-28,45,two_year,electronic_check,none,north,15.0,698.91,44867.0,1,7.7,True,True,0,0
CUST-000782,2021-02-15,49,one_year,credit_card,dsl,north,51.64,2875.13,132569.0,2,7.9,True,True,0,0
CUST-001384,2021-01-18,29,month_to_month,mailed_check,dsl,south,53.73,1559.28,47758.0,2,6.3,True,True,0,0
CUST-002419,2020-11-06,63,two_year,electronic_check,dsl,north,49.11,3014.82,45551.0,1,4.8,True,True,0,0
CUST-000656,2022-01-21,9,month_to_month,mailed_check,dsl,west,34.91,333.89,12331.0,2,4.4,True,True,0,0
CUST-002219,2023-09-25,33,one_year,credit_card,none,east,36.79,1229.96,44242.0,1,5.1,True,False,0,0
CUST-002049,2020-08-18,65,month_to_month,electronic_check,none,north,18.17,1228.43,70620.0,0,10.0,True,True,0,0
CUST-002623,2023-05-27,29,month_to_month,electronic_check,none,north,15.0,446.31,16966.0,2,7.8,True,True,0,0
CUST-001274,2023-11-24,35,month_to_month,electronic_check,dsl,south,42.66,1428.14,167080.0,1,3.8,False,False,0,0
CUST-000773,2020-01-03,60,month_to_month,credit_card,fiber,east,68.8,4032.57,68537.0,1,3.7,True,False,5,1
CUST-001850,2023-10-09,8,month_to_month,credit_card,fiber,south,78.86,552.69,117831.0,2,8.4,True,False,0,0
CUST-000592,2020-08-03,34,month_to_month,bank_transfer,fiber,north,76.19,2438.96,116196.0,0,7.7,True,True,0,0
CUST-000606,2021-03-14,66,two_year,electronic_check,none,north,15.0,1019.47,51070.0,2,5.1,False,True,0,0
CUST-000685,2022-05-17,70,one_year,electronic_check,fiber,south,80.08,5499.53,54438.0,2,8.6,False,False,2,1
CUST-002160,2023-02-03,28,two_year,bank_transfer,none,west,32.63,956.59,65951.0,0,5.2,False,True,0,0
CUST-002542,2022-01-29,39,one_year,credit_card,none,south,24.15,939.31,12894.0,1,8.4,False,False,0,0
CUST-000306,2020-05-29,51,month_to_month,credit_card,dsl,west,50.49,2854.43,48773.0,2,6.7,True,True,2,1
CUST-001974,2022-01-09,18,month_to_month,credit_card,dsl,north,40.12,705.79,41406.0,2,6.4,True,False,1,1
CUST-002900,2020-09-03,28,month_to_month,credit_card,fiber,east,73.15,2132.05,14902.0,1,8.1,True,True,3,1
CUST-002929,2023-04-01,35,one_year,mailed_check,dsl,north,42.76,1516.84,29277.0,0,4.0,True,False,0,0
CUST-002148,2022-07-03,4,month_to_month,bank_transfer,fiber,west,77.69,280.1,24685.0,2,6.9,False,True,1,1
CUST-000189,2022-02-18,64,month_to_month,electronic_check,dsl,north,56.49,3502.37,,1,8.6,True,False,0,0
CUST-001312,2023-05-28,55,month_to_month,electronic_check,fiber,south,79.32,4233.33,210173.0,2,8.9,True,False,0,0
CUST-001001,2023-04-20,72,month_to_month,credit_card,fiber,north,56.13,3815.91,54853.0,0,8.5,True,False,0,0
CUST-001620,2021-04-13,69,month_to_month,electronic_check,fiber,east,66.97,4671.26,55620.0,1,10.0,True,True,0,0
CUST-001853,2020-02-25,13,month_to_month,bank_transfer,none,west,15.0,204.95,33581.0,1,8.0,False,False,0,0
CUST-000165,2020-10-18,17,one_year,electronic_check,dsl,north,52.77,837.58,19577.0,0,8.7,True,False,0,0
CUST-000172,2020-01-14,41,one_year,electronic_check,dsl,east,67.14,2865.34,60552.0,1,3.3,True,False,0,0
CUST-002012,2023-12-25,43,month_to_month,bank_transfer,dsl,south,60.09,2858.28,,1,6.3,True,False,0,0
CUST-000507,2021-10-16,55,month_to_month,bank_transfer,dsl,east,52.37,2650.92,93200.0,2,7.5,False,False,0,0
CUST-001311,2021-08-17,8,month_to_month,electronic_check,none,east,16.77,133.99,91014.0,2,8.8,False,False,1,1
CUST-002172,2022-01-23,29,month_to_month,bank_transfer,dsl,west,51.32,1452.69,29734.0,1,6.2,True,False,1,1
CUST-001474,2021-03-30,55,month_to_month,mailed_check,dsl,north,51.07,3095.74,91675.0,0,6.4,False,False,0,0
CUST-001544,2022-06-09,35,month_to_month,electronic_check,dsl,west,53.3,1915.43,64820.0,0,4.7,True,False,3,1
CUST-001947,2022-04-25,8,one_year,mailed_check,fiber,north,75.93,593.96,122079.0,0,10.0,True,False,0,0
CUST-000181,2021-06-10,39,month_to_month,mailed_check,dsl,west,54.13,2058.66,82837.0,1,7.5,False,False,0,0
CUST-002778,2021-08-31,28,two_year,credit_card,fiber,west,79.86,2321.54,25419.0,1,2.5,True,True,5,1
CUST-001948,2022-09-06,13,month_to_month,credit_card,dsl,north,43.39,573.24,56241.0,3,6.7,False,False,0,0
CUST-001755,2023-03-09,33,month_to_month,electronic_check,dsl,east,58.13,1769.2,26950.0,2,3.9,True,True,5,1
CUST-002703,2020-06-16,55,month_to_month,bank_transfer,none,west,33.22,1819.05,37532.0,4,6.4,False,True,0,0
CUST-000511,2020-02-28,13,month_to_month,credit_card,fiber,south,67.26,960.89,75340.0,2,5.6,True,False,5,1
CUST-000672,2023-10-18,48,one_year,credit_card,none,north,15.0,642.54,127766.0,1,6.8,True,False,0,0
CUST-002677,2022-11-25,20,one_year,credit_card,none,east,20.91,440.02,26364.0,1,4.5,True,False,0,0
CUST-001185,2022-12-09,10,one_year,electronic_check,dsl,north,56.13,572.63,62734.0,1,4.8,True,True,0,0
CUST-000355,2021-03-29,68,two_year,mailed_check,none,north,15.0,1032.54,,1,10.0,True,True,0,0
CUST-001758,2021-04-06,38,one_year,bank_transfer,fiber,east,61.65,2461.14,52190.0,0,7.6,False,True,0,0
CUST-002599,2021-08-22,71,month_to_month,bank_transfer,dsl,west,56.36,3953.69,35278.0,1,5.0,True,True,0,0
CUST-000533,2022-06-06,7,month_to_month,electronic_check,dsl,south,49.9,337.03,40929.0,3,7.4,True,False,4,1
CUST-001148,2022-02-11,24,month_to_month,bank_transfer,none,south,33.8,865.51,84683.0,3,8.7,False,True,0,0
CUST-000962,2020-03-22,41,month_to_month,credit_card,none,south,27.89,1113.09,27980.0,0,7.0,False,False,1,1
CUST-001373,2023-01-30,36,month_to_month,bank_transfer,none,south,15.0,570.7,88069.0,2,4.5,True,False,0,0
CUST-000252,2021-02-20,15,two_year,credit_card,dsl,east,57.08,875.13,,0,6.1,False,True,0,0
CUST-000437,2021-03-01,29,month_to_month,credit_card,dsl,south,48.52,1418.74,25578.0,4,5.1,False,False,0,0
CUST-000382,2023-05-04,14,month_to_month,mailed_check,fiber,north,76.08,1090.74,55582.0,1,5.5,False,True,3,1
CUST-002753,2021-02-18,41,two_year,credit_card,fiber,north,54.61,2384.78,75821.0,0,6.7,True,True,0,0
CUST-001059,2022-05-09,62,month_to_month,mailed_check,none,north,26.07,1542.06,9123.0,3,8.3,True,False,0,0
CUST-001674,2023-01-28,48,one_year,credit_card,dsl,south,21.66,955.63,233518.0,1,4.9,True,True,0,0
CUST-000943,2020-05-12,29,one_year,electronic_check,dsl,west,40.19,1160.05,51310.0,1,4.4,True,False,0,0
CUST-001882,2021-05-20,43,month_to_month,credit_card,none,south,15.0,625.52,78596.0,1,5.9,True,False,0,0
CUST-000408,2022-07-24,41,one_year,electronic_check,none,south,26.75,1063.88,51022.0,0,7.4,True,True,0,0
CUST-002300,2022-10-27,12,month_to_month,mailed_check,fiber,north,71.7,865.39,188881.0,4,8.0,True,False,0,0
CUST-001770,2022-10-21,61,two_year,bank_transfer,fiber,south,60.46,3793.61,23842.0,1,6.6,True,True,0,0
CUST-000652,2020-07-20,38,month_to_month,electronic_check,fiber,west,70.88,2561.84,75696.0,3,5.5,True,False,0,0
CUST-001899,2021-08-27,14,month_to_month,credit_card,fiber,south,80.39,1110.72,15652.0,1,5.1,True,False,0,0
CUST-001331,2020-03-25,30,month_to_month,electronic_check,none,south,15.0,414.91,39785.0,4,8.8,False,False,0,0
CUST-000538,2022-11-11,35,month_to_month,mailed_check,fiber,north,84.14,2769.92,50306.0,4,9.3,True,False,0,0
CUST-002910,2023-10-10,31,one_year,mailed_check,dsl,west,56.29,1715.14,36412.0,2,7.0,False,True,0,0
CUST-000838,2021-03-04,37,month_to_month,bank_transfer,dsl,west,56.36,2302.71,45563.0,2,6.6,False,True,5,1
CUST-000670,2020-05-07,56,one_year,credit_card,dsl,south,61.9,3541.15,68927.0,0,8.2,True,False,0,0
CUST-000554,2020-09-18,50,month_to_month,mailed_check,fiber,east,72.79,3737.8,37387.0,2,3.7,True,False,0,0
CUST-002585,2023-01-03,15,one_year,credit_card,fiber,north,72.36,1171.05,83231.0,0,7.6,False,False,0,0
CUST-002324,2023-12-06,26,month_to_month,bank_transfer,dsl,north,58.66,1528.92,29301.0,1,5.6,True,False,0,0
CUST-000654,2022-02-07,60,month_to_month,bank_transfer,fiber,south,78.62,4776.45,63747.0,1,6.0,False,True,4,1
CUST-001712,2020-11-16,20,one_year,credit_card,none,west,18.14,374.04,74706.0,0,6.5,False,False,0,0
CUST-001567,2020-02-19,36,two_year,bank_transfer,fiber,west,94.21,3099.91,46042.0,0,6.9,True,True,3,1
CUST-000578,2022-11-20,62,month_to_month,bank_transfer,dsl,north,50.69,3296.53,123375.0,2,4.9,True,False,0,0
CUST-000188,2021-02-16,1,two_year,credit_card,dsl,north,51.14,52.23,13020.0,0,8.0,True,True,0,0
CUST-000472,2020-01-08,68,month_to_month,electronic_check,dsl,north,53.38,3746.52,96924.0,4,8.9,True,True,0,0
CUST-002316,2021-01-05,37,two_year,bank_transfer,dsl,south,50.08,1877.15,20888.0,0,1.8,False,True,0,0
CUST-001047,2021-07-25,72,month_to_month,electronic_check,dsl,north,53.93,3535.15,45286.0,2,10.0,True,False,0,0
CUST-002403,2021-04-14,55,two_year,electronic_check,none,north,15.0,891.85,75652.0,1,4.5,True,True,0,0
CUST-002327,2020-09-06,19,month_to_month,credit_card,fiber,west,70.37,1287.02,37693.0,3,8.5,True,False,1,1
CUST-001070,2022-11-29,60,month_to_month,electronic_check,fiber,west,78.09,4672.57,93334.0,3,4.8,True,True,3,1
CUST-001575,2021-01-25,27,month_to_month,credit_card,none,west,25.98,686.89,24892.0,5,1.7,False,True,0,0
CUST-000984,2022-02-22,39,month_to_month,bank_transfer,none,east,26.21,1013.61,41685.0,1,6.9,False,False,0,0
CUST-001483,2023-06-07,63,month_to_month,electronic_check,dsl,south,58.23,3655.7,52561.0,3,7.5,True,True,0,0
CUST-001812,2021-07-23,34,one_year,mailed_check,fiber,south,56.84,1769.19,77566.0,0,4.2,True,False,0,0
CUST-001766,2021-10-18,46,two_year,credit_card,fiber,north,68.79,3247.81,81874.0,0,5.8,True,True,0,0
CUST-000856,2021-11-01,52,month_to_month,electronic_check,fiber,south,75.38,3815.06,24545.0,1,8.5,False,False,4,1
CUST-002071,2023-12-20,21,one_year,bank_transfer,fiber,south,74.4,1676.3,91093.0,2,4.0,True,False,3,1
CUST-002983,2022-10-06,44,month_to_month,electronic_check,fiber,south,70.87,3274.98,41276.0,2,5.9,False,True,0,0
CUST-001695,2021-01-21,36,month_to_month,credit_card,dsl,south,60.93,1932.87,60095.0,4,7.9,True,False,3,1
CUST-001287,2023-05-03,23,month_to_month,credit_card,fiber,north,75.43,1807.98,113991.0,1,9.5,False,False,0,0
CUST-001848,2022-11-17,35,one_year,electronic_check,fiber,west,66.66,2360.82,246712.0,1,4.3,True,False,0,0
CUST-002428,2022-05-22,11,month_to_month,bank_transfer,fiber,south,63.54,728.29,39493.0,2,10.0,True,False,0,0
CUST-000149,2021-08-22,61,month_to_month,mailed_check,dsl,west,60.23,4012.13,45714.0,2,9.5,True,True,0,0
CUST-000179,2020-04-25,19,two_year,mailed_check,none,west,20.52,382.63,55529.0,0,7.3,True,True,0,0
CUST-000230,2022-10-26,28,month_to_month,credit_card,dsl,north,44.32,1371.45,81963.0,0,4.5,False,False,5,1
CUST-000043,2021-10-09,72,two_year,mailed_check,none,east,19.66,1453.9,79965.0,0,6.7,True,True,0,0
CUST-002569,2020-10-06,27,one_year,electronic_check,dsl,east,49.95,1273.3,160335.0,0,8.6,False,True,0,0
CUST-002617,2023-03-18,12,one_year,electronic_check,dsl,east,48.05,580.85,80620.0,1,4.1,False,True,0,0
CUST-002078,2023-08-11,37,one_year,electronic_check,fiber,west,78.01,3136.7,56827.0,2,5.3,True,False,0,0
CUST-002233,2022-04-02,57,two_year,electronic_check,dsl,north,62.73,3362.05,114126.0,2,10.0,True,True,0,0
CUST-002505,2021-06-03,38,month_to_month,credit_card,fiber,east,68.66,2463.0,83144.0,2,4.3,False,True,1,1
CUST-001873,2022-11-10,50,month_to_month,credit_card,fiber,east,80.85,3919.85,74900.0,2,5.3,True,False,0,0
CUST-001910,2021-08-27,59,two_year,electronic_check,fiber,south,64.63,3722.59,50794.0,0,6.7,False,True,0,0
CUST-002464,2023-02-11,64,month_to_month,bank_transfer,fiber,north,77.86,5068.11,136519.0,2,7.8,False,False,0,0
CUST-002887,2021-06-20,70,two_year,bank_transfer,none,west,33.09,2317.56,36502.0,0,5.7,False,True,0,0
CUST-000213,2020-07-12,34,one_year,credit_card,dsl,south,52.95,1878.7,33099.0,2,7.8,False,False,0,0
CUST-001169,2020-07-16,25,two_year,credit_card,dsl,south,51.91,1278.95,,1,5.3,True,True,0,0
CUST-000297,2021-08-02,8,month_to_month,mailed_check,fiber,east,53.28,426.59,19798.0,4,5.2,True,False,3,1
CUST-002986,2020-11-03,68,month_to_month,credit_card,fiber,east,82.35,5207.76,135068.0,1,2.7,True,False,0,0
CUST-000142,2021-11-01,14,month_to_month,credit_card,none,south,27.04,380.08,91577.0,1,9.3,True,False,0,0
CUST-000766,2022-09-30,21,month_to_month,mailed_check,fiber,north,67.49,1495.98,12581.0,2,4.3,True,False,0,0
CUST-001817,2023-04-04,18,two_year,bank_transfer,none,west,19.03,313.82,,1,8.1,False,False,0,0
CUST-000118,2020-09-08,13,month_to_month,credit_card,dsl,north,58.78,705.19,70781.0,2,5.9,True,False,0,0
CUST-000397,2022-10-11,62,month_to_month,electronic_check,fiber,south,79.37,5075.86,118877.0,5,6.4,False,True,5,1
CUST-001977,2020-12-18,6,month_to_month,bank_transfer,fiber,west,72.14,415.21,29827.0,1,8.0,True,False,0,0
CUST-000463,2020-08-21,2,month_to_month,bank_transfer,fiber,south,67.24,119.96,58789.0,2,2.6,False,False,2,1
CUST-002091,2023-11-15,28,month_to_month,credit_card,fiber,east,76.91,1943.78,23857.0,2,7.2,False,True,0,0
CUST-001945,2021-12-11,42,one_year,credit_card,none,north,16.3,695.46,47051.0,0,4.0,True,False,0,0
CUST-002010,2021-09-09,37,two_year,mailed_check,none,south,31.18,1096.28,27065.0,1,4.4,True,False,0,0
CUST-000391,2022-11-27,14,month_to_month,mailed_check,fiber,east,61.4,830.12,134094.0,1,6.3,False,True,0,0
CUST-000339,2023-11-13,8,one_year,electronic_check,fiber,north,58.74,461.54,87833.0,1,3.8,True,False,0,0
CUST-002528,2023-02-06,3,one_year,electronic_check,fiber,south,70.56,211.38,46351.0,0,9.3,True,True,4,1
CUST-000910,2023-04-25,48,two_year,mailed_check,fiber,east,71.79,3285.66,27956.0,0,3.7,False,False,0,0
CUST-000432,2020-01-01,1,two_year,bank_transfer,dsl,south,43.37,41.16,64975.0,1,6.7,False,True,0,0
CUST-001808,2021-08-05,48,one_year,mailed_check,fiber,north,92.82,4503.46,40242.0,0,5.0,False,False,4,1
CUST-001116,2020-07-16,50,month_to_month,bank_transfer,dsl,south,57.92,2935.69,56634.0,2,9.2,False,False,0,0
CUST-000971,2023-11-02,22,one_year,electronic_check,dsl,east,44.03,985.9,41009.0,2,6.6,True,True,0,0
CUST-001272,2020-12-10,26,month_to_month,bank_transfer,dsl,west,38.32,1037.6,41484.0,5,10.0,False,False,0,0
CUST-002251,2022-03-31,52,month_to_month,electronic_check,dsl,north,34.18,1794.37,71676.0,3,8.7,False,False,0,0
CUST-000601,2022-04-23,47,one_year,credit_card,fiber,east,85.99,4224.13,,2,6.3,False,False,2,1
CUST-001313,2020-01-23,45,month_to_month,credit_card,dsl,north,41.72,1844.71,138196.0,2,5.0,True,False,2,1
CUST-000744,2023-07-12,20,one_year,electronic_check,dsl,west,61.35,1150.7,134311.0,2,6.7,False,False,0,0
CUST-000310,2023-07-09,56,one_year,electronic_check,fiber,north,68.09,3931.28,67493.0,2,9.1,True,True,0,0
CUST-001285,2020-11-19,13,month_to_month,credit_card,dsl,south,62.18,793.93,24369.0,3,7.5,True,False,0,0
CUST-002898,2022-03-19,53,one_year,credit_card,dsl,south,63.43,3503.64,,3,8.1,False,False,0,0
CUST-000438,2023-05-19,42,month_to_month,credit_card,fiber,north,83.5,3481.21,93734.0,2,4.0,True,False,2,1
CUST-001488,2020-12-03,17,one_year,credit_card,fiber,south,65.67,1121.68,38109.0,0,4.6,False,False,0,0
CUST-000767,2022-01-08,2,two_year,credit_card,fiber,west,88.65,178.02,54928.0,0,4.9,True,True,2,1
CUST-002443,2023-12-18,15,month_to_month,mailed_check,none,south,15.0,217.75,18441.0,0,5.5,False,False,0,0
CUST-000801,2020-03-05,6,month_to_month,electronic_check,fiber,south,65.41,382.82,,1,3.8,False,False,3,1
CUST-000448,2021-08-19,61,month_to_month,electronic_check,fiber,east,76.3,4699.73,23124.0,2,7.9,False,False,0,0
CUST-002205,2022-03-13,66,month_to_month,credit_card,dsl,east,48.83,3140.3,36134.0,2,9.6,True,True,0,0
CUST-002606,2020-01-24,71,month_to_month,bank_transfer,dsl,west,36.81,2842.07,58724.0,1,5.5,True,True,0,0
CUST-000661,2020-02-19,70,month_to_month,bank_transfer,fiber,south,64.32,4511.32,13458.0,2,6.9,True,False,0,0
CUST-000417,2020-02-07,52,month_to_month,electronic_check,dsl,north,57.84,2865.01,29279.0,2,4.7,False,True,0,0
CUST-001088,2021-07-20,54,month_to_month,credit_card,dsl,south,53.25,3019.37,166696.0,1,9.0,False,False,0,0
CUST-001081,2020-10-07,66,month_to_month,bank_transfer,fiber,south,85.69,5525.11,143626.0,1,8.4,True,False,0,0
CUST-000092,2022-08-24,35,month_to_month,credit_card,dsl,east,46.17,1650.97,69096.0,2,3.4,False,False,0,0
CUST-002882,2020-06-15,11,month_to_month,electronic_check,dsl,south,51.84,601.64,56529.0,0,8.5,True,False,0,0
CUST-000231,2020-01-02,13,month_to_month,electronic_check,dsl,south,59.77,782.22,44301.0,1,6.7,False,False,5,1
CUST-001723,2021-05-24,16,two_year,credit_card,none,north,16.42,269.78,54457.0,1,6.8,True,True,0,0
CUST-001114,2021-03-20,14,one_year,mailed_check,dsl,north,59.11,870.23,38477.0,0,6.7,True,False,4,1
CUST-002746,2022-10-01,26,month_to_month,credit_card,fiber,east,61.54,1623.19,35706.0,3,1.7,True,False,4,1
CUST-001815,2020-12-27,45,month_to_month,credit_card,none,west,30.21,1258.2,77129.0,3,8.7,True,False,0,0
CUST-000850,2022-04-15,43,two_year,electronic_check,fiber,north,73.72,3271.34,106279.0,2,8.3,True,True,3,1
CUST-000777,2023-09-15,28,one_year,electronic_check,fiber,north,66.45,1779.19,171731.0,0,8.4,False,False,0,0
CUST-000284,2023-10-02,67,two_year,credit_card,dsl,north,54.3,3629.74,35123.0,0,8.6,False,True,0,0
CUST-001745,2022-02-12,11,one_year,bank_transfer,fiber,north,88.3,981.57,19383.0,1,3.7,True,True,0,0
CUST-001555,2023-04-09,39,month_to_month,mailed_check,fiber,north,69.64,2854.05,45558.0,3,3.8,False,True,0,0
CUST-000948,2023-05-18,22,month_to_month,mailed_check,dsl,west,39.67,856.15,19233.0,1,7.1,True,False,0,0
CUST-002423,2023-05-08,9,month_to_month,bank_transfer,fiber,east,80.46,695.67,,1,8.0,False,False,3,1
CUST-001436,2022-11-30,43,month_to_month,mailed_check,dsl,west,40.57,1797.43,53503.0,2,7.3,False,False,0,0
CUST-002515,2021-11-22,6,month_to_month,bank_transfer,fiber,south,74.74,468.14,30971.0,2,6.6,True,False,0,0
CUST-001013,2020-09-24,5,two_year,electronic_check,fiber,west,75.46,373.06,59729.0,0,7.0,True,True,0,0
CUST-002512,2022-05-27,31,month_to_month,bank_transfer,fiber,east,67.76,1920.3,63345.0,0,4.7,True,False,3,1
CUST-000283,2022-03-13,23,two_year,credit_card,none,south,28.91,647.82,48573.0,0,4.3,True,True,0,0
CUST-001643,2020-12-19,3,month_to_month,mailed_check,fiber,south,74.02,216.57,78190.0,1,4.5,True,True,2,1
CUST-001511,2023-02-19,60,one_year,mailed_check,none,west,19.06,1021.05,70729.0,0,7.3,True,True,0,0
CUST-001330,2020-10-13,30,month_to_month,bank_transfer,none,north,32.12,971.05,63254.0,2,1.4,False,False,0,0
CUST-002745,2023-10-12,14,month_to_month,credit_card,dsl,south,77.0,981.15,30051.0,1,8.4,True,False,0,0
CUST-000774,2023-09-10,72,two_year,electronic_check,dsl,north,68.35,5033.91,89650.0,0,7.5,True,False,0,0
CUST-001033,2023-07-29,8,month_to_month,bank_transfer,fiber,east,64.6,510.79,26994.0,3,7.3,True,False,5,1
CUST-001967,2021-12-27,9,month_to_month,bank_transfer,dsl,north,49.49,429.9,17685.0,1,7.6,False,False,0,0
CUST-001379,2023-03-04,34,month_to_month,credit_card,fiber,south,81.4,3048.75,48897.0,5,7.5,False,False,3,1
CUST-002340,2023-06-26,33,month_to_month,electronic_check,none,north,28.84,912.63,57682.0,6,7.8,False,False,0,0
CUST-001365,2021-08-26,39,one_year,credit_card,fiber,north,65.08,2466.51,51336.0,2,7.6,True,True,0,0
CUST-002543,2020-11-18,72,month_to_month,mailed_check,none,north,19.62,1342.15,21691.0,0,7.6,True,True,0,0
CUST-001895,2023-06-09,7,month_to_month,credit_card,none,east,15.0,109.23,142858.0,2,7.9,True,False,1,1
CUST-001031,2021-10-07,28,two_year,electronic_check,dsl,north,46.89,1237.74,43068.0,1,8.0,False,True,0,0
CUST-002638,2021-07-16,21,month_to_month,electronic_check,none,north,21.54,417.78,26623.0,1,3.3,False,False,0,0
CUST-000159,2020-10-02,38,two_year,electronic_check,fiber,south,65.24,2415.22,35072.0,0,6.4,False,True,0,0
CUST-000090,2020-04-14,58,month_to_month,mailed_check,fiber,west,81.52,5186.2,102697.0,1,9.0,False,False,0,0
CUST-000827,2023-08-03,62,month_to_month,credit_card,fiber,north,83.99,4823.1,54172.0,3,5.6,True,True,0,0
CUST-001396,2020-12-03,72,month_to_month,credit_card,fiber,south,78.16,5894.28,16936.0,2,9.3,True,False,0,0
CUST-002627,2020-08-10,8,one_year,bank_transfer,dsl,north,61.88,521.25,47367.0,2,4.2,True,True,0,0
CUST-002924,2022-02-05,4,one_year,bank_transfer,fiber,north,77.3,312.74,62161.0,0,5.3,True,True,1,1
CUST-001559,2022-11-07,32,month_to_month,electronic_check,fiber,east,84.39,2505.36,5498.0,3,5.8,True,False,0,0
CUST-000528,2020-05-24,2,one_year,credit_card,fiber,south,91.24,167.07,46421.0,1,7.4,False,False,0,0
CUST-002249,2022-08-24,46,one_year,mailed_check,dsl,south,59.77,2676.67,55510.0,2,6.6,True,True,0,0
CUST-001405,2022-10-16,6,month_to_month,mailed_check,dsl,south,58.01,363.51,87527.0,2,5.5,False,True,0,0
CUST-002183,2020-11-28,22,two_year,mailed_check,none,west,17.84,384.29,29289.0,1,7.5,True,True,0,0
CUST-001227,2023-08-09,46,month_to_month,bank_transfer,fiber,south,73.42,3404.09,73865.0,4,7.9,False,False,5,1
CUST-001962,2020-06-14,19,month_to_month,bank_transfer,fiber,north,85.51,1611.35,90230.0,4,8.9,True,False,3,1
CUST-001623,2023-04-21,62,month_to_month,mailed_check,dsl,north,58.45,3474.56,188241.0,2,9.1,False,False,0,0
CUST-001191,2023-01-24,24,one_year,bank_transfer,fiber,north,72.7,1778.21,,1,5.2,True,True,2,1
CUST-001587,2022-06-30,11,one_year,credit_card,dsl,north,62.98,675.9,94588.0,1,8.8,True,False,0,0
CUST-000949,2020-10-18,64,two_year,bank_transfer,fiber,north,92.82,5925.31,225133.0,2,8.5,False,True,0,0
CUST-001339,2023-11-08,54,two_year,bank_transfer,dsl,east,55.38,2990.39,,1,5.1,False,True,0,0
CUST-001166,2020-11-17,54,month_to_month,credit_card,fiber,south,78.85,4478.37,45497.0,2,5.5,True,False,4,1
CUST-001027,2023-12-05,35,month_to_month,credit_card,dsl,north,71.3,2265.02,18424.0,2,6.2,True,False,4,1
CUST-000032,2022-09-08,42,month_to_month,credit_card,fiber,west,82.37,3452.05,29102.0,4,6.2,False,False,0,0
CUST-002696,2021-09-11,18,two_year,bank_transfer,fiber,north,74.96,1353.92,87408.0,1,7.6,False,False,5,1
CUST-000855,2022-08-11,33,month_to_month,credit_card,fiber,south,63.79,1993.24,20360.0,1,5.6,False,False,5,1
CUST-002807,2023-09-20,2,one_year,electronic_check,fiber,south,75.71,146.09,235194.0,1,9.1,False,False,0,0
CUST-002368,2020-07-03,34,month_to_month,electronic_check,fiber,north,67.74,2298.93,29184.0,2,10.0,True,False,0,0
CUST-002851,2023-12-17,41,two_year,mailed_check,fiber,north,74.42,3168.45,,4,8.4,False,False,3,1
CUST-001306,2023-10-19,72,month_to_month,bank_transfer,fiber,west,77.46,5645.67,,1,7.2,False,False,0,0
CUST-000202,2023-12-13,49,two_year,bank_transfer,none,east,15.0,738.41,46845.0,0,7.7,True,False,0,0
CUST-002303,2023-11-30,22,one_year,bank_transfer,fiber,east,74.28,1671.61,,1,7.6,False,True,0,0
CUST-002150,2023-07-29,8,month_to_month,mailed_check,none,east,38.91,302.86,50560.0,0,3.4,True,False,2,1
CUST-001520,2021-07-11,9,two_year,mailed_check,dsl,west,50.95,437.26,33133.0,0,7.8,False,True,0,0
CUST-002749,2021-09-23,2,two_year,bank_transfer,none,north,40.15,76.6,67616.0,1,7.7,True,True,4,1
CUST-001842,2022-10-22,21,two_year,credit_card,none,east,15.82,333.84,31936.0,1,7.0,False,False,0,0
CUST-000582,2023-02-02,65,month_to_month,credit_card,dsl,north,55.3,3693.25,56751.0,1,6.8,False,True,0,0
CUST-002341,2023-10-22,69,one_year,bank_transfer,dsl,south,68.91,4921.99,323354.0,1,7.6,True,True,0,0
CUST-000286,2020-08-22,12,month_to_month,electronic_check,dsl,west,57.65,701.27,27698.0,1,7.0,True,True,0,0
CUST-000796,2022-10-24,37,two_year,credit_card,dsl,north,41.6,1545.84,,2,8.7,True,True,0,0
CUST-000897,2022-12-24,26,one_year,bank_transfer,fiber,north,75.9,2037.86,44591.0,2,8.0,False,False,5,1
CUST-002336,2021-04-08,7,month_to_month,electronic_check,fiber,south,77.03,518.26,41483.0,3,6.2,True,False,3,1
CUST-002248,2022-02-01,5,month_to_month,bank_transfer,fiber,east,90.83,417.77,14443.0,1,6.5,True,False,5,1
CUST-001832,2020-09-11,6,one_year,electronic_check,fiber,east,89.03,519.65,39901.0,0,2.2,True,True,4,1
CUST-000316,2021-11-30,32,month_to_month,bank_transfer,fiber,north,79.88,2458.5,66545.0,2,8.7,True,True,0,0
CUST-000914,2022-10-28,52,two_year,bank_transfer,fiber,north,77.09,3814.13,63355.0,2,10.0,True,True,0,0
CUST-001922,2023-02-14,58,month_to_month,bank_transfer,dsl,north,60.24,3290.47,26278.0,4,6.9,True,False,5,1
CUST-000487,2023-09-10,33,month_to_month,credit_card,dsl,north,70.16,2336.56,22269.0,0,9.4,True,True,0,0
CUST-001093,2023-06-25,15,two_year,electronic_check,dsl,east,50.38,762.83,35762.0,4,2.8,True,True,0,0
CUST-001796,2021-12-04,32,month_to_month,credit_card,dsl,south,36.69,1231.87,,2,5.7,False,False,3,1
CUST-001614,2021-10-20,67,month_to_month,electronic_check,none,north,15.0,972.63,31656.0,2,7.6,True,True,0,0
CUST-000926,2021-04-20,22,month_to_month,electronic_check,dsl,east,44.39,934.67,91974.0,2,7.3,False,True,0,0
CUST-000751,2022-12-12,52,month_to_month,electronic_check,fiber,north,66.2,3207.6,53152.0,2,7.7,False,True,2,1
CUST-001934,2021-10-17,9,two_year,electronic_check,fiber,south,55.52,494.92,30090.0,1,8.7,False,True,5,1
CUST-001456,2023-09-10,66,month_to_month,bank_transfer,dsl,east,56.75,3690.01,43338.0,3,9.3,True,False,1,1
CUST-001138,2023-02-16,43,month_to_month,credit_card,dsl,north,60.54,2544.73,,1,7.2,False,True,0,0
CUST-002568,2023-04-18,42,one_year,credit_card,dsl,east,57.57,2345.35,93347.0,0,7.5,False,False,0,0
CUST-002004,2022-06-05,44,month_to_month,bank_transfer,fiber,south,85.59,3849.0,84042.0,2,5.6,True,True,0,0
CUST-000241,2021-05-25,49,month_to_month,credit_card,dsl,west,57.34,2742.45,44997.0,1,9.2,True,True,0,0
CUST-002135,2021-01-09,26,month_to_month,credit_card,fiber,east,55.01,1386.69,44685.0,1,5.4,False,True,0,0
CUST-001656,2020-02-12,35,month_to_month,mailed_check,dsl,east,54.36,1903.34,36002.0,1,7.3,True,True,0,0
CUST-002206,2021-10-13,9,two_year,mailed_check,dsl,west,64.11,570.79,22973.0,0,8.7,False,True,0,0
CUST-002936,2023-05-11,62,month_to_month,credit_card,fiber,south,68.89,4317.37,,4,4.2,False,False,0,0
CUST-002143,2020-10-12,30,month_to_month,bank_transfer,dsl,west,33.34,1011.99,53624.0,3,9.1,False,True,0,0
CUST-000659,2020-05-06,71,two_year,credit_card,dsl,east,58.18,4412.4,40091.0,2,6.1,True,True,0,0
CUST-002911,2023-09-08,18,two_year,bank_transfer,fiber,north,70.07,1277.07,93272.0,0,5.6,True,True,0,0
CUST-001868,2021-09-19,58,two_year,electronic_check,none,west,23.03,1387.09,20954.0,1,9.3,True,True,0,0
CUST-001418,2022-12-18,25,month_to_month,electronic_check,fiber,north,78.3,2027.28,104024.0,3,10.0,True,True,2,1
CUST-001453,2021-03-22,24,month_to_month,bank_transfer,dsl,north,62.75,1499.52,75643.0,2,8.3,False,True,0,0
CUST-002790,2020-03-20,30,month_to_month,bank_transfer,dsl,north,41.82,1243.59,45806.0,4,4.9,True,False,0,0
CUST-001497,2023-11-03,38,month_to_month,bank_transfer,dsl,north,65.86,2477.91,35535.0,2,5.9,True,True,0,0
CUST-001580,2020-12-14,71,month_to_month,mailed_check,dsl,north,42.62,3021.32,,4,3.9,False,True,0,0
CUST-001939,2021-02-04,22,month_to_month,electronic_check,dsl,north,45.35,950.19,157195.0,3,6.5,False,True,0,0
CUST-002210,2023-03-13,48,two_year,credit_card,dsl,north,55.3,2582.26,28203.0,2,6.2,True,False,0,0
CUST-002448,2021-03-18,70,month_to_month,bank_transfer,none,south,16.55,1136.38,37129.0,2,6.8,True,False,0,0
CUST-002406,2023-11-10,50,month_to_month,bank_transfer,none,south,32.91,1634.44,54324.0,3,7.3,False,True,0,0
CUST-001657,2022-09-26,60,two_year,credit_card,none,west,15.0,872.28,64463.0,1,7.1,True,False,0,0
CUST-000441,2021-06-26,28,one_year,credit_card,fiber,north,94.91,2773.22,105786.0,2,5.2,False,False,0,0
CUST-000460,2020-04-06,70,one_year,electronic_check,dsl,south,61.14,4504.29,16267.0,0,6.3,False,False,0,0
CUST-002742,2022-10-23,24,one_year,credit_card,fiber,east,80.78,1859.64,165383.0,2,6.4,True,False,3,1
CUST-002280,2020-07-28,28,month_to_month,credit_card,dsl,south,46.02,1307.55,129963.0,3,7.9,True,False,0,0
CUST-001677,2022-05-06,3,two_year,bank_transfer,dsl,south,55.15,177.69,39924.0,3,9.1,True,False,0,0
CUST-002364,2023-12-04,69,two_year,mailed_check,none,west,22.41,1577.41,49370.0,1,7.3,True,False,0,0
CUST-002435,2023-12-24,36,one_year,bank_transfer,none,west,15.0,566.53,42100.0,3,3.7,False,False,0,0
CUST-001510,2021-05-09,31,month_to_month,electronic_check,dsl,west,42.9,1282.07,,1,7.4,True,False,1,0
CUST-002962,2022-05-14,55,month_to_month,electronic_check,fiber,east,69.93,3983.68,27484.0,1,5.4,False,False,0,0
CUST-000944,2022-05-07,47,two_year,mailed_check,fiber,west,59.65,2857.37,,1,7.4,True,False,1,0
CUST-000826,2022-03-29,1,month_to_month,bank_transfer,fiber,south,72.44,67.45,29267.0,2,7.8,True,True,0,0
CUST-002737,2020-05-24,14,month_to_month,electronic_check,none,south,21.48,306.63,40486.0,3,10.0,True,False,0,0
CUST-002426,2022-12-14,67,one_year,credit_card,none,east,26.34,1886.42,179297.0,0,4.8,True,False,0,0
CUST-001588,2021-10-02,16,month_to_month,electronic_check,fiber,north,81.07,1315.8,34007.0,1,5.5,True,False,4,1
CUST-001912,2023-09-16,42,month_to_month,bank_transfer,fiber,south,82.26,3286.26,37097.0,3,4.5,True,True,2,1
CUST-001724,2021-10-04,1,two_year,electronic_check,dsl,north,50.99,53.78,84756.0,0,5.8,True,True,0,0
CUST-002620,2020-10-01,20,month_to_month,bank_transfer,dsl,north,57.41,1166.17,18595.0,0,5.8,True,True,0,0
CUST-001548,2022-01-21,38,month_to_month,mailed_check,fiber,east,63.74,2429.94,45990.0,4,6.4,True,False,0,0
CUST-002619,2020-08-16,35,one_year,mailed_check,fiber,east,85.64,2909.3,84392.0,2,7.8,False,False,0,0
CUST-002484,2020-09-03,10,one_year,credit_card,fiber,west,82.21,789.78,100240.0,1,8.2,True,False,4,1
CUST-001685,2020-05-25,13,month_to_month,bank_transfer,dsl,north,51.18,657.38,53310.0,6,9.6,True,False,2,1
CUST-001465,2023-02-12,29,two_year,credit_card,dsl,north,57.27,1642.42,67195.0,1,6.4,True,True,0,0
CUST-000648,2021-07-31,36,one_year,bank_transfer,dsl,north,40.91,1477.1,40211.0,0,5.0,False,True,0,0
CUST-002996,2020-08-26,58,one_year,credit_card,dsl,south,46.81,2742.35,75634.0,0,5.3,True,True,0,0
CUST-002304,2021-10-03,12,month_to_month,credit_card,fiber,east,68.9,836.68,63796.0,3,7.5,False,False,4,1
CUST-002658,2021-01-26,1,month_to_month,electronic_check,dsl,north,58.85,62.45,20831.0,7,6.9,False,False,2,1
CUST-002477,2022-05-07,71,month_to_month,electronic_check,dsl,east,45.63,3055.47,82599.0,1,6.6,False,False,0,0
CUST-000268,2020-11-23,6,month_to_month,bank_transfer,dsl,north,54.14,352.45,47745.0,2,3.9,True,True,4,1
CUST-001023,2023-02-16,37,one_year,credit_card,fiber,west,91.73,3374.88,188960.0,0,7.2,True,False,0,0
CUST-002353,2022-12-14,5,month_to_month,bank_transfer,fiber,north,84.61,441.66,23790.0,3,10.0,False,False,2,1
CUST-002784,2023-03-18,3,two_year,electronic_check,fiber,north,65.37,191.56,26424.0,0,6.1,False,True,0,0
CUST-001586,2021-08-04,53,two_year,electronic_check,dsl,south,37.33,2048.65,78209.0,0,6.8,True,False,0,0
CUST-001115,2023-09-24,12,one_year,mailed_check,dsl,east,38.04,457.97,34736.0,1,8.2,False,True,0,0
CUST-000484,2023-01-31,55,two_year,credit_card,fiber,west,58.4,3405.56,42679.0,1,8.4,True,True,0,0
CUST-001380,2020-11-06,39,month_to_month,credit_card,none,east,15.0,589.76,59907.0,1,6.9,True,False,0,0
CUST-001260,2021-02-17,21,month_to_month,mailed_check,dsl,west,54.15,1070.23,96381.0,0,2.0,False,True,3,1
CUST-002877,2021-08-14,27,two_year,credit_card,fiber,west,70.6,1873.3,106541.0,0,7.2,False,True,2,1
CUST-002637,2022-08-07,30,month_to_month,credit_card,fiber,west,72.17,2177.02,,1,5.4,True,True,0,0
CUST-001791,2020-02-15,32,one_year,electronic_check,fiber,south,91.47,2958.05,75051.0,1,4.1,False,False,0,0
CUST-001397,2023-12-10,39,two_year,electronic_check,fiber,north,75.38,2804.06,,2,6.7,False,True,0,0
CUST-002265,2021-05-22,46,month_to_month,mailed_check,dsl,east,63.96,2937.69,36080.0,0,8.2,False,True,0,0
CUST-001137,2021-02-10,30,month_to_month,bank_transfer,dsl,west,60.73,1781.94,18259.0,4,6.2,True,False,5,1
CUST-002098,2021-12-27,2,month_to_month,mailed_check,dsl,east,43.41,89.93,46393.0,3,7.5,False,False,0,0
CUST-001687,2020-03-12,70,month_to_month,crypto_wallet,fiber,north,67.44,4582.0,136452.0,3,5.9,False,True,1,1
CUST-000701,2021-11-21,50,month_to_month,credit_card,none,south,16.51,809.64,41444.0,2,5.6,False,True,0,0
CUST-001983,2020-01-15,46,month_to_month,electronic_check,dsl,west,53.92,2442.84,55827.0,2,7.0,True,False,0,0
CUST-001494,2021-06-09,19,month_to_month,credit_card,fiber,north,78.0,1482.26,88999.0,3,10.0,True,False,3,1
CUST-002415,2022-09-03,21,month_to_month,credit_card,dsl,north,49.62,1095.95,101957.0,5,7.6,False,True,2,1
CUST-001371,2022-03-17,58,one_year,mailed_check,fiber,east,82.2,4845.42,,0,6.5,False,False,0,0
CUST-001984,2022-07-21,47,one_year,mailed_check,dsl,south,27.65,1280.97,65218.0,0,10.0,True,False,0,0
CUST-001642,2023-05-15,16,two_year,electronic_check,dsl,west,50.64,773.81,38814.0,3,4.6,True,False,0,0
CUST-001676,2021-08-15,31,two_year,crypto_wallet,dsl,west,56.05,1615.14,59655.0,0,6.7,True,True,0,0
CUST-001231,2020-11-23,20,month_to_month,credit_card,fiber,north,86.79,1633.25,40323.0,1,8.8,True,False,4,1
CUST-001038,2020-03-06,15,two_year,credit_card,dsl,east,42.72,621.68,177057.0,0,9.0,True,True,0,0
CUST-000442,2023-11-13,52,month_to_month,bank_transfer,none,east,19.38,1042.89,24769.0,3,9.8,True,True,0,0
CUST-001556,2023-03-26,31,month_to_month,electronic_check,dsl,east,50.88,1656.51,45181.0,3,3.5,True,False,3,1
CUST-001242,2021-06-10,4,month_to_month,bank_transfer,none,east,15.0,57.58,47392.0,2,7.6,False,False,0,0
CUST-000002,2022-12-26,4,month_to_month,credit_card,fiber,south,75.0,302.61,106175.0,1,5.6,True,False,5,1
CUST-002343,2022-09-28,7,month_to_month,credit_card,fiber,south,70.45,501.47,41319.0,2,7.6,False,False,0,0
CUST-001370,2020-04-18,63,month_to_month,electronic_check,fiber,north,74.11,4505.86,45738.0,4,5.5,False,False,0,0
CUST-001246,2021-01-26,51,month_to_month,electronic_check,fiber,west,64.15,3003.26,60133.0,2,6.6,True,True,4,1
CUST-001267,2022-08-28,3,two_year,electronic_check,dsl,north,46.21,136.66,33642.0,1,8.6,True,False,0,0
CUST-000065,2021-07-25,42,one_year,credit_card,dsl,north,60.85,2672.73,38764.0,0,8.0,True,True,0,0
CUST-000660,2023-12-11,36,two_year,mailed_check,dsl,east,55.25,1912.02,42541.0,1,8.4,True,True,0,0
CUST-002781,2023-04-29,17,one_year,bank_transfer,fiber,south,62.49,1035.09,34700.0,0,5.2,False,False,0,0
CUST-000952,2022-09-19,23,one_year,electronic_check,fiber,west,66.3,1456.49,31600.0,1,10.0,True,False,3,1
CUST-001841,2021-11-09,41,month_to_month,credit_card,dsl,east,35.47,1449.9,44152.0,3,7.9,True,True,0,0
CUST-000898,2020-01-06,59,month_to_month,mailed_check,none,north,38.03,2218.18,133020.0,2,8.3,False,False,0,0
CUST-002311,2022-08-08,15,one_year,credit_card,dsl,south,60.1,933.16,19670.0,2,8.1,True,False,0,0
CUST-000809,2020-02-12,10,one_year,credit_card,fiber,north,66.0,681.29,117304.0,3,7.7,True,True,0,0
CUST-002584,2023-06-19,56,month_to_month,credit_card,dsl,north,46.21,2456.5,25557.0,3,10.0,False,True,0,0
CUST-001921,2020-10-08,14,two_year,electronic_check,fiber,south,77.93,1034.76,60487.0,3,5.3,True,False,0,0
CUST-001773,2020-05-05,4,month_to_month,credit_card,dsl,north,42.03,173.04,27068.0,4,7.1,False,False,0,0
CUST-001594,2023-12-23,33,month_to_month,bank_transfer,dsl,east,61.83,1958.09,,3,3.8,True,False,3,1
CUST-000293,2020-09-01,44,month_to_month,credit_card,none,west,17.44,698.71,35206.0,2,5.1,False,False,0,0
CUST-000198,2023-08-28,37,two_year,bank_transfer,dsl,south,63.86,2234.96,16795.0,0,10.0,True,True,0,0
CUST-001346,2022-04-03,64,one_year,bank_transfer,dsl,south,44.49,2932.42,17293.0,0,6.9,False,True,0,0
CUST-000573,2023-09-26,25,one_year,bank_transfer,fiber,north,75.36,1804.62,,0,5.7,False,False,3,1
CUST-000405,2020-07-10,17,month_to_month,bank_transfer,dsl,east,49.06,847.91,59086.0,5,6.2,True,True,1,0
CUST-001508,2021-11-23,48,month_to_month,mailed_check,fiber,west,84.04,3826.41,73598.0,3,6.9,True,False,2,1
CUST-002140,2023-06-30,52,one_year,credit_card,fiber,east,85.18,4752.62,,1,4.7,True,False,0,0
CUST-002179,2023-07-01,13,month_to_month,electronic_check,dsl,south,49.19,610.9,47012.0,0,7.5,True,True,0,0
CUST-001546,2021-05-29,28,month_to_month,electronic_check,dsl,south,58.03,1569.01,173417.0,0,10.0,True,True,0,0
CUST-001406,2022-11-06,31,month_to_month,credit_card,dsl,south,51.44,1532.91,40543.0,1,4.2,True,False,2,1
CUST-001299,2023-06-24,15,month_to_month,bank_transfer,fiber,west,75.2,1182.15,85524.0,4,8.8,True,False,2,1
CUST-001893,2021-07-15,1,month_to_month,electronic_check,dsl,north,46.61,50.26,,0,6.6,True,False,5,1
CUST-001091,2020-09-30,53,two_year,credit_card,none,west,23.14,1284.68,30663.0,3,5.4,False,True,0,0
CUST-000536,2023-04-10,68,month_to_month,bank_transfer,dsl,east,52.73,3882.15,39504.0,2,5.8,True,True,0,0
CUST-000266,2023-09-29,13,two_year,bank_transfer,fiber,south,65.22,864.39,43598.0,1,7.9,False,False,0,0
CUST-000947,2022-07-20,28,one_year,mailed_check,none,east,16.71,471.1,28107.0,3,8.5,True,False,0,0
CUST-000376,2021-03-30,35,one_year,credit_card,fiber,north,75.02,2885.04,40829.0,1,5.8,False,False,0,0
CUST-000196,2023-08-28,3,month_to_month,electronic_check,fiber,north,83.05,229.98,61889.0,0,7.2,True,True,4,1
CUST-001015,2022-07-16,3,one_year,bank_transfer,dsl,north,43.02,141.76,39464.0,2,6.7,False,False,0,0
CUST-000000,2020-05-12,8,month_to_month,credit_card,fiber,east,76.98,597.69,140829.0,2,7.6,True,False,0,0
CUST-001089,2021-06-13,38,month_to_month,credit_card,dsl,north,44.99,1788.35,95562.0,3,3.1,False,False,4,1
CUST-000930,2023-03-15,8,month_to_month,electronic_check,none,west,20.36,174.4,57870.0,2,7.8,True,False,0,0
CUST-002607,2020-11-04,26,month_to_month,electronic_check,fiber,north,80.65,1931.17,42356.0,0,8.0,True,False,5,1
CUST-000476,2022-02-12,68,month_to_month,mailed_check,dsl,east,55.04,3659.35,72914.0,1,4.0,True,False,0,0
CUST-000369,2023-04-04,15,month_to_month,bank_transfer,dsl,south,38.4,556.96,43982.0,1,3.3,False,True,4,1
CUST-000684,2023-09-20,12,month_to_month,credit_card,dsl,south,60.61,759.1,132167.0,1,8.1,True,False,3,1
CUST-002489,2022-04-06,59,one_year,mailed_check,fiber,east,83.96,4792.68,68976.0,2,3.6,False,True,0,0
CUST-002955,2023-06-12,60,month_to_month,bank_transfer,fiber,north,67.5,4069.41,37199.0,2,3.8,True,True,0,0
CUST-001322,2020-10-10,25,month_to_month,bank_transfer,none,east,15.0,373.78,59700.0,1,6.9,True,False,3,1
CUST-002170,2020-07-01,10,two_year,credit_card,fiber,east,80.86,868.56,67341.0,1,9.4,False,False,0,0
CUST-001463,2023-04-12,53,month_to_month,credit_card,fiber,east,75.82,3922.83,15699.0,2,5.3,True,True,0,0
CUST-000951,2022-03-12,9,month_to_month,mailed_check,fiber,west,76.11,716.74,86054.0,2,4.6,False,False,0,0
CUST-001054,2021-07-08,4,two_year,electronic_check,fiber,east,61.8,250.4,95614.0,1,7.0,False,True,0,0
CUST-002589,2022-04-16,6,two_year,credit_card,none,south,19.76,119.53,148177.0,0,6.8,True,True,0,0
CUST-002874,2022-06-02,16,month_to_month,credit_card,none,north,17.21,265.12,31773.0,4,9.3,False,False,4,1
CUST-002842,2023-07-07,45,one_year,credit_card,fiber,south,73.35,3570.52,15036.0,1,5.1,False,True,0,0
CUST-002437,2022-05-08,61,month_to_month,bank_transfer,fiber,north,77.01,4809.39,71773.0,2,6.5,True,True,3,1
CUST-001105,2021-06-14,22,month_to_month,credit_card,none,east,28.63,647.12,17624.0,0,9.1,True,True,0,0
CUST-001719,2023-04-25,63,month_to_month,credit_card,fiber,south,77.22,4905.71,62445.0,1,5.8,False,True,4,1
CUST-002533,2020-02-18,51,month_to_month,bank_transfer,fiber,north,79.74,3994.17,49962.0,6,5.4,True,False,4,1
CUST-002581,2021-01-02,70,one_year,bank_transfer,fiber,north,83.5,6044.6,,2,8.2,False,False,0,0
CUST-001843,2020-02-27,54,one_year,mailed_check,fiber,east,80.72,4377.41,96005.0,1,9.8,True,False,0,0
CUST-001613,2021-01-17,29,two_year,credit_card,fiber,south,73.96,2114.54,22843.0,1,7.5,True,False,5,1
CUST-000786,2022-03-25,61,two_year,bank_transfer,dsl,east,39.48,2274.81,72083.0,2,5.7,True,True,0,0
CUST-000981,2021-01-21,19,one_year,bank_transfer,dsl,south,45.03,926.92,63401.0,1,7.5,True,True,0,0
CUST-000957,2021-12-17,7,month_to_month,credit_card,fiber,west,76.66,535.48,13903.0,3,5.7,False,False,0,0
CUST-002430,2021-05-08,5,two_year,credit_card,fiber,south,72.71,370.56,103243.0,0,5.9,True,True,0,0
CUST-001940,2020-09-02,42,month_to_month,bank_transfer,dsl,south,39.61,1738.55,129725.0,1,5.5,True,True,0,0
CUST-002679,2023-09-10,13,month_to_month,mailed_check,dsl,south,52.33,685.32,38006.0,2,9.8,True,True,0,0
CUST-002565,2021-02-13,20,one_year,mailed_check,fiber,north,84.47,1739.88,52297.0,1,6.7,True,True,0,0
CUST-000015,2022-04-21,57,month_to_month,electronic_check,fiber,south,70.24,4021.43,89905.0,2,9.7,False,True,0,0
CUST-002204,2023-05-13,43,month_to_month,bank_transfer,fiber,west,88.0,3531.88,72889.0,0,3.4,True,True,0,0
CUST-002082,2022-05-25,61,month_to_month,credit_card,dsl,east,54.04,3443.15,66393.0,5,10.0,True,False,2,1
CUST-001042,2020-05-31,31,two_year,credit_card,none,south,24.87,790.66,36708.0,0,6.7,True,True,0,0
CUST-001238,2023-03-29,24,month_to_month,bank_transfer,dsl,north,48.64,1217.88,38077.0,1,5.7,False,True,1,1
CUST-002690,2023-01-25,10,two_year,mailed_check,fiber,north,61.69,617.62,215202.0,1,5.8,True,True,0,0
CUST-000720,2020-06-15,17,month_to_month,mailed_check,dsl,east,49.32,864.31,96183.0,3,3.2,False,False,0,0
CUST-001725,2023-01-03,3,month_to_month,credit_card,fiber,east,68.2,214.46,76753.0,1,5.6,True,False,0,0
CUST-002136,2023-01-05,7,two_year,electronic_check,fiber,south,81.18,552.43,35252.0,0,6.5,True,False,3,1
CUST-002028,2021-11-25,37,one_year,electronic_check,fiber,west,67.9,2626.78,71621.0,1,7.4,False,True,0,0
CUST-000711,2023-08-29,70,month_to_month,mailed_check,dsl,south,51.78,3796.41,51942.0,1,6.9,True,False,0,0
CUST-001609,2023-10-09,19,month_to_month,bank_transfer,dsl,east,39.85,759.77,33864.0,2,7.7,False,False,0,0
CUST-002824,2020-09-01,64,month_to_month,electronic_check,dsl,north,46.79,3186.62,195877.0,4,6.2,True,True,0,0
CUST-000440,2021-01-04,58,one_year,electronic_check,fiber,west,64.29,3739.33,35778.0,2,10.0,True,False,0,0
CUST-001992,2021-01-24,29,one_year,credit_card,dsl,north,47.03,1299.22,31806.0,0,6.3,True,False,0,0
CUST-000584,2020-12-24,20,two_year,credit_card,fiber,west,61.08,1214.7,26851.0,0,7.4,True,True,0,0
CUST-001956,2020-08-31,44,month_to_month,credit_card,dsl,south,41.49,1609.21,39612.0,5,4.1,False,True,0,0
CUST-000942,2022-02-26,43,two_year,electronic_check,fiber,north,72.47,3112.11,169591.0,1,5.5,True,False,0,0
CUST-000698,2022-10-01,33,month_to_month,credit_card,dsl,east,49.09,1630.24,71192.0,1,5.1,True,True,0,0
CUST-002386,2022-04-18,7,two_year,credit_card,dsl,west,62.24,426.78,217796.0,0,8.2,False,True,0,0
CUST-002250,2020-10-06,38,month_to_month,credit_card,fiber,north,87.44,3428.16,56834.0,2,8.2,True,False,0,0
CUST-001694,2023-05-22,51,month_to_month,credit_card,dsl,north,36.95,1997.94,51828.0,1,7.6,True,True,3,1
CUST-002194,2023-08-12,30,month_to_month,credit_card,fiber,west,68.82,2043.27,70285.0,3,6.5,False,False,0,0
CUST-002475,2020-12-11,27,one_year,mailed_check,fiber,west,69.76,1851.64,44931.0,2,6.4,True,False,0,0
CUST-001633,2020-01-25,17,two_year,credit_card,dsl,south,71.83,1225.87,74730.0,0,5.9,True,True,0,0
CUST-001053,2021-01-28,3,month_to_month,credit_card,none,north,15.0,45.27,26246.0,0,8.2,True,False,0,0
CUST-002760,2022-09-07,20,month_to_month,credit_card,none,west,15.0,318.79,41283.0,3,9.7,False,True,0,0
CUST-002459,2021-10-13,2,month_to_month,mailed_check,fiber,south,59.82,124.28,56247.0,3,7.6,True,True,0,0
CUST-000594,2022-10-20,67,month_to_month,bank_transfer,fiber,north,79.83,5313.6,77388.0,3,4.7,True,True,0,0
CUST-000586,2020-09-13,19,two_year,credit_card,fiber,north,77.25,1395.31,25177.0,0,6.3,True,True,0,0
CUST-002681,2023-05-27,54,month_to_month,credit_card,fiber,north,70.39,3920.78,27355.0,3,2.0,True,True,3,1
CUST-002019,2022-04-14,63,one_year,credit_card,none,south,15.0,977.57,151810.0,0,4.3,False,True,0,0
CUST-000510,2023-11-08,60,one_year,electronic_check,fiber,south,78.64,5022.83,43045.0,1,6.0,False,True,1,1
CUST-002330,2022-02-28,18,month_to_month,credit_card,none,south,15.0,263.4,47235.0,0,5.9,False,True,1,1
CUST-001920,2022-01-09,2,two_year,mailed_check,none,north,15.0,29.37,123738.0,0,8.9,True,False,0,0
CUST-000398,2020-03-13,52,one_year,mailed_check,none,north,24.85,1233.2,11184.0,3,4.1,True,False,0,0
CUST-002716,2021-06-08,25,one_year,mailed_check,dsl,south,54.73,1463.15,41889.0,0,5.8,True,True,0,0
CUST-000267,2020-05-19,25,month_to_month,credit_card,fiber,east,69.04,1705.91,64377.0,2,6.7,True,False,0,0
CUST-002375,2023-06-30,70,month_to_month,bank_transfer,dsl,east,61.36,4239.99,29563.0,1,6.1,False,True,0,0
CUST-000294,2023-07-11,59,two_year,electronic_check,none,north,15.0,835.16,56046.0,0,9.0,True,True,0,0
CUST-002450,2021-06-21,68,one_year,credit_card,none,north,28.22,1991.88,,2,10.0,True,False,0,0
CUST-001411,2021-05-04,53,month_to_month,electronic_check,none,north,34.66,1826.07,45785.0,2,10.0,True,False,0,0
CUST-002312,2021-04-11,66,two_year,mailed_check,dsl,north,58.96,3805.26,31330.0,0,7.5,False,True,0,0
CUST-000958,2023-02-10,37,month_to_month,credit_card,none,east,24.56,962.23,65746.0,3,8.3,False,False,0,0
CUST-001523,2020-04-18,70,one_year,bank_transfer,dsl,east,40.54,2930.81,42510.0,2,9.2,True,True,0,0
CUST-002602,2021-02-13,32,month_to_month,credit_card,fiber,south,69.08,2219.82,64430.0,3,5.2,False,True,0,0
CUST-001845,2020-06-30,10,month_to_month,electronic_check,dsl,north,39.49,414.89,38233.0,2,7.9,True,False,0,0
CUST-002425,2020-04-04,20,one_year,electronic_check,none,north,30.82,621.98,24224.0,1,7.8,True,False,0,0
CUST-000415,2020-11-05,37,one_year,bank_transfer,fiber,south,72.17,2784.61,,2,7.0,True,False,0,0
CUST-002938,2021-11-23,67,month_to_month,bank_transfer,fiber,east,80.93,5659.85,42402.0,1,10.0,True,False,0,0
CUST-001701,2020-01-13,13,one_year,credit_card,dsl,south,48.77,643.56,29151.0,0,6.9,True,False,0,0
CUST-001484,2023-04-21,20,month_to_month,electronic_check,fiber,east,82.85,1573.37,86658.0,2,5.4,False,True,2,1
CUST-000564,2021-11-02,51,month_to_month,electronic_check,fiber,north,74.07,3771.9,30271.0,1,6.9,False,True,0,0
CUST-001108,2023-08-28,32,month_to_month,bank_transfer,none,north,27.88,939.85,,1,7.0,False,False,3,1
CUST-001310,2021-04-18,47,month_to_month,mailed_check,none,south,18.69,870.83,,4,8.3,True,True,0,0
CUST-002262,2023-11-19,67,two_year,credit_card,none,north,15.0,920.11,42206.0,1,4.7,True,True,0,0
CUST-001767,2020-05-21,51,one_year,bank_transfer,dsl,north,56.63,3038.82,59445.0,2,7.1,False,False,0,0
CUST-001998,2020-09-07,41,month_to_month,electronic_check,none,south,29.06,1279.15,26047.0,2,5.7,False,False,0,0
CUST-000829,2023-07-04,9,month_to_month,credit_card,none,south,15.0,137.03,31422.0,2,7.4,True,False,0,0
CUST-000287,2021-08-01,40,two_year,mailed_check,fiber,west,55.98,2228.77,27917.0,0,7.3,False,True,0,0
CUST-002207,2022-11-12,20,two_year,electronic_check,dsl,south,53.65,1061.38,,2,3.8,False,False,3,1
CUST-001247,2020-04-04,25,month_to_month,credit_card,none,west,15.0,385.73,71803.0,3,7.9,True,False,0,0
CUST-001348,2021-02-21,62,two_year,credit_card,fiber,south,85.1,5663.89,50534.0,0,6.1,True,False,0,0
CUST-001946,2020-03-30,55,two_year,credit_card,fiber,west,69.83,3778.59,28273.0,2,3.8,True,True,0,0
CUST-001989,2020-06-20,14,two_year,mailed_check,fiber,north,84.33,1154.6,127888.0,0,5.9,False,True,2,1
CUST-001320,2020-11-21,50,two_year,bank_transfer,dsl,east,72.18,3547.74,42661.0,0,6.0,True,False,0,0
CUST-002583,2020-10-21,20,month_to_month,electronic_check,none,west,30.92,635.22,43607.0,4,6.4,True,True,0,0
CUST-001460,2023-09-26,60,one_year,bank_transfer,dsl,south,58.23,3613.39,54153.0,0,7.1,True,True,0,0
CUST-001364,2021-10-27,11,one_year,bank_transfer,dsl,south,57.02,640.6,58156.0,1,8.5,False,True,0,0
CUST-002821,2023-07-16,43,month_to_month,credit_card,fiber,south,69.75,2900.75,31011.0,0,4.9,False,False,0,0
CUST-001216,2021-06-28,21,month_to_month,credit_card,dsl,east,61.53,1292.41,26462.0,6,7.5,True,False,0,0
CUST-000220,2022-03-18,46,month_to_month,mailed_check,dsl,north,44.77,2078.56,43498.0,1,8.3,True,False,0,0
CUST-002291,2021-06-14,63,one_year,credit_card,none,south,22.03,1429.82,26979.0,1,3.1,True,False,0,0
CUST-001917,2023-07-28,72,one_year,electronic_check,fiber,south,75.1,5567.04,34840.0,0,3.3,True,False,0,0
CUST-000939,2020-02-10,55,month_to_month,bank_transfer,none,west,28.52,1535.24,71186.0,3,7.8,True,False,0,0
CUST-001855,2021-08-09,64,two_year,electronic_check,dsl,east,52.93,3403.46,71532.0,0,7.0,False,True,0,0
CUST-002664,2021-06-29,40,month_to_month,electronic_check,dsl,south,57.8,2435.59,,3,5.5,False,False,0,0
CUST-000665,2023-09-13,72,one_year,bank_transfer,fiber,south,79.51,5265.23,81839.0,0,7.5,True,True,0,0
CUST-000713,2021-02-13,12,month_to_month,credit_card,none,east,23.88,292.8,,2,7.6,False,False,5,1
CUST-001978,2022-06-14,26,month_to_month,electronic_check,dsl,north,48.6,1230.83,35773.0,1,4.6,True,False,1,1
CUST-002527,2020-07-02,59,month_to_month,electronic_check,none,south,22.56,1390.83,82018.0,1,6.9,True,False,0,0
CUST-000923,2022-02-08,14,month_to_month,credit_card,fiber,south,70.81,1034.47,44795.0,3,5.9,True,False,2,1
CUST-000344,2022-06-27,44,month_to_month,electronic_check,fiber,north,65.28,2945.22,70768.0,1,7.0,True,False,0,0
CUST-002999,2021-10-31,57,one_year,mailed_check,fiber,east,59.04,3368.71,32423.0,0,3.5,False,False,0,0
CUST-000210,2023-04-15,64,month_to_month,mailed_check,dsl,south,57.21,3723.02,38917.0,4,8.8,False,False,2,1
CUST-002289,2020-05-26,72,month_to_month,credit_card,fiber,west,59.96,3989.41,33528.0,2,6.6,False,False,0,0
CUST-001903,2022-06-21,58,month_to_month,credit_card,dsl,east,56.2,3249.19,113693.0,2,7.7,True,False,0,0
CUST-000555,2021-04-13,29,one_year,credit_card,fiber,east,92.86,2571.8,32274.0,2,9.9,True,True,0,0
CUST-000112,2020-05-17,18,month_to_month,credit_card,none,north,19.86,344.27,44824.0,2,4.9,True,True,0,0
CUST-000042,2023-11-09,41,one_year,credit_card,none,north,16.54,691.47,56657.0,0,8.2,True,False,0,0
CUST-000340,2020-05-10,57,month_to_month,mailed_check,dsl,south,47.74,2654.6,63889.0,2,3.5,True,False,0,0
CUST-000451,2020-06-14,1,two_year,electronic_check,fiber,east,85.18,86.56,33781.0,1,8.6,True,True,0,0
CUST-002570,2022-09-27,12,two_year,mailed_check,none,west,27.38,308.51,100318.0,0,4.0,False,False,0,0
CUST-000813,2022-01-04,22,month_to_month,electronic_check,fiber,west,77.74,1864.38,55058.0,0,9.3,True,False,2,1
CUST-001237,2022-05-20,15,month_to_month,bank_transfer,fiber,north,69.97,1001.77,120585.0,3,6.8,False,True,4,1
CUST-000551,2023-11-11,15,month_to_month,credit_card,none,south,19.73,304.9,26882.0,3,5.4,True,True,5,1
CUST-000073,2022-08-17,50,month_to_month,bank_transfer,fiber,west,71.69,3581.25,32431.0,1,9.0,False,False,0,0
CUST-000488,2021-11-30,14,two_year,crypto_wallet,dsl,north,59.2,898.09,61647.0,0,6.4,True,True,0,0
CUST-002532,2023-10-03,24,two_year,credit_card,fiber,east,69.93,1640.19,36048.0,1,5.6,False,True,5,1
CUST-001098,2021-06-12,60,month_to_month,credit_card,dsl,east,47.25,2866.05,27762.0,1,10.0,False,False,0,0
CUST-000182,2020-10-16,29,month_to_month,electronic_check,fiber,south,70.22,1876.43,135060.0,3,6.1,True,False,4,1
CUST-001538,2021-11-24,18,month_to_month,electronic_check,fiber,south,71.93,1269.95,56008.0,1,5.3,True,False,1,1
CUST-001353,2022-02-07,52,month_to_month,credit_card,fiber,north,82.44,4510.74,49646.0,0,5.7,True,True,0,0
CUST-000362,2022-02-10,2,month_to_month,bank_transfer,dsl,south,51.28,110.3,200242.0,3,5.5,True,True,3,1
CUST-000350,2023-10-16,16,month_to_month,credit_card,none,north,15.0,221.45,78620.0,3,6.1,True,True,0,0
CUST-000938,2022-10-03,19,month_to_month,credit_card,none,south,15.0,280.78,119400.0,3,7.2,True,False,0,0
CUST-002221,2020-01-30,40,month_to_month,bank_transfer,fiber,south,70.63,2642.08,,3,4.0,True,False,4,1
CUST-001036,2021-10-29,53,month_to_month,credit_card,fiber,west,68.74,3691.96,61302.0,1,6.8,True,True,0,0
CUST-002381,2021-03-31,14,month_to_month,credit_card,none,north,15.0,200.55,23692.0,3,5.1,True,False,0,0
CUST-001180,2022-09-18,3,month_to_month,electronic_check,dsl,south,51.59,156.63,18371.0,3,2.3,True,False,5,1
CUST-001929,2021-10-18,53,month_to_month,credit_card,fiber,north,73.69,4062.52,33639.0,2,7.3,False,False,3,1
CUST-000136,2021-08-16,22,month_to_month,credit_card,dsl,east,43.29,969.33,93729.0,1,5.7,True,False,5,1
CUST-001268,2020-02-01,44,two_year,mailed_check,dsl,east,50.07,2142.87,56319.0,0,9.6,True,False,0,0
CUST-001562,2020-10-24,46,month_to_month,electronic_check,fiber,north,68.25,3234.32,30107.0,2,9.3,False,True,4,1
CUST-000166,2022-08-30,53,month_to_month,electronic_check,dsl,south,60.71,3285.77,45224.0,1,9.2,False,False,0,0
CUST-000979,2020-01-03,44,one_year,mailed_check,fiber,north,82.08,3723.26,52271.0,0,6.1,True,True,0,0
CUST-001168,2022-11-13,19,month_to_month,bank_transfer,fiber,east,77.87,1390.17,51507.0,2,5.8,False,False,1,1
CUST-002242,2022-08-25,29,two_year,credit_card,dsl,east,55.69,1652.91,70523.0,2,4.7,True,True,1,0
CUST-002106,2020-07-20,48,one_year,credit_card,none,north,15.0,711.41,46740.0,2,7.4,True,False,0,0
CUST-001134,2021-02-18,27,two_year,bank_transfer,fiber,south,53.89,1412.4,57589.0,3,8.7,True,True,0,0
CUST-000302,2022-11-16,42,one_year,credit_card,dsl,north,55.97,2621.91,46717.0,1,4.2,True,False,1,1
CUST-001283,2020-05-24,41,month_to_month,credit_card,dsl,south,41.54,1667.12,86982.0,1,5.2,True,False,0,0
CUST-001870,2023-10-02,15,two_year,electronic_check,fiber,south,65.29,1030.92,58586.0,0,8.6,False,True,0,0
CUST-000680,2020-02-18,34,month_to_month,credit_card,fiber,east,57.45,1898.47,49037.0,2,9.8,False,False,0,0
CUST-000567,2023-04-11,72,one_year,electronic_check,dsl,south,53.33,3677.9,39808.0,1,7.6,True,True,0,0
CUST-000544,2020-05-06,27,two_year,bank_transfer,fiber,east,87.28,2491.89,46511.0,0,5.8,True,True,0,0
CUST-002788,2022-12-17,72,month_to_month,credit_card,none,south,22.64,1608.98,19886.0,1,5.8,True,False,0,0
CUST-000309,2020-10-20,63,two_year,mailed_check,none,east,15.3,991.59,33483.0,0,5.4,False,True,0,0
CUST-001099,2023-11-18,68,one_year,bank_transfer,dsl,east,45.56,2908.11,25726.0,1,5.5,False,True,0,0
CUST-002853,2023-02-08,4,one_year,credit_card,dsl,south,47.7,190.6,30395.0,2,3.4,True,True,2,1
CUST-001250,2021-05-05,10,month_to_month,credit_card,dsl,south,54.01,578.04,52930.0,1,6.4,True,True,2,1
CUST-002165,2020-09-21,3,month_to_month,credit_card,dsl,east,42.59,129.8,43533.0,2,8.7,True,True,0,0
CUST-001459,2020-10-10,63,month_to_month,credit_card,dsl,south,47.67,2879.25,29486.0,1,7.7,False,True,0,0
CUST-002843,2021-10-21,2,one_year,credit_card,dsl,north,49.34,100.38,18621.0,1,8.9,True,True,0,0
CUST-002409,2023-03-12,50,month_to_month,mailed_check,fiber,east,59.25,3021.24,66170.0,2,5.2,True,False,1,1
CUST-002604,2021-04-20,32,two_year,credit_card,fiber,south,80.98,2609.87,35493.0,0,1.9,False,True,0,0
CUST-001670,2020-05-17,1,month_to_month,bank_transfer,fiber,east,70.76,66.63,96435.0,3,4.0,True,False,2,1
CUST-002002,2023-12-20,72,month_to_month,credit_card,dsl,west,44.36,3217.24,38060.0,2,6.9,True,False,0,0
CUST-001852,2021-12-30,42,month_to_month,bank_transfer,fiber,north,100.78,3975.71,39374.0,2,7.3,True,False,0,0
CUST-002923,2020-11-24,9,month_to_month,credit_card,fiber,south,92.32,888.3,69703.0,2,1.6,True,True,1,1
CUST-000367,2023-06-19,22,month_to_month,electronic_check,dsl,west,45.25,941.18,21503.0,4,9.2,True,True,0,0
CUST-001214,2021-04-07,55,two_year,credit_card,fiber,south,88.65,4534.81,42026.0,4,9.8,True,True,0,0
CUST-001104,2020-08-29,9,month_to_month,electronic_check,none,east,15.0,129.66,,3,8.7,False,True,0,0
CUST-002307,2020-11-30,63,one_year,bank_transfer,dsl,south,33.91,2181.13,72306.0,2,6.4,True,True,0,0
CUST-002750,2023-09-07,51,month_to_month,credit_card,dsl,east,54.1,2774.15,,3,6.8,False,True,0,0
CUST-001693,2020-07-11,32,one_year,mailed_check,dsl,south,48.43,1498.79,,1,4.1,True,True,0,0
CUST-000357,2022-01-24,34,month_to_month,credit_card,fiber,north,82.38,2680.5,54018.0,3,6.6,True,False,5,1
CUST-001064,2022-07-21,22,two_year,mailed_check,dsl,east,59.94,1210.11,61944.0,0,9.6,True,True,0,0
CUST-000366,2020-07-02,43,one_year,mailed_check,fiber,west,66.33,3024.94,45459.0,0,6.8,False,True,0,0
CUST-001902,2022-11-02,31,one_year,credit_card,fiber,west,84.74,2654.9,96425.0,1,9.7,True,True,0,0
CUST-002693,2022-04-08,15,two_year,credit_card,fiber,south,73.38,1091.48,20731.0,0,7.2,False,True,0,0
CUST-002984,2023-06-19,12,one_year,electronic_check,dsl,west,66.42,835.37,51802.0,0,7.8,False,False,0,0
CUST-002323,2023-02-14,13,month_to_month,crypto_wallet,dsl,south,52.9,736.71,112049.0,1,10.0,True,False,0,0
CUST-001650,2020-04-07,59,one_year,bank_transfer,none,east,24.37,1516.88,40164.0,0,6.3,True,False,0,0
CUST-002720,2021-10-08,45,month_to_month,bank_transfer,none,north,23.39,1035.84,36954.0,2,7.3,False,False,0,0
CUST-001201,2020-04-09,3,one_year,mailed_check,dsl,west,37.35,112.41,20964.0,2,6.8,False,False,0,0
CUST-001362,2023-12-27,72,month_to_month,credit_card,none,east,25.67,1747.69,168157.0,1,7.0,False,True,0,0
CUST-001804,2021-03-12,67,month_to_month,electronic_check,fiber,east,63.3,4372.08,27309.0,1,6.2,True,False,0,0
CUST-002126,2020-02-01,71,two_year,credit_card,fiber,east,81.79,6361.81,126299.0,0,8.2,True,True,0,0
CUST-000010,2022-09-25,12,month_to_month,credit_card,fiber,west,53.11,619.02,48020.0,0,7.0,False,True,0,0
CUST-002614,2022-03-26,15,month_to_month,electronic_check,none,west,25.52,429.68,36435.0,2,5.7,True,False,0,0
CUST-002058,2022-03-13,65,month_to_month,bank_transfer,fiber,east,84.51,5726.07,25300.0,5,3.6,True,False,4,1
CUST-002521,2021-10-05,72,month_to_month,credit_card,none,north,25.97,1841.99,,1,5.5,True,False,1,0
CUST-002040,2022-08-01,39,month_to_month,credit_card,fiber,east,75.3,3003.91,66983.0,2,5.2,True,False,2,1
CUST-002605,2020-08-26,2,one_year,credit_card,dsl,north,55.9,112.46,44396.0,2,7.3,False,False,5,1
CUST-001360,2020-01-05,32,month_to_month,mailed_check,none,south,20.82,658.08,49178.0,2,5.9,True,True,0,0
CUST-001617,2023-01-23,4,month_to_month,credit_card,none,east,19.75,78.9,29233.0,3,3.5,True,False,2,1
CUST-001995,2021-12-24,20,month_to_month,credit_card,dsl,east,43.43,914.75,43589.0,3,4.3,True,True,0,0
CUST-000084,2021-11-14,41,one_year,electronic_check,fiber,west,76.68,3282.06,75648.0,0,5.7,False,True,0,0
CUST-001524,2023-10-20,69,month_to_month,bank_transfer,fiber,north,61.11,4202.74,23737.0,0,6.1,False,True,0,0
CUST-000452,2021-02-17,16,two_year,credit_card,dsl,east,45.04,739.29,44053.0,0,7.3,True,False,0,0
CUST-002794,2023-11-04,11,one_year,electronic_check,dsl,south,38.41,443.67,84525.0,0,6.6,False,False,0,0
CUST-000406,2020-08-23,51,one_year,electronic_check,none,north,18.45,964.71,198370.0,1,7.8,True,False,0,0
CUST-002724,2022-12-19,4,month_to_month,credit_card,dsl,north,51.9,227.86,65174.0,0,4.2,True,False,4,1
CUST-001632,2023-11-14,68,two_year,electronic_check,fiber,west,60.65,4265.99,36530.0,0,7.0,False,True,0,0
CUST-001181,2022-10-11,37,two_year,credit_card,dsl,east,52.35,1803.95,21302.0,1,6.8,True,True,0,0
CUST-001901,2023-10-28,3,two_year,credit_card,none,south,19.27,58.18,18377.0,1,8.2,True,True,0,0
CUST-001728,2021-04-08,11,one_year,bank_transfer,dsl,south,48.62,531.37,27566.0,0,8.1,True,False,0,0
CUST-001690,2022-10-03,44,month_to_month,credit_card,dsl,west,58.3,2599.62,46746.0,0,3.9,False,False,0,0
CUST-002398,2022-08-29,4,month_to_month,mailed_check,dsl,south,54.15,205.02,46955.0,1,5.8,True,True,4,1
CUST-000925,2023-02-21,43,month_to_month,bank_transfer,fiber,east,88.77,3671.53,56643.0,1,4.7,True,False,5,1
CUST-000879,2021-10-25,38,month_to_month,bank_transfer,fiber,west,66.04,2574.83,79322.0,1,7.2,True,False,1,1
CUST-000124,2023-06-15,57,one_year,electronic_check,dsl,west,52.79,2813.42,125830.0,2,1.0,False,True,0,0
CUST-001194,2020-02-19,1,month_to_month,electronic_check,fiber,east,78.65,79.66,46859.0,0,6.8,False,False,0,0
CUST-000752,2023-03-06,61,two_year,bank_transfer,dsl,west,58.79,3626.39,40643.0,1,7.1,False,True,0,0
CUST-000663,2020-12-05,15,two_year,credit_card,none,south,40.12,636.05,52102.0,1,8.4,True,True,0,0
CUST-002954,2023-05-30,53,month_to_month,credit_card,none,north,15.0,807.84,53837.0,5,7.0,True,False,4,1
CUST-002741,2022-04-22,62,one_year,credit_card,dsl,south,40.86,2573.03,89189.0,0,8.4,False,True,0,0
CUST-001611,2023-03-20,15,one_year,electronic_check,none,east,27.55,419.08,36158.0,0,10.0,False,False,0,0
CUST-002757,2023-02-12,28,month_to_month,bank_transfer,dsl,north,49.3,1357.16,19236.0,1,5.7,True,False,3,1
CUST-002539,2023-10-11,31,month_to_month,credit_card,fiber,south,84.05,2438.91,48006.0,4,9.2,False,False,3,1
CUST-002076,2021-01-27,14,one_year,bank_transfer,dsl,east,44.13,618.35,,1,7.3,True,False,0,0
CUST-000108,2020-04-09,36,one_year,credit_card,dsl,east,47.65,1710.51,44499.0,2,9.4,True,True,0,0
CUST-001568,2020-07-19,42,one_year,credit_card,dsl,east,69.64,2951.94,39155.0,0,5.3,True,False,0,0
CUST-001256,2021-11-21,1,month_to_month,mailed_check,fiber,north,63.11,64.25,67416.0,3,6.5,False,True,3,1
CUST-002492,2021-04-20,44,month_to_month,bank_transfer,fiber,east,65.67,2866.37,65774.0,1,4.5,True,False,1,1
CUST-001044,2020-12-27,62,one_year,credit_card,dsl,south,34.58,2236.6,75543.0,4,7.9,True,False,0,0
CUST-001241,2023-10-29,58,two_year,credit_card,fiber,north,59.74,3236.82,58764.0,1,8.8,True,False,0,0
CUST-002775,2023-05-30,64,month_to_month,bank_transfer,fiber,south,75.01,4921.45,79496.0,2,4.8,False,True,0,0
CUST-000385,2023-12-18,21,month_to_month,electronic_check,dsl,west,47.55,1012.94,42536.0,3,8.3,False,False,0,0
CUST-002290,2021-03-03,64,one_year,bank_transfer,dsl,south,55.19,3337.79,63352.0,2,8.5,True,True,0,0
CUST-002805,2020-07-25,1,month_to_month,mailed_check,dsl,west,50.84,50.13,93101.0,1,7.1,True,False,0,0
CUST-000885,2022-04-15,41,two_year,bank_transfer,dsl,west,56.08,2075.73,31964.0,2,4.8,True,True,0,0
CUST-000763,2020-02-14,29,two_year,bank_transfer,none,east,16.7,498.16,26878.0,0,6.3,True,True,0,0
CUST-002729,2023-07-14,19,one_year,bank_transfer,none,north,15.0,289.1,40317.0,1,6.6,True,True,0,0
CUST-002546,2021-01-31,5,month_to_month,mailed_check,dsl,north,50.92,248.36,147037.0,1,4.7,True,True,5,1
CUST-000421,2022-12-07,4,month_to_month,credit_card,dsl,east,53.15,212.33,36406.0,1,7.1,True,False,0,0
CUST-002917,2021-07-11,46,month_to_month,credit_card,fiber,north,68.95,3245.27,53383.0,1,5.3,True,True,0,0
CUST-002640,2022-09-23,43,month_to_month,mailed_check,dsl,west,60.3,2502.95,27040.0,0,5.5,False,False,0,0
CUST-001732,2023-11-30,24,month_to_month,credit_card,fiber,north,72.6,1735.55,59836.0,2,7.1,True,True,0,0
CUST-001439,2022-10-28,64,one_year,credit_card,fiber,north,66.39,3918.1,38086.0,1,6.7,True,False,0,0
CUST-002281,2022-11-24,57,one_year,mailed_check,dsl,east,49.68,2953.91,92452.0,0,4.0,False,True,0,0
CUST-002167,2023-10-19,61,one_year,bank_transfer,fiber,east,94.15,5406.86,53390.0,1,7.7,True,True,0,0
CUST-001257,2020-11-26,47,one_year,credit_card,dsl,east,57.37,2782.22,,1,8.0,True,False,0,0
CUST-002747,2020-11-04,57,two_year,electronic_check,fiber,west,67.17,3783.83,22762.0,0,6.8,True,True,0,0
CUST-002953,2020-11-03,12,month_to_month,bank_transfer,dsl,east,60.4,719.12,74177.0,3,8.7,False,True,3,1
CUST-000579,2023-05-01,8,two_year,mailed_check,none,south,22.66,172.7,53192.0,0,5.1,True,True,0,0
CUST-000741,2021-08-08,57,month_to_month,electronic_check,none,south,15.0,912.06,56522.0,4,10.0,False,True,0,0
CUST-001286,2021-10-22,46,two_year,credit_card,dsl,east,59.97,3076.64,67303.0,0,4.3,True,True,0,0
CUST-000689,2021-10-08,31,month_to_month,credit_card,fiber,north,79.87,2411.83,21753.0,5,8.9,True,False,0,0
CUST-000354,2020-01-08,46,two_year,mailed_check,fiber,north,79.58,3476.89,94036.0,0,7.4,True,True,0,0
CUST-001208,2021-06-16,8,month_to_month,electronic_check,dsl,north,68.46,524.07,72315.0,2,3.3,True,True,0,0
CUST-000785,2021-01-29,51,month_to_month,electronic_check,dsl,east,64.76,3207.89,,3,3.5,True,False,0,0
CUST-000086,2020-07-25,36,month_to_month,credit_card,fiber,south,87.58,2999.58,34265.0,0,5.1,False,False,5,1
CUST-001500,2021-03-27,42,two_year,electronic_check,none,west,16.12,703.66,119418.0,2,7.7,True,False,0,0
CUST-002273,2022-03-05,59,two_year,mailed_check,dsl,south,43.43,2404.91,33301.0,2,6.2,True,True,0,0
CUST-000522,2020-09-09,16,two_year,bank_transfer,fiber,north,64.45,1132.74,20863.0,1,5.5,True,True,5,1
CUST-002708,2020-04-20,61,one_year,credit_card,fiber,east,68.19,3896.79,44741.0,0,9.3,True,False,0,0
CUST-001048,2023-06-30,62,month_to_month,credit_card,none,west,29.7,1776.26,87578.0,1,6.9,True,False,0,0
CUST-001087,2022-07-11,54,month_to_month,credit_card,dsl,south,35.74,1869.48,36020.0,3,6.6,True,False,0,0
CUST-000878,2020-09-04,26,month_to_month,mailed_check,dsl,south,37.03,975.55,27242.0,2,5.0,False,True,0,0
CUST-000697,2020-05-09,36,month_to_month,mailed_check,fiber,north,67.03,2459.35,76219.0,1,6.6,False,False,0,0
CUST-000754,2021-02-12,14,month_to_month,electronic_check,dsl,east,47.23,667.58,35392.0,0,6.3,True,False,0,0
CUST-001990,2023-02-09,29,month_to_month,mailed_check,none,north,18.3,504.27,,1,6.4,True,False,1,1
CUST-002146,2021-09-04,41,month_to_month,bank_transfer,dsl,north,42.93,1881.07,58144.0,2,6.6,False,False,0,0
CUST-002550,2020-05-07,56,one_year,credit_card,dsl,south,61.39,3763.0,41303.0,0,5.3,False,False,0,0
CUST-000234,2020-05-08,38,month_to_month,credit_card,fiber,north,73.64,2679.68,41499.0,1,6.2,False,False,0,0
CUST-000326,2023-12-05,54,month_to_month,bank_transfer,fiber,east,64.9,3710.89,30048.0,2,9.3,True,True,0,0
CUST-000263,2021-11-14,11,month_to_month,mailed_check,fiber,north,82.63,961.54,97812.0,2,7.8,True,False,3,1
CUST-002837,2022-02-17,68,one_year,mailed_check,dsl,north,51.67,3487.53,66315.0,4,6.6,False,True,0,0
CUST-002007,2020-03-26,70,one_year,bank_transfer,fiber,south,57.44,4195.05,24728.0,3,8.1,False,False,0,0
CUST-001603,2021-01-29,39,one_year,credit_card,dsl,west,54.1,2166.66,63366.0,1,7.8,False,True,0,0
CUST-002914,2021-11-04,60,month_to_month,bank_transfer,dsl,north,53.18,3335.47,102070.0,2,10.0,False,False,1,1
CUST-002952,2023-11-03,17,month_to_month,electronic_check,fiber,east,66.17,1138.01,44113.0,0,5.7,False,True,2,1
CUST-000014,2021-05-04,36,one_year,credit_card,fiber,west,88.28,3040.93,28936.0,2,9.2,True,False,0,0
CUST-000691,2020-11-09,8,month_to_month,electronic_check,dsl,north,44.43,350.7,55231.0,2,6.8,False,False,0,0
CUST-002460,2021-03-15,24,two_year,credit_card,fiber,south,67.69,1478.35,18401.0,0,8.4,False,False,0,0
CUST-001154,2020-10-17,53,one_year,bank_transfer,dsl,east,51.23,2616.68,43683.0,0,10.0,False,False,0,0
CUST-002859,2022-09-13,68,month_to_month,bank_transfer,fiber,north,83.31,5395.95,27158.0,0,6.5,True,True,0,0
CUST-000315,2022-06-13,26,month_to_month,credit_card,none,south,20.74,530.63,87026.0,2,7.2,True,False,5,1
CUST-002499,2022-04-15,56,month_to_month,credit_card,fiber,north,80.32,4707.16,69316.0,2,6.6,False,False,0,0
CUST-000318,2023-07-06,30,month_to_month,mailed_check,dsl,north,51.01,1539.52,23733.0,1,6.3,False,True,0,0
CUST-000605,2021-01-29,2,month_to_month,electronic_check,dsl,west,56.76,107.75,53653.0,1,5.3,True,True,2,1
CUST-002385,2022-03-09,46,month_to_month,electronic_check,dsl,north,54.54,2617.07,49829.0,1,6.9,True,False,0,0
CUST-002706,2020-11-07,10,month_to_month,bank_transfer,fiber,north,69.64,704.24,58321.0,1,6.2,True,False,4,1
CUST-002192,2020-04-11,61,month_to_month,bank_transfer,fiber,south,65.27,3981.55,121648.0,4,5.6,False,True,3,1
CUST-000020,2021-06-09,29,two_year,bank_transfer,dsl,south,43.74,1281.87,156290.0,3,5.9,True,True,0,0
CUST-001142,2023-09-20,4,month_to_month,bank_transfer,fiber,east,71.81,271.57,61842.0,0,8.5,False,False,0,0
CUST-001553,2021-05-10,19,two_year,mailed_check,none,north,21.72,437.28,102862.0,1,7.4,True,False,0,0
CUST-000424,2023-05-18,23,one_year,credit_card,none,east,27.66,623.77,58488.0,1,8.1,True,False,0,0
CUST-001495,2021-04-26,64,one_year,electronic_check,none,south,34.06,2054.75,39217.0,1,6.3,False,False,0,0
CUST-001392,2023-09-19,28,month_to_month,mailed_check,none,south,37.4,1023.39,78964.0,1,6.8,False,False,0,0
CUST-001019,2022-08-09,62,one_year,bank_transfer,fiber,west,64.34,4012.55,95113.0,0,6.6,True,False,0,0
CUST-000141,2023-12-25,4,month_to_month,credit_card,fiber,south,76.92,296.12,136258.0,1,5.8,True,True,0,0
CUST-001259,2021-01-10,43,one_year,credit_card,fiber,west,91.29,3901.92,126722.0,1,8.3,True,False,0,0
CUST-002309,2022-01-31,16,month_to_month,mailed_check,dsl,north,37.64,587.59,67127.0,1,2.6,False,True,1,0
CUST-002968,2022-07-26,30,one_year,credit_card,dsl,south,44.78,1322.51,54564.0,2,2.9,False,True,0,0
CUST-000380,2022-07-19,25,month_to_month,bank_transfer,fiber,north,73.64,1843.39,94779.0,4,4.7,True,False,4,1
CUST-000439,2021-08-15,19,month_to_month,credit_card,dsl,east,49.23,949.87,30395.0,3,7.5,False,True,0,0
CUST-001612,2023-11-26,7,two_year,credit_card,none,north,15.0,95.08,25193.0,1,4.7,False,True,0,0
CUST-002921,2023-02-26,64,month_to_month,credit_card,none,east,15.0,969.48,122725.0,0,6.3,False,True,0,0
CUST-001050,2022-11-12,34,month_to_month,bank_transfer,dsl,east,57.32,1930.56,63205.0,2,6.6,True,False,2,1
CUST-002314,2021-11-20,39,one_year,credit_card,dsl,north,58.77,2308.65,,1,7.9,False,False,0,0
CUST-000596,2021-06-28,4,month_to_month,credit_card,dsl,north,58.98,243.97,25564.0,2,4.3,False,False,3,1
CUST-002948,2023-01-15,15,month_to_month,electronic_check,none,north,15.0,228.68,,3,5.5,False,True,2,1
CUST-001327,2023-03-17,10,month_to_month,credit_card,dsl,north,58.44,628.88,32812.0,5,3.8,True,False,2,1
CUST-002801,2022-05-24,29,one_year,electronic_check,none,north,26.76,808.25,27206.0,1,4.3,True,True,0,0
CUST-001235,2020-08-02,36,month_to_month,bank_transfer,dsl,south,43.58,1695.31,,3,7.6,False,False,0,0
CUST-001073,2020-02-18,11,month_to_month,electronic_check,none,east,16.28,180.38,22425.0,1,8.7,True,False,0,0
CUST-000504,2023-10-04,11,one_year,credit_card,dsl,east,49.5,539.63,35864.0,0,7.5,True,False,0,0
CUST-000150,2023-07-24,48,month_to_month,electronic_check,none,west,36.1,1724.94,79477.0,2,3.9,False,True,0,0
CUST-001420,2021-05-01,33,month_to_month,credit_card,dsl,west,51.24,1671.65,66712.0,1,5.9,False,True,0,0
CUST-002802,2022-09-14,12,month_to_month,credit_card,dsl,east,56.92,692.54,114255.0,2,6.6,False,True,0,0
CUST-001349,2023-02-21,63,one_year,electronic_check,none,north,20.24,1194.05,34974.0,0,7.9,True,False,0,0
CUST-001404,2022-04-07,32,one_year,mailed_check,dsl,west,42.04,1260.0,134897.0,0,1.4,False,False,0,0
CUST-000055,2020-06-30,30,month_to_month,mailed_check,dsl,east,52.02,1648.99,64646.0,3,5.7,True,True,5,1
CUST-000109,2020-08-10,2,two_year,credit_card,none,north,15.0,29.18,62986.0,1,6.5,True,False,0,0
CUST-000215,2023-02-28,41,two_year,credit_card,fiber,north,99.28,4294.75,31559.0,1,5.1,False,True,0,0
CUST-000169,2023-01-23,1,month_to_month,credit_card,dsl,west,52.61,52.15,,1,5.8,False,True,0,0
CUST-001705,2021-08-30,51,month_to_month,credit_card,fiber,north,94.55,4337.76,100780.0,1,5.6,True,True,1,1
CUST-002252,2023-08-22,52,one_year,bank_transfer,dsl,east,64.65,3529.24,44511.0,0,6.8,True,False,0,0
CUST-001071,2020-05-27,69,one_year,electronic_check,fiber,west,64.69,4450.51,48717.0,2,5.0,True,True,0,0
CUST-001245,2020-03-10,17,one_year,credit_card,dsl,south,64.73,1136.57,78908.0,1,5.9,True,True,0,0
CUST-000420,2023-07-20,40,month_to_month,mailed_check,dsl,north,55.34,2214.02,33354.0,0,4.2,True,True,0,0
CUST-002934,2021-03-11,14,month_to_month,bank_transfer,fiber,east,73.64,963.35,17577.0,2,7.7,False,True,0,0
CUST-000915,2023-02-10,48,month_to_month,electronic_check,fiber,west,66.88,3433.27,126562.0,2,9.0,True,False,0,0
CUST-002662,2021-11-20,21,month_to_month,electronic_check,fiber,east,69.82,1343.55,77098.0,2,8.0,False,True,2,1
CUST-001958,2022-07-16,20,month_to_month,credit_card,fiber,west,71.97,1465.09,41980.0,2,6.7,True,False,0,0
CUST-001838,2023-08-10,62,month_to_month,bank_transfer,dsl,east,52.01,3126.82,68008.0,2,2.6,True,True,0,0
CUST-002408,2020-04-05,8,one_year,credit_card,dsl,south,28.07,215.1,38507.0,1,6.4,True,False,0,0
CUST-002754,2022-03-06,19,two_year,credit_card,fiber,west,63.54,1265.33,,2,4.7,False,False,0,0
CUST-002683,2022-04-20,14,month_to_month,bank_transfer,fiber,west,63.6,843.93,22848.0,0,8.4,False,False,0,0
CUST-001253,2022-09-18,32,month_to_month,mailed_check,fiber,east,70.69,2240.04,,0,6.0,True,False,2,1
CUST-001604,2021-01-17,4,two_year,electronic_check,none,north,15.0,63.89,38546.0,1,9.3,True,True,0,0
CUST-001896,2023-11-06,45,two_year,credit_card,dsl,north,52.98,2272.31,138921.0,1,9.0,False,True,0,0
CUST-002133,2020-07-27,58,two_year,bank_transfer,fiber,east,66.13,4035.23,58578.0,2,4.8,True,True,0,0
CUST-001361,2023-05-17,44,month_to_month,credit_card,dsl,south,44.91,2164.06,109307.0,3,6.4,True,True,0,0
CUST-000537,2022-04-10,25,month_to_month,electronic_check,fiber,north,54.13,1299.02,43791.0,2,7.8,True,False,4,1
CUST-001043,2022-09-07,62,month_to_month,mailed_check,none,north,29.99,1783.91,56019.0,1,3.3,True,False,0,0
CUST-001092,2021-06-08,41,one_year,mailed_check,fiber,south,87.58,3759.42,38079.0,1,7.7,True,True,4,1
CUST-002175,2023-04-21,61,month_to_month,mailed_check,none,south,15.0,932.34,40888.0,1,7.9,True,False,0,0
CUST-002949,2020-09-08,10,month_to_month,bank_transfer,fiber,north,75.69,785.74,90618.0,2,4.1,False,False,4,1
CUST-000436,2022-06-14,48,one_year,electronic_check,fiber,west,76.12,3542.12,105154.0,1,5.7,False,False,2,1
CUST-001883,2022-12-11,43,month_to_month,electronic_check,fiber,north,72.51,3177.24,55008.0,1,8.0,True,False,0,0
CUST-001756,2022-04-05,43,month_to_month,bank_transfer,none,south,24.75,1065.52,,1,8.9,True,False,2,1
CUST-002978,2022-05-14,42,two_year,credit_card,fiber,south,84.29,3397.96,23877.0,1,5.8,True,True,0,0
CUST-000153,2023-05-30,7,month_to_month,electronic_check,fiber,south,68.4,481.38,31380.0,2,3.4,False,False,1,1
CUST-000077,2022-04-20,29,month_to_month,credit_card,fiber,north,86.71,2674.23,48729.0,1,3.2,False,False,0,0
CUST-000895,2021-02-11,52,two_year,electronic_check,fiber,east,57.15,2983.77,102347.0,0,6.6,True,True,0,0
CUST-000880,2021-10-29,28,two_year,credit_card,fiber,east,83.69,2219.45,53547.0,0,5.7,True,True,0,0
CUST-000848,2020-09-05,38,one_year,credit_card,dsl,east,62.91,2453.54,27236.0,1,8.4,False,True,0,0
CUST-000178,2020-06-05,33,month_to_month,bank_transfer,fiber,north,80.32,2675.65,139905.0,2,9.3,False,False,0,0
CUST-002488,2022-08-14,2,one_year,electronic_check,none,west,18.77,41.52,30433.0,1,3.3,True,True,5,1
CUST-001646,2020-05-24,60,month_to_month,bank_transfer,dsl,west,47.96,2995.58,54696.0,4,9.5,True,False,0,0
CUST-001754,2022-01-29,52,month_to_month,electronic_check,fiber,east,77.51,4138.87,69338.0,1,10.0,True,False,0,0
CUST-001243,2022-02-04,59,one_year,mailed_check,dsl,south,39.62,2226.32,,1,4.4,True,False,0,0
CUST-000764,2020-05-15,30,month_to_month,bank_transfer,dsl,south,31.45,948.48,38958.0,1,8.8,True,False,0,0
CUST-001747,2020-03-17,26,one_year,electronic_check,fiber,west,55.59,1334.08,20135.0,1,6.1,False,False,1,1
CUST-000818,2023-04-14,68,month_to_month,electronic_check,fiber,north,58.16,3979.02,38618.0,5,5.8,True,False,1,1
CUST-001707,2023-04-23,12,two_year,electronic_check,fiber,east,62.23,711.27,53206.0,0,10.0,False,True,0,0
CUST-002785,2022-05-15,46,one_year,bank_transfer,fiber,south,68.48,3291.69,8992.0,1,6.8,False,False,4,1
CUST-001325,2020-06-13,28,month_to_month,electronic_check,dsl,south,42.28,1173.01,36189.0,2,6.9,True,True,2,1
CUST-000013,2022-07-10,43,two_year,electronic_check,dsl,north,55.72,2432.37,,0,5.3,True,True,0,0
CUST-001422,2021-01-25,68,month_to_month,bank_transfer,none,west,27.62,1970.39,70006.0,3,7.6,True,True,0,0
CUST-002433,2020-05-29,42,month_to_month,credit_card,fiber,west,85.99,3504.38,46294.0,4,5.1,True,False,0,0
CUST-000718,2021-11-24,37,month_to_month,credit_card,fiber,east,59.42,2157.94,28439.0,3,5.1,True,False,3,1
CUST-000828,2022-06-29,9,two_year,electronic_check,dsl,north,56.8,542.8,42781.0,0,9.0,False,True,0,0
CUST-000095,2023-05-01,16,month_to_month,mailed_check,fiber,north,81.43,1297.68,77765.0,0,6.6,False,True,0,0
CUST-001172,2022-09-04,37,one_year,bank_transfer,fiber,north,65.95,2230.41,42387.0,0,3.9,False,False,1,1
CUST-001515,2021-05-23,19,month_to_month,electronic_check,dsl,north,41.97,858.36,32565.0,5,8.4,True,False,0,0
CUST-000024,2023-02-05,23,month_to_month,bank_transfer,none,north,15.0,350.66,17545.0,4,5.0,True,False,4,1
CUST-002833,2021-03-05,34,month_to_month,electronic_check,fiber,north,76.89,2605.06,,1,6.3,True,False,2,1
CUST-002826,2023-04-18,14,two_year,bank_transfer,fiber,north,74.21,1141.64,20026.0,0,7.0,True,True,0,0
CUST-002558,2023-01-30,62,one_year,electronic_check,dsl,north,53.61,3415.12,34595.0,1,6.6,True,True,0,0
CUST-000641,2020-11-29,11,one_year,mailed_check,fiber,south,67.14,727.95,50755.0,0,7.9,True,False,0,0
CUST-002411,2023-09-04,19,one_year,credit_card,fiber,north,70.96,1358.77,49611.0,1,5.8,True,False,0,0
CUST-002131,2023-01-22,52,month_to_month,bank_transfer,dsl,north,38.09,2169.46,,1,4.6,True,False,3,1
CUST-002182,2022-10-20,13,month_to_month,bank_transfer,dsl,west,62.78,782.24,30329.0,1,8.2,False,False,0,0
CUST-000072,2022-01-20,59,one_year,credit_card,fiber,south,71.33,4112.87,168146.0,2,6.7,True,False,4,1
CUST-001192,2022-12-03,29,month_to_month,credit_card,dsl,north,54.2,1575.71,131275.0,0,2.7,True,False,5,1
CUST-001464,2022-08-16,26,month_to_month,credit_card,none,south,35.18,936.6,73535.0,2,4.4,True,False,3,1
CUST-000117,2020-01-17,51,month_to_month,credit_card,none,east,24.0,1199.19,30769.0,3,6.8,False,False,0,0
CUST-002102,2020-09-08,56,two_year,credit_card,fiber,south,66.03,3805.32,50437.0,1,8.9,True,True,0,0
CUST-002889,2021-05-02,33,month_to_month,credit_card,dsl,west,62.79,2022.72,88523.0,1,10.0,True,False,0,0
CUST-000396,2020-11-03,9,two_year,electronic_check,dsl,north,59.02,529.75,42256.0,1,9.7,True,True,0,0
CUST-001840,2022-02-24,42,month_to_month,bank_transfer,dsl,south,58.19,2364.01,17157.0,0,7.3,False,True,0,0
CUST-001699,2020-08-31,17,month_to_month,mailed_check,fiber,south,74.64,1262.96,34729.0,4,4.6,True,False,2,1
CUST-002944,2021-08-02,24,month_to_month,bank_transfer,fiber,south,79.5,1965.69,61612.0,2,4.1,True,False,5,1
CUST-000418,2022-04-08,1,one_year,credit_card,dsl,west,50.93,52.7,26989.0,0,5.6,False,False,0,0
CUST-001009,2022-04-30,37,one_year,mailed_check,dsl,east,61.21,2191.47,93906.0,1,7.1,False,True,0,0
CUST-001737,2020-04-13,10,month_to_month,electronic_check,none,west,15.0,162.57,56646.0,1,4.7,False,True,0,0
CUST-001143,2021-09-26,4,month_to_month,credit_card,dsl,east,57.89,234.12,160636.0,3,9.7,False,False,0,0
CUST-001051,2023-05-05,61,two_year,electronic_check,fiber,south,83.19,5289.37,27331.0,3,7.4,False,True,0,0
CUST-001875,2020-01-26,1,month_to_month,bank_transfer,fiber,south,74.58,75.53,45204.0,1,7.1,True,False,0,0
CUST-000101,2023-04-22,11,month_to_month,credit_card,none,east,28.79,309.51,53121.0,2,10.0,True,False,0,0
CUST-000530,2023-12-16,20,month_to_month,electronic_check,fiber,south,75.87,1381.31,18782.0,2,4.7,False,False,0,0
CUST-002628,2023-05-06,22,month_to_month,credit_card,dsl,west,53.48,1178.17,43873.0,3,8.9,True,False,0,0
CUST-002114,2021-05-04,62,two_year,electronic_check,fiber,south,73.55,3934.55,23898.0,0,7.7,True,True,0,0
CUST-001369,2022-10-25,62,one_year,bank_transfer,dsl,south,44.39,3109.41,65246.0,0,6.5,False,True,0,0
CUST-000970,2023-05-11,50,month_to_month,electronic_check,fiber,east,79.46,3797.91,,0,3.6,True,False,0,0
CUST-000864,2020-04-26,2,month_to_month,bank_transfer,dsl,east,57.03,120.95,25166.0,2,10.0,True,True,0,0
CUST-001493,2021-11-23,26,month_to_month,credit_card,dsl,west,45.78,1127.88,117046.0,2,7.4,False,True,5,1
CUST-001706,2023-03-28,14,one_year,mailed_check,dsl,south,66.46,934.04,45922.0,0,5.1,True,False,0,0
CUST-000211,2023-04-23,14,month_to_month,credit_card,fiber,north,76.91,1083.41,42070.0,0,5.7,True,False,5,1
CUST-002684,2021-01-07,17,month_to_month,bank_transfer,fiber,south,82.41,1399.6,18310.0,0,9.4,True,False,5,1
CUST-000762,2023-01-17,28,two_year,electronic_check,fiber,east,71.77,2015.03,,3,8.8,False,False,0,0
CUST-000088,2022-06-04,14,month_to_month,credit_card,none,west,20.36,294.01,27037.0,1,8.5,False,False,0,0
CUST-000637,2020-07-19,16,month_to_month,electronic_check,none,west,15.0,253.02,14857.0,4,3.0,True,True,0,0
CUST-001539,2023-12-15,68,month_to_month,credit_card,dsl,west,49.78,3331.05,108739.0,2,5.6,True,False,1,1
CUST-001189,2023-03-01,54,month_to_month,bank_transfer,dsl,south,40.46,2126.85,61412.0,1,4.8,True,False,5,1
CUST-001774,2023-04-16,15,month_to_month,mailed_check,dsl,east,53.63,741.13,51893.0,2,8.2,True,False,1,1
CUST-001085,2023-12-19,36,one_year,credit_card,fiber,south,76.66,2710.11,24494.0,2,8.1,False,False,0,0
CUST-000920,2020-05-20,63,one_year,bank_transfer,dsl,north,53.18,3447.2,47012.0,1,9.1,False,False,0,0
CUST-000549,2023-02-22,48,month_to_month,electronic_check,dsl,south,51.96,2321.96,78381.0,0,6.3,False,False,2,1
CUST-002244,2021-12-23,62,one_year,bank_transfer,fiber,north,61.06,3585.63,26930.0,1,5.8,False,False,0,0
CUST-002196,2020-07-05,18,one_year,credit_card,none,west,29.96,550.33,106106.0,0,6.2,True,True,0,0
CUST-002787,2022-08-26,14,month_to_month,bank_transfer,dsl,south,48.27,711.53,179850.0,3,5.8,True,True,3,1
CUST-001386,2020-12-21,1,month_to_month,credit_card,dsl,south,63.79,65.77,48055.0,2,7.9,True,False,2,1
CUST-000820,2022-08-02,3,one_year,bank_transfer,fiber,south,90.97,262.53,33561.0,0,2.9,True,False,5,1
CUST-000577,2020-09-05,39,two_year,credit_card,dsl,west,51.32,1968.93,38810.0,2,10.0,True,False,0,0
CUST-001672,2021-03-05,24,month_to_month,electronic_check,fiber,north,81.97,1967.14,98867.0,1,7.8,True,True,0,0
CUST-002725,2021-10-05,20,month_to_month,bank_transfer,fiber,north,84.77,1772.69,47075.0,3,5.0,True,True,0,0
CUST-000238,2022-08-03,53,month_to_month,credit_card,none,east,26.17,1356.04,,1,6.8,True,True,0,0
CUST-000593,2020-12-18,9,two_year,credit_card,fiber,east,85.23,776.16,39902.0,1,4.3,True,True,0,0
CUST-002144,2022-12-22,54,two_year,bank_transfer,fiber,north,69.97,3697.54,29657.0,0,9.0,True,False,0,0
CUST-000203,2023-02-12,53,two_year,electronic_check,fiber,east,64.51,3234.06,76254.0,0,6.1,False,True,0,0
CUST-000770,2021-07-02,48,two_year,mailed_check,fiber,east,45.98,2125.88,88347.0,0,5.8,False,True,4,1
CUST-002434,2023-12-03,61,month_to_month,bank_transfer,fiber,north,71.2,4729.96,22258.0,2,6.1,True,True,4,1
CUST-002168,2023-12-01,6,one_year,credit_card,dsl,east,36.54,236.46,27157.0,1,6.5,True,True,0,0
CUST-002660,2023-05-17,5,month_to_month,credit_card,fiber,east,76.85,366.13,115682.0,3,6.6,True,True,5,1
CUST-001629,2021-05-24,30,one_year,bank_transfer,dsl,east,49.81,1469.18,57213.0,0,2.2,True,True,0,0
CUST-000012,2023-01-23,16,month_to_month,credit_card,fiber,north,70.6,1147.33,19830.0,0,4.8,False,False,0,0
CUST-002688,2022-02-17,9,month_to_month,electronic_check,fiber,north,73.95,673.5,46433.0,2,8.2,False,False,3,1
CUST-002899,2023-02-20,28,one_year,credit_card,fiber,west,67.56,1901.64,34972.0,1,8.6,True,False,0,0
CUST-002531,2021-09-22,13,month_to_month,electronic_check,fiber,north,88.04,1121.93,73255.0,5,5.2,True,False,3,1
CUST-000840,2023-12-14,20,two_year,credit_card,dsl,east,56.41,1040.25,22978.0,1,4.6,False,True,0,0
CUST-001730,2020-10-08,53,month_to_month,bank_transfer,none,east,22.71,1272.23,63115.0,3,4.3,True,False,0,0
CUST-002516,2021-03-12,33,month_to_month,credit_card,fiber,north,78.63,2523.93,85418.0,1,7.9,True,False,1,1
CUST-001139,2023-11-02,29,month_to_month,bank_transfer,dsl,west,69.12,2106.52,37737.0,0,8.9,False,True,0,0
CUST-001161,2020-10-03,66,month_to_month,credit_card,fiber,north,82.33,5267.11,58703.0,2,5.9,False,False,5,1
CUST-000726,2022-02-13,20,month_to_month,electronic_check,fiber,north,71.55,1394.84,64290.0,2,5.7,True,True,2,1
CUST-000475,2023-09-05,26,one_year,credit_card,dsl,north,50.29,1384.28,73591.0,1,8.1,False,True,0,0
CUST-000712,2020-06-01,52,two_year,credit_card,fiber,west,71.59,3865.91,36759.0,1,6.3,False,False,0,0
CUST-000876,2023-06-06,64,two_year,mailed_check,dsl,north,37.48,2442.04,122063.0,1,8.5,True,True,0,0
CUST-000458,2023-08-22,23,one_year,credit_card,dsl,east,58.58,1355.43,134604.0,2,6.1,True,True,0,0
CUST-000242,2023-07-08,24,month_to_month,electronic_check,fiber,north,82.27,2064.14,113086.0,2,3.8,False,True,0,0
CUST-001067,2022-07-02,60,one_year,credit_card,fiber,east,76.56,4502.61,78758.0,1,9.3,True,False,0,0
CUST-000559,2022-07-07,32,two_year,credit_card,fiber,north,77.8,2359.53,35144.0,0,8.3,False,False,0,0
CUST-002217,2020-09-27,72,month_to_month,bank_transfer,dsl,east,50.16,3633.69,51446.0,3,7.6,True,False,0,0
CUST-001288,2023-07-06,52,two_year,credit_card,none,north,16.0,823.4,73620.0,0,9.9,True,True,0,0
CUST-001669,2020-12-14,9,two_year,credit_card,fiber,east,100.87,816.94,39314.0,0,7.2,True,True,1,1
CUST-001972,2021-02-06,26,month_to_month,credit_card,dsl,west,60.16,1491.37,35619.0,0,3.3,True,True,0,0
CUST-000249,2022-11-04,5,month_to_month,bank_transfer,dsl,south,47.98,247.39,107492.0,1,5.3,True,True,0,0
CUST-000413,2020-04-24,15,one_year,credit_card,fiber,east,56.61,866.56,78730.0,3,8.9,False,True,2,1
CUST-000317,2023-01-30,27,one_year,credit_card,none,east,15.0,392.14,28203.0,1,9.1,False,False,0,0
CUST-001823,2021-07-27,60,one_year,bank_transfer,dsl,east,51.08,3106.87,20722.0,1,6.7,True,False,3,1
CUST-001251,2020-06-19,55,month_to_month,credit_card,dsl,south,58.57,3193.71,51285.0,2,5.7,False,False,0,0
CUST-001751,2020-07-06,56,two_year,credit_card,fiber,north,78.82,4425.15,211759.0,0,8.1,True,True,0,0
CUST-000081,2022-02-13,42,month_to_month,credit_card,fiber,west,60.98,2670.9,39170.0,1,7.8,False,False,5,1
CUST-002557,2020-02-09,63,two_year,bank_transfer,dsl,north,56.06,3371.88,49187.0,2,7.6,True,True,0,0
CUST-002490,2020-03-17,38,month_to_month,mailed_check,dsl,east,47.96,1713.67,94391.0,2,4.5,True,True,0,0
CUST-000373,2021-11-25,9,month_to_month,electronic_check,dsl,east,63.67,566.68,150090.0,4,4.0,True,True,5,1
CUST-000155,2021-04-19,18,one_year,bank_transfer,dsl,south,56.06,1057.83,46000.0,3,6.6,True,False,0,0
CUST-000616,2023-05-31,47,month_to_month,bank_transfer,dsl,west,61.77,2975.29,,2,7.7,True,False,0,0
CUST-002456,2021-06-20,61,one_year,bank_transfer,none,south,25.04,1614.97,,0,6.6,True,False,0,0
CUST-000050,2021-06-18,13,month_to_month,credit_card,dsl,west,48.02,633.01,94225.0,2,5.8,False,True,5,1
CUST-000223,2020-11-09,71,one_year,credit_card,dsl,east,32.52,2508.82,,1,6.8,False,True,0,0
CUST-002243,2023-10-06,6,month_to_month,bank_transfer,fiber,south,69.94,432.74,176050.0,2,5.6,True,True,3,1
CUST-002338,2022-11-10,62,one_year,bank_transfer,fiber,east,81.25,4667.99,,0,4.4,False,True,0,0
CUST-000994,2023-04-05,70,two_year,credit_card,none,north,17.04,1085.52,67217.0,2,7.4,True,True,0,0
CUST-001021,2021-10-20,35,month_to_month,credit_card,fiber,north,65.75,2212.72,54569.0,0,6.8,False,True,0,0
CUST-001879,2020-04-22,28,month_to_month,credit_card,dsl,east,61.45,1696.15,51969.0,1,5.6,True,False,5,1
CUST-000678,2022-09-11,36,month_to_month,electronic_check,dsl,north,45.37,1721.73,30166.0,4,5.5,True,False,3,1
CUST-001382,2023-01-04,35,month_to_month,electronic_check,none,south,19.41,671.08,123567.0,2,7.7,True,False,0,0
CUST-002767,2023-10-27,41,month_to_month,credit_card,dsl,west,49.55,1955.32,250847.0,1,6.4,True,True,0,0
CUST-001782,2020-06-12,26,one_year,electronic_check,fiber,north,86.93,2194.11,34918.0,2,8.7,True,False,0,0
CUST-000540,2022-06-10,62,month_to_month,credit_card,fiber,west,78.79,4630.98,138366.0,4,6.8,False,False,2,1
CUST-000646,2023-07-25,68,month_to_month,electronic_check,dsl,north,35.64,2614.49,30610.0,0,3.9,True,False,0,0
CUST-001470,2023-08-26,20,month_to_month,bank_transfer,fiber,west,77.09,1556.7,74284.0,4,5.6,False,False,0,0
CUST-002519,2022-04-19,13,month_to_month,electronic_check,fiber,west,78.84,1080.98,25121.0,3,8.3,True,False,0,0
CUST-001010,2020-02-08,28,month_to_month,mailed_check,dsl,north,66.82,2004.08,,1,7.7,True,False,0,0
CUST-001344,2023-11-01,51,one_year,electronic_check,fiber,east,90.27,4425.27,33153.0,0,7.6,True,False,0,0
CUST-002644,2021-02-18,15,two_year,credit_card,fiber,west,98.51,1488.66,85290.0,1,7.5,True,True,5,1
CUST-002710,2021-12-27,43,one_year,bank_transfer,dsl,west,32.19,1600.6,45628.0,1,10.0,True,True,0,0
CUST-002441,2021-04-25,7,month_to_month,bank_transfer,none,east,15.0,104.81,,3,6.3,False,True,4,1
CUST-000389,2021-02-25,54,two_year,credit_card,fiber,west,56.06,2838.72,58679.0,1,5.8,False,True,0,0
CUST-000793,2022-12-07,55,month_to_month,electronic_check,fiber,west,67.22,3619.92,27090.0,4,7.2,True,False,1,1
CUST-002867,2021-08-06,35,one_year,credit_card,dsl,west,67.49,2476.84,69056.0,0,7.2,True,False,0,0
CUST-001619,2023-07-23,48,month_to_month,bank_transfer,fiber,north,77.82,3832.22,55885.0,3,4.5,True,False,1,1
CUST-000332,2023-03-26,67,one_year,bank_transfer,fiber,west,71.21,4717.68,35526.0,2,8.3,True,False,0,0
CUST-000620,2021-08-13,70,month_to_month,bank_transfer,fiber,north,91.52,6032.28,189247.0,1,5.5,False,True,0,0
CUST-002989,2022-08-28,9,two_year,credit_card,none,north,15.0,137.55,58806.0,0,9.2,True,True,0,0
CUST-001428,2022-12-24,8,one_year,electronic_check,fiber,east,60.49,476.56,81405.0,1,8.7,True,False,2,1
CUST-002392,2023-12-09,50,one_year,mailed_check,dsl,east,63.59,3265.52,34877.0,2,8.0,True,False,0,0
CUST-002191,2023-06-29,31,one_year,credit_card,fiber,south,77.19,2240.69,27657.0,1,4.2,True,False,4,1
CUST-002595,2021-06-16,29,month_to_month,credit_card,fiber,north,84.18,2394.68,58925.0,3,9.2,False,False,2,1
CUST-001522,2023-08-14,67,month_to_month,bank_transfer,fiber,east,106.74,6806.72,88683.0,4,6.6,False,False,0,0
CUST-000363,2023-07-14,24,month_to_month,credit_card,none,west,20.31,482.06,,2,6.8,False,False,0,0
CUST-001501,2020-09-05,55,two_year,electronic_check,fiber,north,97.31,5289.97,28807.0,2,5.1,False,True,0,0
CUST-002310,2023-07-30,39,two_year,electronic_check,fiber,north,76.75,2725.01,73116.0,3,7.0,False,False,0,0
CUST-000078,2021-01-02,28,month_to_month,bank_transfer,fiber,north,66.02,2007.55,49434.0,3,6.8,False,False,0,0
CUST-001125,2021-03-04,2,month_to_month,bank_transfer,fiber,north,65.71,135.69,22281.0,4,6.8,True,False,4,1
CUST-001590,2022-08-07,12,month_to_month,bank_transfer,dsl,north,48.95,619.39,13222.0,7,5.2,True,True,4,1
CUST-000226,2023-10-03,33,one_year,credit_card,fiber,north,81.13,2606.67,73973.0,0,6.1,True,True,0,0
CUST-000927,2021-02-02,2,two_year,credit_card,fiber,west,66.65,132.9,108721.0,1,4.9,True,True,0,0
CUST-001145,2022-11-02,56,month_to_month,electronic_check,dsl,south,37.93,2292.3,36072.0,3,4.7,False,False,0,0
CUST-001571,2021-09-06,31,one_year,credit_card,fiber,east,67.85,2122.97,72005.0,0,10.0,True,True,0,0
CUST-002759,2023-10-09,18,month_to_month,credit_card,none,north,15.0,260.35,56280.0,2,2.9,True,True,0,0
CUST-001881,2022-08-28,58,two_year,bank_transfer,fiber,west,74.38,4443.87,71895.0,1,6.1,True,False,0,0
CUST-000677,2020-08-05,65,month_to_month,credit_card,none,north,20.35,1393.6,65869.0,2,9.6,True,False,0,0
CUST-000091,2021-11-17,9,one_year,electronic_check,fiber,north,77.64,697.37,119794.0,1,9.6,False,True,0,0
CUST-001905,2021-01-20,38,month_to_month,bank_transfer,fiber,east,74.93,2843.73,59148.0,1,7.0,True,False,0,0
CUST-000513,2022-10-01,17,month_to_month,electronic_check,fiber,north,75.37,1240.63,82993.0,1,10.0,True,False,0,0
CUST-002372,2023-11-30,30,one_year,electronic_check,none,west,15.0,422.56,30501.0,2,6.7,True,False,4,1
CUST-001061,2022-08-11,39,month_to_month,bank_transfer,fiber,west,60.11,2398.2,146247.0,2,6.9,True,True,5,1
CUST-001196,2021-11-07,48,month_to_month,bank_transfer,fiber,north,66.85,3173.41,53711.0,0,3.9,False,True,0,0
CUST-002719,2021-11-17,64,month_to_month,credit_card,dsl,west,47.85,2976.0,122003.0,0,7.7,True,True,0,0
CUST-002234,2020-09-22,38,month_to_month,electronic_check,fiber,east,67.25,2384.11,51190.0,2,9.4,True,False,0,0
CUST-000977,2023-02-28,2,month_to_month,credit_card,dsl,north,58.37,119.15,51849.0,0,4.8,True,True,0,0
CUST-000753,2023-08-14,68,month_to_month,electronic_check,fiber,south,64.8,4387.07,145881.0,0,6.0,True,True,0,0
CUST-002797,2023-12-12,18,one_year,credit_card,dsl,south,53.75,979.84,35404.0,0,6.9,False,False,0,0
CUST-000066,2023-11-08,49,month_to_month,bank_transfer,dsl,north,53.7,2514.47,33039.0,3,9.5,True,False,0,0
CUST-000151,2023-07-12,2,month_to_month,credit_card,none,west,38.94,81.2,39633.0,3,6.2,False,True,4,1
CUST-000845,2020-05-09,5,one_year,electronic_check,fiber,east,84.05,395.1,79791.0,0,7.9,True,False,0,0
CUST-002139,2022-01-25,54,one_year,electronic_check,fiber,south,77.02,4477.0,70178.0,2,2.7,False,True,2,1
CUST-000821,2022-08-04,42,month_to_month,electronic_check,fiber,south,89.66,3765.06,15361.0,2,6.9,True,False,0,0
CUST-001417,2022-12-25,22,one_year,bank_transfer,fiber,south,78.57,1668.35,30808.0,1,10.0,False,True,0,0
CUST-001375,2021-03-15,6,month_to_month,electronic_check,none,north,36.31,212.41,17146.0,3,6.1,True,True,5,1
CUST-001131,2021-04-01,3,two_year,electronic_check,fiber,west,61.87,184.63,64709.0,1,3.9,True,True,3,1
CUST-002444,2023-01-13,26,two_year,electronic_check,fiber,north,76.42,1879.56,,1,7.1,True,True,0,0
CUST-001152,2020-10-22,15,month_to_month,mailed_check,dsl,south,56.96,820.78,72109.0,0,6.5,True,False,0,0
CUST-000525,2020-12-30,15,month_to_month,bank_transfer,dsl,north,47.73,713.64,101683.0,6,7.1,False,False,0,0
CUST-002852,2023-02-23,37,month_to_month,mailed_check,fiber,east,79.81,3089.62,18797.0,0,7.4,False,True,0,0
CUST-000386,2023-11-23,34,month_to_month,credit_card,dsl,south,38.61,1230.66,96885.0,4,8.0,True,False,0,0
CUST-000667,2023-07-04,52,month_to_month,bank_transfer,dsl,south,41.14,2053.3,58827.0,3,8.7,True,True,4,1
CUST-001032,2022-09-29,3,month_to_month,bank_transfer,dsl,west,74.57,219.4,,2,6.6,True,False,0,0
CUST-001275,2022-12-15,59,month_to_month,electronic_check,dsl,south,57.42,3447.13,56313.0,3,9.2,False,False,0,0
CUST-002389,2022-11-18,55,month_to_month,credit_card,fiber,south,74.71,4073.89,117386.0,0,6.3,False,False,3,1
CUST-002413,2021-03-07,14,one_year,electronic_check,dsl,south,37.24,478.01,115072.0,1,7.6,False,False,0,0
CUST-000347,2021-08-04,2,two_year,credit_card,dsl,south,50.8,92.26,43738.0,2,9.1,True,True,0,0
CUST-001077,2021-10-15,6,month_to_month,bank_transfer,fiber,north,76.01,439.11,27422.0,4,8.8,True,True,2,1
CUST-001324,2021-01-05,43,month_to_month,electronic_check,fiber,east,78.8,3162.24,17166.0,2,3.7,True,True,0,0
CUST-000807,2021-09-01,24,month_to_month,mailed_check,dsl,south,54.97,1395.85,100386.0,3,8.9,True,True,0,0
CUST-001086,2022-11-15,58,one_year,credit_card,dsl,west,58.7,3427.84,114749.0,2,6.3,True,True,0,0
CUST-001886,2020-11-03,70,two_year,bank_transfer,dsl,east,55.26,3523.31,174448.0,3,10.0,False,True,0,0
CUST-000810,2020-11-02,13,one_year,credit_card,dsl,east,56.2,713.01,51369.0,0,6.9,False,False,0,0
CUST-001652,2023-01-06,46,two_year,electronic_check,fiber,east,67.28,3135.64,20570.0,0,3.5,True,False,4,1
CUST-002676,2020-05-16,15,two_year,bank_transfer,fiber,west,75.23,1085.69,41408.0,1,7.0,False,False,0,0
CUST-002933,2023-04-22,21,month_to_month,mailed_check,dsl,north,56.4,1235.54,46133.0,2,3.1,True,False,0,0
CUST-002366,2023-06-05,21,month_to_month,bank_transfer,fiber,south,66.49,1476.22,73453.0,0,6.4,True,True,0,0
CUST-000176,2020-08-28,24,month_to_month,mailed_check,fiber,north,71.77,1796.52,44290.0,0,6.8,True,True,0,0
CUST-001433,2023-12-02,17,month_to_month,electronic_check,fiber,south,65.84,1071.45,55549.0,2,6.4,False,True,1,1
CUST-000607,2023-03-16,37,one_year,credit_card,fiber,west,75.28,2844.86,56884.0,2,7.8,True,True,0,0
CUST-001641,2021-01-20,53,month_to_month,electronic_check,fiber,south,61.39,3257.5,76394.0,2,8.7,False,True,0,0
CUST-000499,2023-03-14,28,month_to_month,bank_transfer,fiber,south,57.1,1586.07,44254.0,3,7.4,False,False,3,1
CUST-002064,2023-01-20,26,one_year,mailed_check,fiber,south,78.97,2084.12,,1,9.0,True,False,0,0
CUST-001356,2021-06-13,34,month_to_month,credit_card,fiber,north,88.81,3106.9,16114.0,3,4.3,True,True,5,1
CUST-001626,2020-10-04,44,month_to_month,electronic_check,fiber,south,72.6,3150.96,101660.0,3,6.7,True,False,3,1
CUST-001904,2021-08-26,50,month_to_month,credit_card,fiber,west,44.03,2022.38,31239.0,2,4.1,True,False,0,0
CUST-002156,2023-04-16,38,month_to_month,electronic_check,dsl,south,45.61,1689.83,74488.0,4,6.1,False,False,0,0
CUST-001704,2021-07-16,63,month_to_month,credit_card,dsl,south,61.93,3697.46,39139.0,1,6.7,True,True,0,0
CUST-001683,2022-07-06,56,month_to_month,credit_card,none,north,15.57,860.6,35133.0,2,6.3,False,True,0,0
CUST-001263,2022-05-04,62,one_year,credit_card,dsl,north,37.79,2416.57,71478.0,2,7.6,True,True,0,0
CUST-000562,2020-01-21,18,month_to_month,credit_card,fiber,south,75.31,1435.07,50192.0,3,8.1,True,False,1,1
CUST-000523,2021-06-30,58,month_to_month,electronic_check,none,north,27.86,1662.91,31994.0,1,7.8,True,False,3,1
CUST-002224,2020-01-09,43,month_to_month,credit_card,none,south,18.4,766.82,27821.0,4,7.9,False,True,0,0
CUST-000170,2023-09-14,56,month_to_month,credit_card,fiber,south,74.07,4105.38,25057.0,2,6.5,False,False,0,0
CUST-002438,2020-11-25,26,month_to_month,electronic_check,none,east,30.52,814.65,23179.0,3,7.0,True,False,4,1
CUST-002988,2020-01-24,53,month_to_month,bank_transfer,dsl,east,52.17,2627.06,103888.0,3,10.0,True,False,0,0
CUST-000105,2020-03-25,30,two_year,mailed_check,dsl,east,44.72,1324.08,41077.0,1,9.5,False,True,0,0
CUST-001020,2021-08-24,22,month_to_month,credit_card,fiber,west,85.67,1924.29,70309.0,2,5.9,True,False,1,0
CUST-002454,2022-08-28,72,month_to_month,credit_card,dsl,west,42.2,3161.4,67157.0,0,8.4,True,False,0,0
CUST-002990,2021-03-06,32,one_year,bank_transfer,dsl,north,56.84,1851.15,,0,10.0,True,False,0,0
CUST-002414,2020-10-16,70,month_to_month,bank_transfer,none,east,22.6,1619.11,46028.0,3,6.7,False,False,0,0
CUST-002868,2023-03-19,31,month_to_month,mailed_check,dsl,north,53.94,1621.78,44605.0,1,5.6,True,False,0,0
CUST-002331,2023-07-18,44,one_year,bank_transfer,fiber,north,75.84,3189.41,70614.0,0,6.9,False,True,0,0
CUST-001403,2020-02-16,43,one_year,electronic_check,none,north,17.21,669.44,63748.0,1,5.3,False,False,0,0
CUST-001293,2022-05-08,22,month_to_month,mailed_check,fiber,south,60.92,1360.87,70266.0,2,6.7,False,False,3,1
CUST-002470,2020-10-25,1,two_year,bank_transfer,fiber,north,74.7,75.56,42363.0,1,6.8,True,True,4,1
CUST-000372,2020-02-01,67,one_year,credit_card,dsl,west,35.09,2254.37,70617.0,1,8.3,False,True,1,0
CUST-000627,2022-05-21,61,one_year,electronic_check,dsl,north,64.46,3581.87,,1,6.6,False,False,0,0
CUST-001627,2023-06-22,8,one_year,bank_transfer,dsl,west,64.22,496.3,81811.0,1,3.2,True,True,0,0
CUST-002919,2022-04-10,12,month_to_month,electronic_check,fiber,south,89.47,1061.88,98687.0,0,6.3,False,False,2,1
CUST-000933,2021-11-27,13,two_year,credit_card,fiber,east,67.21,892.88,38675.0,2,6.1,False,True,0,0
CUST-002547,2022-04-13,61,one_year,bank_transfer,dsl,south,54.52,2985.15,78236.0,2,7.2,False,False,0,0
CUST-001223,2022-08-10,28,month_to_month,bank_transfer,fiber,west,84.66,2330.27,127851.0,3,6.5,False,True,0,0
CUST-000361,2022-07-19,68,one_year,mailed_check,none,north,17.49,1186.0,,2,4.9,False,True,0,0
CUST-000535,2020-09-09,22,two_year,credit_card,dsl,south,60.49,1371.63,24815.0,1,5.0,False,True,0,0
CUST-000365,2023-04-13,6,one_year,bank_transfer,fiber,east,78.41,467.32,,0,7.8,False,False,0,0
CUST-000781,2021-02-26,63,month_to_month,bank_transfer,dsl,west,44.23,2903.87,114053.0,2,8.2,True,True,0,0
CUST-000889,2023-01-13,56,month_to_month,credit_card,fiber,north,71.74,4285.67,22009.0,1,3.9,True,False,0,0
CUST-001414,2022-04-06,8,two_year,credit_card,dsl,north,51.41,418.06,166399.0,0,4.0,True,False,0,0
CUST-000295,2021-03-31,9,two_year,mailed_check,dsl,east,66.53,596.4,29426.0,1,6.7,True,False,0,0
CUST-001686,2020-10-09,6,month_to_month,electronic_check,dsl,west,52.22,315.01,36827.0,0,6.6,True,False,0,0
CUST-002846,2022-04-25,54,two_year,mailed_check,dsl,south,82.41,4256.97,150263.0,0,7.6,True,False,0,0
CUST-002665,2023-04-10,70,two_year,bank_transfer,fiber,north,76.81,5797.59,90880.0,0,5.8,True,True,0,0
CUST-002154,2023-11-17,15,month_to_month,credit_card,none,north,26.9,396.6,27068.0,3,5.4,True,True,0,0
CUST-001564,2020-11-17,43,two_year,credit_card,fiber,west,67.79,2748.58,48180.0,0,6.9,True,False,0,0
CUST-002054,2021-08-11,53,month_to_month,credit_card,dsl,east,25.8,1339.79,49048.0,1,4.3,True,False,4,1
CUST-000271,2021-11-13,32,one_year,bank_transfer,fiber,east,70.85,2185.7,37690.0,0,10.0,True,False,0,0
CUST-002825,2023-02-10,35,month_to_month,electronic_check,dsl,north,60.46,2209.18,,0,8.9,False,True,2,1
CUST-001197,2021-01-05,49,month_to_month,electronic_check,fiber,west,95.38,4669.46,72079.0,1,9.2,True,False,0,0
CUST-000832,2022-02-19,8,one_year,mailed_check,dsl,west,77.92,612.22,53329.0,1,9.1,True,True,0,0
CUST-002701,2023-09-06,26,one_year,bank_transfer,none,south,15.0,393.68,30826.0,0,4.9,True,False,0,0
CUST-002856,2021-07-01,5,month_to_month,mailed_check,none,west,27.75,152.5,83669.0,3,6.3,True,False,4,1
CUST-002958,2022-12-24,12,month_to_month,bank_transfer,dsl,north,50.57,612.15,55986.0,2,7.4,True,False,0,0
CUST-000539,2020-08-14,53,month_to_month,credit_card,fiber,north,76.69,3731.42,33656.0,2,6.1,True,True,2,1
CUST-000892,2022-10-19,59,month_to_month,mailed_check,dsl,north,61.8,3317.32,36905.0,2,6.0,False,False,4,1
CUST-000975,2023-01-23,46,one_year,credit_card,fiber,north,74.13,3313.87,26177.0,1,6.4,False,True,0,0
CUST-000871,2021-10-11,50,month_to_month,credit_card,dsl,south,48.31,2368.67,245989.0,0,4.8,False,False,0,0
CUST-002885,2022-11-19,35,one_year,credit_card,dsl,east,64.72,2416.14,,2,3.9,False,True,0,0
CUST-002513,2020-07-21,36,month_to_month,bank_transfer,dsl,south,55.67,2088.03,115144.0,3,7.3,False,False,0,0
CUST-002738,2021-01-11,12,month_to_month,bank_transfer,dsl,east,42.76,556.69,27125.0,1,7.4,True,False,1,1
CUST-000666,2023-10-20,70,one_year,bank_transfer,none,east,25.65,1776.31,18943.0,1,6.1,False,True,0,0
CUST-001563,2023-04-15,24,month_to_month,electronic_check,fiber,east,69.22,1797.37,223008.0,5,4.7,True,True,3,1
CUST-000568,2022-12-02,44,two_year,bank_transfer,dsl,south,61.11,2644.62,62750.0,1,2.8,True,True,0,0
CUST-000474,2022-08-02,39,month_to_month,electronic_check,dsl,west,44.16,1648.36,18367.0,5,6.9,False,False,3,1
CUST-002798,2020-02-04,59,one_year,electronic_check,dsl,north,44.42,2678.9,39993.0,1,8.9,True,False,4,1
CUST-001596,2021-02-09,56,month_to_month,mailed_check,dsl,north,47.02,2515.97,16675.0,2,6.8,True,False,0,0
CUST-001583,2022-07-06,33,month_to_month,bank_transfer,dsl,east,52.74,1688.64,68365.0,6,6.1,True,False,3,1
CUST-002467,2023-09-25,9,month_to_month,bank_transfer,fiber,north,83.99,727.21,45372.0,0,5.3,True,True,0,0
CUST-000824,2020-01-16,48,month_to_month,mailed_check,none,east,28.57,1429.25,46414.0,2,5.5,True,False,0,0
CUST-001188,2022-05-03,53,one_year,electronic_check,fiber,north,82.94,4328.54,55288.0,2,9.8,True,True,0,0
CUST-002704,2022-01-02,60,month_to_month,bank_transfer,dsl,east,38.21,2248.63,61259.0,1,6.6,False,True,0,0
CUST-001892,2023-03-21,10,month_to_month,mailed_check,dsl,north,53.15,533.81,144736.0,1,8.9,True,False,0,0
CUST-002089,2021-01-06,6,two_year,bank_transfer,fiber,south,68.71,451.08,60575.0,0,5.4,True,True,0,0
CUST-001244,2022-12-06,40,one_year,mailed_check,dsl,south,55.97,2365.65,107342.0,0,4.6,True,False,0,0
CUST-002416,2023-06-04,41,month_to_month,credit_card,dsl,west,50.5,1953.31,45933.0,2,7.0,True,False,0,0
CUST-000866,2021-07-05,25,month_to_month,bank_transfer,dsl,south,63.64,1560.46,31524.0,1,6.9,True,False,5,1
CUST-000048,2020-01-02,72,one_year,credit_card,fiber,south,73.29,5289.24,107451.0,2,7.6,False,True,0,0
CUST-001757,2021-03-15,35,month_to_month,credit_card,fiber,north,81.85,2820.31,75071.0,2,7.3,False,False,0,0
CUST-002284,2020-04-07,17,one_year,bank_transfer,dsl,south,55.71,959.02,16832.0,0,3.4,True,False,1,1
CUST-001317,2023-12-15,59,month_to_month,mailed_check,fiber,south,64.4,3902.42,43791.0,1,4.4,True,False,0,0
CUST-001696,2021-03-26,56,two_year,mailed_check,fiber,east,76.2,4460.0,124408.0,0,5.0,False,True,3,1
CUST-000710,2021-10-22,28,one_year,bank_transfer,fiber,north,75.18,1962.79,82120.0,0,10.0,False,False,0,0
CUST-001952,2023-04-08,71,two_year,electronic_check,dsl,north,54.37,4039.67,33729.0,2,4.9,False,True,0,0
CUST-000940,2023-05-24,29,one_year,credit_card,none,south,15.0,423.6,38526.0,1,8.3,True,True,0,0
CUST-002774,2022-09-01,31,month_to_month,electronic_check,fiber,south,92.59,2908.3,10576.0,3,6.0,True,True,1,1
CUST-000788,2023-04-06,56,month_to_month,credit_card,fiber,west,58.46,3248.93,90761.0,2,5.6,False,True,3,1
CUST-002271,2020-11-19,40,month_to_month,bank_transfer,fiber,west,74.8,3124.01,32978.0,1,6.3,False,False,0,0
CUST-001289,2020-08-12,70,month_to_month,mailed_check,fiber,east,83.7,5846.57,48645.0,0,8.4,False,True,0,0
CUST-001715,2023-05-21,40,one_year,credit_card,fiber,east,75.02,3297.85,55278.0,0,5.9,False,False,1,0
CUST-002597,2020-07-20,50,one_year,credit_card,dsl,east,49.74,2465.41,59845.0,1,7.7,False,False,0,0
CUST-000743,2022-10-24,69,one_year,electronic_check,fiber,east,54.22,3831.66,69709.0,1,6.7,False,False,0,0
CUST-001749,2022-12-28,51,month_to_month,mailed_check,fiber,north,75.05,3988.42,97950.0,3,6.1,True,False,5,1
CUST-000565,2022-09-16,47,month_to_month,mailed_check,fiber,north,72.68,3162.58,24018.0,0,1.0,False,False,0,0
CUST-002400,2023-07-16,22,month_to_month,bank_transfer,fiber,east,77.55,1665.38,68679.0,2,7.3,False,True,5,1
CUST-001217,2021-06-13,15,month_to_month,credit_card,dsl,east,36.84,496.15,,2,7.5,True,True,0,0
CUST-002029,2020-12-29,70,month_to_month,bank_transfer,dsl,east,67.48,4655.18,62528.0,3,7.6,True,True,0,0
CUST-000071,2021-12-24,21,one_year,credit_card,dsl,south,55.48,1090.4,36371.0,1,6.5,False,False,0,0
CUST-001789,2022-05-15,24,one_year,mailed_check,none,east,15.0,363.95,14648.0,0,6.4,False,False,0,0
CUST-002452,2023-11-18,3,two_year,bank_transfer,fiber,north,84.28,264.12,43461.0,0,4.3,True,False,2,1
CUST-001918,2023-04-28,15,one_year,mailed_check,fiber,west,72.54,1159.69,42218.0,0,7.0,False,True,0,0
CUST-001026,2020-11-18,68,month_to_month,mailed_check,dsl,north,56.88,3554.63,51934.0,2,4.3,True,False,3,1
CUST-001374,2022-10-28,61,one_year,bank_transfer,fiber,south,85.78,5178.3,20174.0,3,7.5,False,True,0,0
CUST-000125,2022-09-29,10,month_to_month,bank_transfer,fiber,south,66.25,669.44,13774.0,1,3.0,True,True,4,1
CUST-001136,2020-01-01,44,one_year,electronic_check,fiber,south,82.07,3475.18,231710.0,1,8.9,True,False,0,0
CUST-002976,2022-03-20,65,one_year,bank_transfer,fiber,east,75.39,4706.09,337672.0,2,3.8,False,False,0,0
CUST-002074,2022-02-27,62,month_to_month,mailed_check,fiber,north,58.93,3672.19,98411.0,3,8.1,True,True,3,1
