property_id,neighborhood,sqft_living,sqft_above,lot_size_sqft,bedrooms,bathrooms,floors,grade,condition,year_built,year_renovated,waterfront,sale_price
P00001,riverside,1921,1921,5848.0,3,2.0,1.5,10,5,1973,0,0,773300.0
P00002,riverside,1283,1045,1885.0,3,2.5,2.0,3,4,2019,0,0,309900.0
P00003,eastgate,2373,1770,,4,2.5,2.5,12,1,1936,0,0,465000.0
P00004,old_town,2921,2921,21576.0,4,3.0,1.5,3,1,2004,0,0,336000.0
P00005,hilltop,1645,1412,7653.0,3,2.0,1.0,9,1,1995,0,0,479400.0
P00006,lakeview,2498,2124,2821.0,5,3.0,1.5,9,4,1948,0,0,821300.0
P00007,eastgate,1528,1528,3241.0,3,2.5,1.5,12,4,1963,0,0,427700.0
P00008,hilltop,2290,2290,,4,2.0,2.0,5,4,1983,0,0,436800.0
P00009,hilltop,1355,1355,3195.0,2,1.5,1.5,3,1,2013,0,0,306500.0
P00010,downtown,2673,1915,6713.0,3,1.5,2.0,8,5,1961,0,0,618200.0
P00011,old_town,2006,2006,5049.0,3,1.5,1.5,8,2,1935,1998,0,315200.0
P00012,downtown,2284,2284,3244.0,3,2.0,2.0,7,4,1934,0,0,579100.0
P00013,old_town,3209,3209,14047.0,5,3.0,2.0,7,1,1981,0,0,319600.0
P00014,hilltop,1024,1024,8343.0,2,1.5,2.0,4,5,2018,2007,0,280700.0
P00015,downtown,4971,4971,6122.0,4,2.0,2.0,12,2,1926,0,0,3404000.0
P00016,eastgate,2195,1690,,3,2.0,2.0,10,5,1997,0,0,781900.0
P00017,eastgate,1196,1196,1617.0,1,1.0,1.0,3,1,1917,2013,0,191400.0
P00018,downtown,1482,1482,4398.0,2,1.5,2.0,6,1,1902,0,0,351200.0
P00019,lakeview,3917,3111,16499.0,7,4.5,1.5,6,4,1972,0,0,834900.0
P00020,riverside,2043,1744,3597.0,3,1.0,1.5,11,5,2018,0,0,718500.0
P00021,hilltop,1145,1145,3839.0,2,2.0,1.0,3,1,1918,0,0,375700.0
P00022,eastgate,3923,2896,9264.0,5,3.5,2.0,6,3,1971,0,0,725400.0
P00023,downtown,1425,1425,6952.0,3,2.5,1.5,10,2,2018,0,0,695000.0
P00024,old_town,1560,1560,2507.0,2,1.0,2.5,5,2,1926,0,0,283500.0
P00025,lakeview,1834,1484,7159.0,3,2.0,2.0,7,4,1953,0,0,586500.0
P00026,lakeview,3401,3401,15798.0,6,3.5,2.0,7,5,1929,0,0,581600.0
P00027,eastgate,775,775,4201.0,2,1.5,1.0,4,5,1927,0,0,148300.0
P00028,old_town,2438,2438,,4,2.0,1.5,7,5,1977,0,0,358500.0
P00029,eastgate,1103,1103,7511.0,1,1.0,2.0,7,4,1938,2020,0,276000.0
P00030,hilltop,1815,1545,5990.0,3,2.0,1.0,7,2,2012,0,0,472500.0
P00031,old_town,2520,2520,9254.0,4,2.0,2.5,8,2,1999,0,0,412100.0
P00032,hilltop,2253,1714,4890.0,4,2.5,1.0,7,4,1963,0,0,533300.0
P00033,eastgate,1975,1975,2904.0,3,2.0,2.0,8,3,1955,0,0,368900.0
P00034,downtown,3492,3492,5609.0,6,3.5,1.5,5,2,1962,0,0,391900.0
P00035,eastgate,1200,912,4507.0,2,1.0,1.5,11,3,2012,0,0,373500.0
P00036,eastgate,2470,2010,13858.0,5,3.5,1.0,10,2,1960,0,0,611800.0
P00037,old_town,2130,2130,8465.0,4,3.0,2.5,4,2,2020,2023,0,261000.0
P00038,eastgate,1604,1604,13416.0,2,1.5,1.5,12,2,1988,0,0,580000.0
P00039,old_town,2141,2141,6533.0,3,2.0,1.5,10,3,1974,0,0,572700.0
P00040,hilltop,1558,1558,2635.0,2,1.5,2.5,7,3,1948,0,0,308400.0
P00041,downtown,1655,1655,2772.0,2,1.0,1.0,6,4,1987,0,0,483100.0
P00042,old_town,2810,2203,9505.0,4,2.5,1.0,11,4,1980,0,0,534000.0
P00043,downtown,1542,1542,3989.0,2,1.0,1.5,5,3,1901,0,0,281100.0
P00044,lakeview,2167,1631,20327.0,3,2.5,1.5,11,3,2006,0,0,987100.0
P00045,old_town,2765,2031,5651.0,5,3.5,1.5,10,1,1946,0,0,602800.0
P00046,riverside,1315,1315,11005.0,2,2.5,2.5,8,4,1906,0,0,353400.0
P00047,eastgate,2831,2141,10183.0,4,2.5,1.5,4,3,1907,0,0,397800.0
P00048,hilltop,1252,1252,,2,1.0,1.0,4,4,2007,2006,0,493700.0
P00049,riverside,1540,1540,3183.0,2,1.0,2.0,8,1,1946,2002,0,257400.0
P00050,riverside,946,946,800.0,2,2.0,1.5,4,3,2002,0,0,476100.0
P00051,riverside,1120,1120,7074.0,2,1.0,1.0,9,4,1958,0,0,466100.0
P00052,eastgate,1117,1117,1968.0,3,2.5,2.0,6,4,2009,1998,0,293100.0
P00053,lakeview,958,958,5958.0,1,1.0,2.0,3,2,1990,0,0,394300.0
P00054,downtown,1964,1637,6439.0,3,1.5,1.0,5,4,2021,2022,0,450900.0
P00055,eastgate,1015,1015,2465.0,1,1.0,2.0,6,5,1967,0,0,277700.0
P00056,hilltop,3057,2597,6310.0,3,2.5,2.0,9,2,1923,1996,0,681400.0
P00057,hilltop,920,920,3968.0,2,1.0,1.5,10,1,1973,0,0,468600.0
P00058,hilltop,1383,1383,3314.0,3,1.5,1.5,7,1,1965,0,0,330400.0
P00059,hilltop,2260,1911,,4,2.5,1.0,12,3,1968,0,0,1082200.0
P00060,downtown,1326,1326,3913.0,3,1.5,1.5,9,2,1900,0,0,319600.0
P00061,riverside,1414,1414,3438.0,1,1.0,1.5,8,1,1922,0,0,369000.0
P00062,downtown,2188,1704,9248.0,5,3.5,2.0,10,2,1975,0,0,454500.0
P00063,downtown,2127,2127,8922.0,3,2.0,1.5,4,5,2018,0,0,425100.0
P00064,old_town,2160,1632,3604.0,5,3.0,2.0,7,3,1925,0,0,336500.0
P00065,riverside,1137,1137,1877.0,2,1.0,2.5,7,4,1959,0,0,408900.0
P00066,old_town,1899,1899,10445.0,2,1.5,1.0,11,4,2008,0,0,462700.0
P00067,lakeview,890,890,1979.0,1,1.5,3.0,10,1,2018,0,0,580600.0
P00068,old_town,1513,1280,6990.0,3,2.0,1.5,10,5,1940,2013,0,366600.0
P00069,old_town,2081,2081,5118.0,4,2.5,1.5,7,4,1942,0,0,391500.0
P00070,eastgate,3212,3212,3387.0,5,3.0,1.0,7,4,1973,0,0,393000.0
P00071,eastgate,1095,1095,2806.0,2,1.0,1.0,7,1,2018,0,0,289400.0
P00072,eastgate,1757,1757,4002.0,4,3.0,2.0,11,1,1931,0,1,428300.0
P00073,old_town,1270,1270,5749.0,3,2.0,3.0,9,4,1954,0,0,482000.0
P00074,downtown,1563,1325,13723.0,2,2.0,1.5,8,1,1910,0,0,237300.0
P00075,downtown,1977,1484,8096.0,2,1.5,1.0,10,2,1956,0,0,676800.0
P00076,riverside,1386,1386,2639.0,2,1.0,1.0,10,2,1958,0,0,738000.0
P00077,old_town,1692,1692,3866.0,2,2.5,1.5,7,4,1997,0,0,542700.0
P00078,hilltop,1013,1013,2044.0,2,1.5,1.5,11,5,1918,0,0,595700.0
P00079,riverside,1540,1540,9644.0,2,1.0,1.5,8,1,1978,0,0,339600.0
P00080,riverside,2553,2054,3460.0,4,2.0,2.0,10,5,2017,0,0,884500.0
P00081,riverside,2222,2222,12410.0,4,2.0,1.5,6,2,1943,1986,0,415100.0
P00082,downtown,1701,1701,21904.0,2,1.5,1.5,3,2,1982,1985,0,337300.0
P00083,eastgate,1567,1195,,4,4.0,2.0,11,4,1987,0,0,457200.0
P00084,riverside,4133,3106,14848.0,6,4.5,1.0,11,2,1936,0,0,757500.0
P00085,old_town,1741,1741,4667.0,3,2.0,1.5,8,1,1997,0,1,618200.0
P00086,downtown,1169,1169,6854.0,1,1.5,2.0,4,5,2007,1995,0,285200.0
P00087,eastgate,1531,1193,5136.0,3,3.0,1.0,4,1,2013,0,0,209100.0
P00088,hilltop,2345,1684,8844.0,4,3.0,1.5,4,2,1911,0,0,386800.0
P00089,eastgate,1607,1607,3527.0,3,2.0,1.5,5,5,1931,0,0,388400.0
P00090,hilltop,1212,1212,5809.0,2,1.5,1.5,4,2,1968,0,0,301700.0
P00091,eastgate,2377,2377,6455.0,4,2.5,2.0,9,3,1977,0,0,646100.0
P00092,lakeview,1519,1519,7928.0,3,1.5,1.5,11,2,1957,2000,0,589700.0
P00093,old_town,2217,1743,4232.0,3,1.5,1.5,7,3,1983,0,0,347500.0
P00094,eastgate,2104,1682,10056.0,4,2.5,2.0,9,1,1907,0,0,290000.0
P00095,hilltop,1947,1947,4150.0,3,2.0,1.5,8,2,1948,2008,0,726800.0
P00096,riverside,1894,1360,6905.0,4,2.5,1.0,5,5,1954,0,0,369400.0
P00097,lakeview,1095,1095,2358.0,2,1.5,1.5,10,1,1917,0,0,486300.0
P00098,downtown,2705,2149,11108.0,5,2.5,1.0,4,3,1985,0,0,307200.0
P00099,old_town,1297,1297,6278.0,2,1.0,1.5,9,5,1949,0,0,450700.0
P00100,old_town,1047,1047,4107.0,1,1.0,2.0,11,3,1985,0,0,482800.0
P00101,downtown,2198,1832,5302.0,4,2.5,2.5,3,1,2004,0,0,385100.0
P00102,old_town,1816,1816,10120.0,3,2.0,2.0,8,5,1998,0,0,401900.0
P00103,old_town,2048,1479,7339.0,4,2.5,1.0,10,5,1925,0,0,512500.0
P00104,eastgate,1528,1528,10676.0,3,2.0,2.5,8,2,1960,0,0,350600.0
P00105,riverside,1239,1239,2943.0,1,1.0,1.0,11,3,1926,0,0,560800.0
P00106,hilltop,1652,1652,3984.0,3,2.0,3.0,5,4,2021,0,0,475200.0
P00107,eastgate,1608,1608,2121.0,3,2.0,1.5,7,3,2020,0,0,460000.0
P00108,eastgate,943,943,3966.0,2,2.0,2.0,11,2,1946,0,0,417700.0
P00109,old_town,2540,1815,4611.0,3,2.5,2.5,10,1,2018,2017,0,456500.0
P00110,riverside,1336,1336,5280.0,2,1.5,1.5,5,2,1907,1985,0,316900.0
P00111,downtown,1211,1008,8064.0,2,1.0,2.5,9,2,2011,0,0,320400.0
P00112,riverside,1914,1914,5639.0,3,2.5,2.0,5,4,1941,2001,0,250800.0
P00113,downtown,1373,1178,6574.0,2,1.0,2.0,8,1,1966,0,0,314600.0
P00114,riverside,1233,1233,3311.0,3,2.0,1.0,8,3,1992,0,0,350900.0
P00115,hilltop,1615,1615,3081.0,2,1.5,2.0,6,5,2005,0,0,428500.0
P00116,downtown,1853,1853,4181.0,2,1.5,3.0,4,2,1919,0,0,323900.0
P00117,riverside,1109,834,,1,1.0,1.0,3,3,1929,0,0,144700.0
P00118,lakeview,845,673,1566.0,2,1.0,2.0,5,2,1948,0,0,246900.0
P00119,hilltop,1103,1103,4885.0,2,1.0,2.5,12,5,2021,0,0,982300.0
P00120,eastgate,1664,1664,5241.0,3,1.5,2.0,3,2,1960,0,0,273000.0
P00121,old_town,2103,2103,7307.0,4,3.0,2.0,11,4,1988,2019,0,697800.0
P00122,riverside,1625,1347,1719.0,2,1.0,1.5,10,4,2001,0,0,815900.0
P00123,eastgate,2514,2514,12192.0,4,2.5,2.0,4,5,1934,0,1,474500.0
P00124,riverside,2265,1828,,5,3.0,1.5,6,2,1900,0,0,496200.0
P00125,hilltop,2101,1603,6955.0,3,2.0,1.0,12,2,2019,0,0,765900.0
P00126,downtown,1043,1043,3666.0,1,1.0,2.0,11,3,2005,0,0,531300.0
P00127,downtown,1241,900,4056.0,1,1.0,1.5,10,1,1995,0,0,500000.0
P00128,hilltop,2164,1653,4891.0,4,2.0,1.0,10,4,1900,0,0,627700.0
P00129,downtown,2260,2260,,3,1.5,2.0,7,2,1998,0,0,382600.0
P00130,lakeview,2952,2952,22321.0,5,2.5,1.5,9,2,1961,0,0,636200.0
P00131,eastgate,3855,2814,7095.0,7,5.0,1.0,8,5,1973,2006,0,756900.0
P00132,downtown,1794,1383,4881.0,3,2.5,2.0,8,4,1945,0,0,363300.0
P00133,downtown,3503,3503,9068.0,5,3.0,1.5,4,3,2007,0,0,683900.0
P00134,old_town,1263,1263,5018.0,3,1.0,2.0,11,3,1946,0,0,346600.0
P00135,eastgate,1764,1764,3843.0,2,1.0,1.0,7,5,1989,0,0,1282400.0
P00136,old_town,1619,1377,1528.0,2,1.5,1.5,11,4,1972,0,0,358000.0
P00137,downtown,1539,1539,7485.0,3,2.0,1.0,5,1,1977,0,0,308500.0
P00138,old_town,3734,3734,12871.0,5,4.0,1.5,3,4,2014,0,0,320800.0
P00139,downtown,1000,1000,1970.0,1,1.0,1.0,5,5,1918,0,0,246900.0
P00140,lakeview,1245,1245,3479.0,2,1.5,1.5,6,3,1905,0,0,390600.0
P00141,riverside,2607,2607,1740.0,4,2.5,3.0,10,5,2020,0,0,1260200.0
P00142,eastgate,1409,1160,3711.0,2,1.0,2.0,4,5,2012,0,0,245700.0
P00143,hilltop,2100,1651,6780.0,2,1.0,2.0,5,3,1927,0,0,383400.0
P00144,eastgate,1561,1561,3016.0,3,2.5,1.5,12,2,1919,0,0,336300.0
P00145,eastgate,994,994,3797.0,3,1.5,1.5,10,1,2011,0,0,375600.0
P00146,old_town,1579,1579,4929.0,3,2.0,2.5,11,4,1979,0,0,422700.0
P00147,riverside,898,898,3028.0,1,1.5,1.0,9,2,1992,0,0,538500.0
P00148,riverside,2085,1619,9948.0,4,3.5,1.5,4,1,1905,1988,0,579000.0
P00149,hilltop,912,912,2122.0,1,1.0,1.5,10,3,2022,0,1,732500.0
P00150,hilltop,2055,1516,7120.0,3,2.0,1.0,11,1,2011,1988,0,966200.0
P00151,old_town,1916,1916,19283.0,3,1.5,1.5,12,3,1935,0,0,631300.0
P00152,downtown,1691,1331,5623.0,3,2.0,1.5,10,1,1915,2005,0,382000.0
P00153,hilltop,2332,2332,5469.0,4,2.5,2.5,6,3,1963,0,0,553600.0
P00154,eastgate,995,995,,1,1.0,2.0,9,5,2006,2017,0,586700.0
P00155,downtown,1402,1402,2010.0,2,1.5,1.5,11,3,1902,0,0,485600.0
P00156,hilltop,2100,2100,3259.0,4,2.5,2.0,6,4,2015,2000,0,421100.0
P00157,hilltop,2293,1822,,4,2.0,1.0,12,2,2000,1996,0,871600.0
P00158,hilltop,990,990,4046.0,2,2.0,2.0,7,3,2021,0,0,532800.0
P00159,old_town,3097,2450,14694.0,5,3.0,1.0,7,4,2006,0,0,564000.0
P00160,downtown,2009,2009,6299.0,3,2.0,1.0,3,2,2019,0,0,335300.0
P00161,riverside,3190,2635,17986.0,5,3.5,2.5,9,2,1948,0,0,549700.0
P00162,lakeview,1456,1456,4246.0,3,2.0,1.5,6,5,2017,0,0,469600.0
P00163,downtown,2896,2896,10160.0,4,2.0,1.5,12,1,1959,0,0,784800.0
P00164,old_town,1891,1891,3187.0,3,2.0,1.5,3,3,1936,0,0,235500.0
P00165,riverside,2711,2711,5692.0,4,3.0,2.0,11,5,1928,0,0,889800.0
P00166,downtown,1684,1684,5043.0,2,1.0,2.5,9,2,2001,0,0,375600.0
P00167,eastgate,1279,1279,5179.0,2,1.5,1.0,6,1,2010,0,0,202500.0
P00168,downtown,1718,1718,2685.0,2,1.0,1.5,12,5,1967,0,0,589700.0
P00169,eastgate,2863,2203,14730.0,6,3.5,1.0,8,5,1986,2006,0,616500.0
P00170,downtown,2940,2940,9153.0,5,3.0,1.0,10,4,1956,0,0,697200.0
P00171,downtown,793,793,2051.0,2,1.0,1.0,10,3,1976,0,0,392000.0
P00172,eastgate,3546,2840,12023.0,7,4.0,1.5,5,1,1922,1986,0,357300.0
P00173,hilltop,1443,1443,,2,1.5,1.5,6,1,1990,0,0,576900.0
P00174,downtown,1803,1803,2942.0,3,2.5,2.0,10,5,1958,0,0,703200.0
P00175,downtown,1484,1484,3853.0,3,1.5,2.0,7,3,1979,0,0,299100.0
P00176,downtown,2051,2051,6758.0,2,1.0,1.0,9,5,2014,0,0,522700.0
P00177,hilltop,2382,2382,11675.0,3,1.5,2.0,7,4,2006,0,0,431100.0
P00178,lakeview,1871,1517,14865.0,3,2.0,2.0,3,5,1932,0,0,399900.0
P00179,downtown,2609,2609,3452.0,5,4.0,1.0,12,2,2011,0,0,631600.0
P00180,downtown,1783,1783,8580.0,3,2.0,1.0,3,4,1907,0,0,399800.0
P00181,downtown,1484,1484,2911.0,2,1.5,1.5,8,2,2003,2018,0,496700.0
P00182,old_town,1288,1288,5296.0,3,2.0,1.0,11,1,1987,0,0,420300.0
P00183,eastgate,1207,1207,5001.0,2,1.0,1.0,10,5,1946,0,1,782200.0
P00184,eastgate,2575,2131,3757.0,5,3.0,1.0,7,1,2020,0,0,439300.0
P00185,downtown,2835,2095,10286.0,5,3.0,2.0,12,4,2012,0,0,1071500.0
P00186,downtown,1856,1856,7306.0,3,2.0,2.0,3,5,1928,0,0,291800.0
P00187,hilltop,2285,1782,3883.0,4,2.5,1.5,11,2,1932,2002,0,649700.0
P00188,hilltop,3480,2597,,7,5.0,1.5,7,5,1985,0,0,752500.0
P00189,old_town,955,801,2564.0,2,1.0,1.5,10,4,1908,2011,0,366000.0
P00190,riverside,1624,1624,12265.0,3,1.5,2.0,7,1,1906,0,0,514000.0
P00191,eastgate,2131,2131,3841.0,3,2.5,2.5,3,2,1948,0,0,226900.0
P00192,lakeview,1785,1396,2220.0,4,2.0,1.5,5,4,1961,1985,0,496000.0
P00193,old_town,2395,2395,4730.0,4,3.0,2.5,4,5,1946,0,0,409200.0
P00194,lakeview,909,909,4427.0,1,1.0,1.5,6,1,2016,2002,0,314500.0
P00195,riverside,1921,1921,5108.0,2,1.5,2.0,4,4,1922,0,0,404100.0
P00196,hilltop,1314,1314,9113.0,2,2.0,2.0,7,5,1982,0,0,689300.0
P00197,lakeview,2001,1735,5467.0,4,3.5,1.0,11,2,1904,0,0,564700.0
P00198,hilltop,846,846,1863.0,2,2.0,1.0,3,3,1908,0,0,226600.0
P00199,downtown,1551,1162,3164.0,3,2.0,2.0,11,1,1997,0,0,605600.0
P00200,downtown,1964,1623,5027.0,4,2.5,1.0,11,5,1974,2011,0,671800.0
P00201,riverside,2277,1695,3488.0,4,2.5,1.5,8,3,1920,0,0,353000.0
P00202,hilltop,1379,1379,2431.0,3,1.0,1.5,12,4,2012,0,0,659200.0
P00203,eastgate,2258,1911,7113.0,3,2.0,2.0,8,1,1945,0,0,224200.0
P00204,eastgate,2674,2224,5463.0,4,2.5,1.5,12,2,1980,0,0,668000.0
P00205,downtown,1455,1455,4476.0,3,2.0,3.0,10,1,1931,0,0,405200.0
P00206,eastgate,1304,1304,5907.0,3,2.0,2.0,12,2,2007,0,0,632400.0
P00207,downtown,1435,1435,2450.0,2,1.5,1.5,4,3,1993,0,0,357700.0
P00208,hilltop,1698,1698,6228.0,4,2.5,2.0,12,2,1954,0,0,586000.0
P00209,hilltop,3097,2386,6389.0,5,3.0,1.5,11,3,1949,0,0,710300.0
P00210,hilltop,2301,2301,3517.0,4,2.5,2.5,7,5,1986,0,0,470200.0
P00211,downtown,1417,1417,1871.0,3,2.0,2.0,12,5,1989,0,0,756800.0
P00212,hilltop,2724,2724,13101.0,4,2.0,1.5,6,5,1906,0,0,370300.0
P00213,eastgate,1498,1498,4438.0,2,1.5,1.0,12,3,2005,0,0,537700.0
P00214,hilltop,834,834,1644.0,1,1.5,1.5,7,3,1938,0,0,328300.0
P00215,eastgate,2344,2344,4940.0,4,2.0,2.5,4,5,1943,0,0,200800.0
P00216,hilltop,975,975,5432.0,2,1.5,1.0,12,3,1934,0,0,628400.0
P00217,downtown,1702,1336,2767.0,3,2.5,2.0,8,1,1998,1998,0,556900.0
P00218,downtown,1767,1767,4531.0,2,1.0,1.0,6,5,1952,0,0,339500.0
P00219,hilltop,3045,3045,16035.0,4,2.5,1.5,7,4,1920,2023,0,553400.0
P00220,riverside,1460,1460,7158.0,1,1.0,1.0,4,2,1998,0,0,277000.0
P00221,eastgate,1273,1273,3597.0,2,1.5,1.0,4,4,1951,0,0,304200.0
P00222,hilltop,1178,1178,2562.0,1,1.0,2.5,3,2,1942,0,0,302200.0
P00223,hilltop,1337,1115,7305.0,3,2.0,1.5,4,3,1978,2010,0,499800.0
P00224,eastgate,903,903,3397.0,2,1.5,2.0,3,5,2006,0,0,413600.0
P00225,riverside,1163,1163,8673.0,2,1.0,1.5,11,3,1979,0,0,460500.0
P00226,old_town,1575,1575,9494.0,3,2.5,1.0,9,2,2019,0,0,469000.0
P00227,riverside,2879,2879,4550.0,3,1.5,2.0,12,5,1997,0,0,2319200.0
P00228,hilltop,1669,1669,7754.0,3,2.0,1.5,5,2,1905,0,0,319400.0
P00229,riverside,1628,1206,8048.0,3,2.0,1.5,10,1,1987,0,0,661900.0
P00230,hilltop,2461,2033,6534.0,5,4.0,1.5,10,1,1976,0,0,676400.0
P00231,riverside,952,952,4907.0,1,1.0,1.5,12,1,1928,2012,0,417100.0
P00232,old_town,1765,1765,16232.0,3,1.5,1.0,5,2,1987,0,0,282500.0
P00233,eastgate,1954,1954,8962.0,3,2.5,2.0,11,1,2013,0,0,370700.0
P00234,downtown,1172,1172,5728.0,2,1.5,1.0,5,4,2014,0,0,345000.0
P00235,hilltop,3221,2757,9818.0,7,4.5,1.0,10,5,2005,0,0,930500.0
P00236,downtown,1800,1800,7145.0,4,2.5,2.0,3,5,1916,0,0,254500.0
P00237,hilltop,1935,1935,4140.0,4,3.0,1.0,10,5,1951,0,0,777400.0
P00238,lakeview,2531,2002,16884.0,5,4.0,1.0,5,5,1984,0,0,777400.0
P00239,downtown,1785,1785,6797.0,3,2.5,2.5,10,1,1909,0,0,512600.0
P00240,downtown,1879,1550,2303.0,3,2.0,1.0,7,1,1992,2013,0,374400.0
P00241,eastgate,2054,2054,4681.0,4,2.0,1.5,3,4,1909,0,0,266200.0
P00242,old_town,1299,1299,5554.0,2,1.0,1.5,11,4,1994,0,0,650100.0
P00243,eastgate,1611,1283,,3,2.5,2.0,11,1,1919,0,0,371000.0
P00244,downtown,1532,1532,2888.0,3,1.5,2.5,6,2,2020,0,0,285900.0
P00245,eastgate,896,896,3070.0,2,1.5,1.0,9,3,2005,0,0,382100.0
P00246,downtown,1850,1850,7785.0,4,2.5,1.5,7,3,1905,0,0,288000.0
P00247,hilltop,724,613,3374.0,1,1.0,1.5,5,2,2001,0,0,216800.0
P00248,downtown,3863,3117,6166.0,6,4.5,2.0,12,4,1939,0,0,704900.0
P00249,downtown,1806,1511,5361.0,3,2.5,1.0,6,5,1957,0,0,376600.0
P00250,riverside,1841,1841,3288.0,4,2.5,2.0,12,1,1931,0,0,633200.0
P00251,downtown,1503,1503,2798.0,3,1.5,1.5,8,3,2009,0,0,580100.0
P00252,old_town,2111,1815,3831.0,3,2.0,1.5,10,4,1920,0,0,365800.0
P00253,lakeview,1698,1698,5613.0,3,1.5,1.5,3,2,1911,0,0,314200.0
P00254,old_town,2502,2502,8173.0,5,3.5,2.5,9,3,1900,0,0,407000.0
P00255,downtown,2339,1803,,4,2.5,2.0,11,3,1914,0,0,663200.0
P00256,hilltop,1965,1486,10623.0,5,3.0,1.0,7,1,1904,0,0,536400.0
P00257,riverside,1474,1058,4221.0,2,1.0,2.5,3,1,1944,0,0,239300.0
P00258,eastgate,1523,1523,5564.0,2,1.5,1.0,10,5,1936,0,0,388500.0
P00259,eastgate,1573,1573,5782.0,2,1.0,1.0,7,5,2010,0,0,475700.0
P00260,lakeview,2693,2002,7758.0,4,3.5,1.5,4,5,1924,0,0,385500.0
P00261,downtown,795,795,2583.0,2,1.0,1.5,11,3,1991,0,0,506600.0
P00262,eastgate,1816,1816,5007.0,4,3.0,1.0,9,3,2002,0,0,583900.0
P00263,hilltop,2293,2293,15126.0,4,2.5,1.5,3,3,1946,0,0,302700.0
P00264,downtown,1495,1495,3946.0,3,2.5,1.0,9,3,1940,2012,0,295600.0
P00265,hilltop,2129,2129,10794.0,4,2.0,1.0,11,3,1916,2010,0,625100.0
P00266,lakeview,1140,1140,6453.0,2,1.0,3.0,8,5,2009,0,0,683700.0
P00267,downtown,1923,1431,2380.0,3,1.5,1.0,3,5,1957,0,0,269000.0
P00268,hilltop,1747,1294,,3,2.0,1.5,4,1,2006,0,0,452800.0
P00269,hilltop,1608,1608,5017.0,3,2.5,1.5,7,2,1905,2006,0,406000.0
P00270,hilltop,2260,2260,4704.0,4,1.5,1.0,6,4,1906,0,0,388100.0
P00271,riverside,2908,2908,15646.0,4,2.5,2.0,11,3,1996,2004,0,827400.0
P00272,hilltop,2602,2070,,4,3.0,1.5,5,3,1916,0,0,446000.0
P00273,eastgate,3068,2266,7707.0,5,3.0,2.0,8,1,1971,0,0,389700.0
P00274,downtown,2025,1696,5146.0,3,2.0,2.0,4,5,1954,0,0,304300.0
P00275,eastgate,965,830,2928.0,2,1.5,2.0,9,4,1909,0,0,273100.0
P00276,riverside,2768,2768,7338.0,5,3.5,2.5,7,1,1970,1990,0,512300.0
P00277,hilltop,2226,1612,9000.0,5,3.5,2.5,7,1,1996,0,0,416300.0
P00278,eastgate,1896,1896,12289.0,3,1.0,1.0,11,3,1960,0,0,526300.0
P00279,downtown,1432,1432,2104.0,3,2.0,1.0,12,2,1941,0,0,757500.0
P00280,lakeview,794,794,2750.0,2,2.0,1.5,5,5,1975,0,0,334600.0
P00281,old_town,1079,1079,3253.0,1,1.0,2.0,11,4,1986,0,0,447500.0
P00282,riverside,1293,1293,2995.0,2,1.5,2.5,5,1,1949,2023,0,269700.0
P00283,hilltop,1834,1464,14630.0,3,3.0,1.0,5,5,2022,2002,0,446400.0
P00284,downtown,1470,1470,5634.0,3,2.5,1.5,12,4,1963,0,0,612100.0
P00285,eastgate,2057,1656,6660.0,3,2.0,1.0,4,4,2004,0,0,486900.0
P00286,eastgate,1616,1616,3317.0,3,1.5,1.5,9,4,2010,0,0,459900.0
P00287,eastgate,1605,1388,7964.0,4,3.5,2.0,10,5,1902,2011,0,358200.0
P00288,hilltop,1740,1263,9605.0,3,2.0,1.0,7,4,1948,0,0,569900.0
P00289,downtown,3472,3472,7788.0,6,4.5,2.0,8,3,1943,0,0,501200.0
P00290,hilltop,3112,2396,7552.0,5,3.0,2.0,7,1,1949,0,0,731500.0
P00291,old_town,2246,2246,8061.0,4,3.0,2.0,4,4,2016,0,0,398100.0
P00292,hilltop,2158,2158,4305.0,4,3.0,1.5,3,1,1908,0,0,320900.0
P00293,lakeview,1757,1757,6912.0,3,2.5,2.0,9,2,1913,0,0,490200.0
P00294,downtown,1129,1129,8628.0,3,1.5,2.0,3,1,1939,2002,0,160400.0
P00295,eastgate,1884,1575,3942.0,2,1.0,2.0,9,1,1950,0,0,286400.0
P00296,hilltop,893,893,2178.0,3,2.5,1.5,7,1,1997,0,0,461900.0
P00297,hilltop,2323,1789,11660.0,4,3.0,1.5,9,5,1939,0,0,488300.0
P00298,old_town,2204,1702,10759.0,2,1.0,1.5,7,2,1994,0,0,384500.0
P00299,eastgate,3484,3484,23073.0,6,4.0,2.5,9,1,1959,0,0,708600.0
P00300,riverside,2803,2145,3517.0,6,3.5,1.0,8,1,1931,0,0,404400.0
P00301,riverside,3917,3167,5487.0,3,2.5,2.5,11,2,1903,0,0,2269000.0
P00302,eastgate,1130,845,6525.0,2,1.0,1.5,10,5,1956,0,0,460900.0
P00303,downtown,895,895,1975.0,1,1.0,1.0,4,1,1925,0,0,198500.0
P00304,old_town,1680,1450,6202.0,3,3.0,1.5,10,5,2001,0,0,488200.0
P00305,hilltop,832,832,3097.0,1,1.5,2.0,9,1,1971,0,0,511700.0
P00306,hilltop,1370,1068,3346.0,3,2.0,1.0,5,5,1974,1998,0,362100.0
P00307,old_town,1734,1734,6994.0,3,2.5,1.0,7,2,1956,0,0,494800.0
P00308,eastgate,728,728,2143.0,1,1.0,1.5,5,1,1908,1997,0,170400.0
P00309,downtown,3410,2608,10548.0,6,4.0,1.5,11,5,1966,0,0,832900.0
P00310,hilltop,1805,1308,10385.0,2,1.0,1.5,3,1,1911,0,0,264600.0
P00311,hilltop,1385,1385,4517.0,2,1.5,1.5,7,5,2021,0,0,732900.0
P00312,eastgate,2170,2170,2972.0,3,1.5,1.0,6,4,2020,0,0,355500.0
P00313,eastgate,3306,2874,3577.0,5,3.0,2.0,9,5,1940,0,0,526500.0
P00314,downtown,2291,1948,18741.0,4,2.5,2.0,10,5,1973,0,0,646000.0
P00315,eastgate,1360,1360,4726.0,3,1.5,1.5,11,1,1977,0,0,505500.0
P00316,riverside,1069,1069,4993.0,2,1.5,2.0,12,2,1939,2010,0,417800.0
P00317,downtown,2300,1741,11461.0,3,2.0,2.0,4,2,1977,2008,0,450600.0
P00318,eastgate,1675,1675,4122.0,3,2.5,1.5,11,2,2016,0,0,677600.0
P00319,riverside,2194,1711,10478.0,4,2.5,1.5,12,2,1966,0,0,478600.0
P00320,lakeview,1681,1681,4040.0,3,2.0,1.0,12,4,2004,0,0,960500.0
P00321,hilltop,1078,1078,5388.0,2,1.0,1.5,4,4,1983,0,0,496500.0
P00322,downtown,1709,1709,3937.0,3,2.5,1.5,5,2,1954,1998,0,288800.0
P00323,hilltop,2416,1772,7287.0,4,2.5,2.0,3,3,1922,2016,0,421400.0
P00324,riverside,1959,1959,,3,1.5,2.5,5,5,1921,0,0,408200.0
P00325,lakeview,1303,955,3310.0,3,2.0,1.5,12,5,1907,0,0,805700.0
P00326,downtown,1544,1226,3479.0,3,1.5,1.5,4,1,1953,0,0,228400.0
P00327,hilltop,1384,1384,4068.0,2,1.5,1.0,3,3,1963,0,0,279500.0
P00328,downtown,1160,1160,4538.0,3,2.5,1.5,8,1,2019,0,0,388400.0
P00329,old_town,1666,1666,2953.0,3,1.5,2.0,12,1,2021,0,0,735400.0
P00330,lakeview,1379,1379,8034.0,3,1.5,1.5,8,3,1961,0,0,689000.0
P00331,old_town,1003,1003,7365.0,3,1.5,1.0,6,1,2012,0,0,232500.0
P00332,lakeview,1869,1869,7850.0,4,2.5,1.5,10,1,1972,0,0,609900.0
P00333,eastgate,2462,2125,17095.0,4,2.5,2.5,9,4,1973,0,0,582900.0
P00334,downtown,1570,1570,6125.0,2,2.0,1.0,10,5,1952,0,0,506700.0
P00335,old_town,946,946,2362.0,2,1.0,2.0,8,1,1980,0,0,312700.0
P00336,riverside,1340,1081,3353.0,1,1.0,1.5,11,4,1944,0,0,615000.0
P00337,hilltop,1542,1542,5930.0,2,1.5,1.5,6,2,1943,0,0,322600.0
P00338,hilltop,2755,2269,9734.0,5,3.5,1.5,10,1,1962,0,0,861400.0
P00339,riverside,2193,2193,25943.0,4,3.5,1.0,4,5,2018,0,0,386700.0
P00340,eastgate,1276,1276,,2,1.0,2.0,12,4,1991,0,0,627200.0
P00341,riverside,1776,1776,4757.0,4,3.0,1.5,8,5,1908,0,0,599100.0
P00342,downtown,914,914,1458.0,2,1.0,2.0,10,4,1985,2016,0,669800.0
P00343,hilltop,2300,2300,14192.0,4,3.0,1.5,8,5,2006,0,0,603100.0
P00344,eastgate,1836,1836,5539.0,2,2.0,2.0,11,2,1996,0,0,671000.0
P00345,eastgate,1279,1279,7622.0,2,1.5,2.0,4,3,2022,1999,0,207900.0
P00346,old_town,2909,2115,6329.0,5,3.5,1.0,6,1,2004,0,0,321600.0
P00347,lakeview,1622,1165,3611.0,3,1.5,1.0,8,3,1951,0,0,424300.0
P00348,old_town,1200,1200,3889.0,1,1.0,1.0,9,1,1942,0,0,412200.0
P00349,eastgate,2203,1909,9381.0,2,1.0,1.0,3,4,1978,1999,0,231800.0
P00350,hilltop,1152,1152,1914.0,3,2.0,1.0,12,4,1938,2008,0,572900.0
P00351,downtown,1429,1429,6687.0,2,1.0,1.5,4,1,1924,0,0,229400.0
P00352,downtown,1445,1445,4217.0,2,1.5,2.5,12,5,2015,0,0,695100.0
P00353,hilltop,2636,1957,6007.0,5,3.5,1.5,4,5,1909,0,0,298100.0
P00354,downtown,1455,1455,2471.0,2,1.5,3.5,5,2,2017,0,0,304700.0
P00355,downtown,1019,1019,2191.0,2,1.5,1.5,12,3,1957,0,0,477400.0
P00356,hilltop,2067,1557,8368.0,3,2.5,1.5,5,1,1970,0,0,480700.0
P00357,riverside,966,966,1403.0,1,1.5,1.5,9,4,1941,0,0,410500.0
P00358,downtown,1855,1421,5248.0,3,1.0,1.5,10,5,1959,0,0,504500.0
P00359,riverside,2064,1486,3236.0,3,3.0,3.0,8,5,1921,0,0,537500.0
P00360,downtown,2097,2097,3347.0,4,2.5,1.0,11,3,1913,0,1,638700.0
P00361,riverside,5471,4195,10134.0,9,5.0,1.5,11,5,1938,0,0,1482300.0
P00362,lakeview,1994,1559,4123.0,3,2.0,1.0,10,1,1993,0,0,694300.0
P00363,hilltop,1354,1354,5799.0,2,1.0,1.0,5,3,1904,0,0,221200.0
P00364,hilltop,2521,2521,6924.0,4,2.5,1.5,4,4,1993,0,0,462700.0
P00365,lakeview,1294,1104,3090.0,2,1.0,1.5,12,5,2021,0,0,981300.0
P00366,old_town,1838,1838,3682.0,4,2.5,1.5,10,1,1917,0,0,458600.0
P00367,hilltop,1050,1050,3740.0,1,1.5,3.0,7,3,1960,0,0,483300.0
P00368,eastgate,1353,1353,7974.0,3,2.0,1.5,10,3,1993,0,0,344400.0
P00369,downtown,3508,3508,4990.0,5,3.5,2.5,10,4,2018,0,0,785500.0
P00370,hilltop,4642,3433,18580.0,8,4.5,1.5,8,4,1985,0,0,2025100.0
P00371,downtown,1090,946,4947.0,2,1.0,2.0,6,2,1994,0,0,202600.0
P00372,eastgate,3913,2910,16680.0,5,3.0,2.0,8,1,2011,0,0,865600.0
P00373,riverside,1798,1451,5398.0,2,1.5,1.5,12,4,1993,0,1,667500.0
P00374,eastgate,1330,1330,3570.0,2,1.5,1.0,9,2,2008,0,0,349700.0
P00375,riverside,2420,2420,11148.0,4,2.5,1.0,5,2,2022,0,1,625300.0
P00376,lakeview,4050,3379,10843.0,6,3.0,3.0,6,2,1937,0,0,800400.0
P00377,downtown,1941,1511,16212.0,3,2.0,1.5,6,1,1905,1991,0,288800.0
P00378,eastgate,3237,2571,12183.0,5,3.5,2.0,12,5,1902,1994,0,851400.0
P00379,downtown,1400,1400,12854.0,1,1.0,1.5,9,2,2018,0,0,459300.0
P00380,riverside,1807,1378,5549.0,3,2.5,1.5,10,5,2005,0,0,569200.0
P00381,eastgate,1875,1598,2808.0,2,1.5,1.5,4,3,2012,0,0,375600.0
P00382,downtown,1825,1825,3438.0,4,3.0,2.0,8,2,2010,0,0,357500.0
P00383,eastgate,1108,1108,4086.0,2,1.0,1.5,6,4,1938,0,0,176500.0
P00384,eastgate,1642,1642,9381.0,2,2.0,1.5,8,2,2015,0,0,423100.0
P00385,old_town,805,805,2900.0,1,1.0,2.0,6,1,1918,0,0,229000.0
P00386,riverside,1580,1580,7098.0,4,3.5,1.0,4,2,1910,0,0,297500.0
P00387,eastgate,1528,1528,2352.0,3,2.5,1.5,10,2,1955,0,0,421500.0
P00388,eastgate,1962,1962,5239.0,5,3.5,2.5,3,5,1921,0,0,217600.0
P00389,lakeview,2059,2059,9561.0,3,2.0,1.0,9,5,1953,2010,0,604600.0
P00390,lakeview,2096,1617,5519.0,4,3.0,1.5,10,1,1916,0,0,814600.0
P00391,old_town,1401,1401,1313.0,3,1.5,2.0,5,4,2009,0,0,308500.0
P00392,eastgate,2490,2490,5134.0,5,3.5,1.5,5,4,1910,0,0,371400.0
P00393,lakeview,3535,3535,,6,4.5,2.0,11,5,2010,0,0,1081100.0
P00394,hilltop,1885,1526,8516.0,3,2.0,2.0,3,1,1908,0,0,267100.0
P00395,hilltop,1301,1301,3037.0,1,1.5,2.0,3,2,2018,0,0,311000.0
P00396,eastgate,1613,1290,5513.0,2,1.0,1.5,12,5,1906,0,0,390700.0
P00397,lakeview,1623,1623,4146.0,3,2.0,1.5,9,3,1910,0,0,499000.0
P00398,downtown,3260,2642,4111.0,4,3.0,2.0,4,4,1951,1996,0,478600.0
P00399,eastgate,1990,1990,6684.0,3,2.0,2.0,10,5,1910,0,0,426400.0
P00400,downtown,1495,1495,3802.0,3,2.5,1.5,4,4,2014,0,0,330400.0
P00401,hilltop,1119,1119,3302.0,3,2.5,2.0,11,2,1915,0,0,611000.0
P00402,hilltop,1898,1898,2588.0,2,2.0,1.5,9,2,1962,0,0,477700.0
P00403,hilltop,1433,1433,2591.0,1,1.0,1.0,9,3,1903,0,0,391700.0
P00404,old_town,2457,2457,7588.0,5,3.5,2.5,4,4,1947,2017,0,306500.0
P00405,eastgate,1311,1311,4880.0,3,1.5,2.0,11,3,2012,0,0,634700.0
P00406,old_town,2238,2238,14614.0,4,2.0,2.0,6,4,1986,2022,0,307600.0
P00407,lakeview,2501,1962,5320.0,5,3.5,1.5,7,3,1987,0,0,520100.0
P00408,eastgate,2867,2133,7526.0,5,4.0,2.5,3,4,1920,0,0,247200.0
P00409,riverside,2877,2877,27673.0,5,4.0,1.5,5,1,1955,0,0,379800.0
P00410,downtown,1024,1024,1800.0,2,1.0,1.5,7,3,1964,0,0,561100.0
P00411,eastgate,2055,1593,,4,2.5,2.0,8,5,1986,0,0,607600.0
P00412,downtown,1258,923,2975.0,2,1.5,2.0,8,2,2007,2000,0,542000.0
P00413,old_town,1844,1502,12262.0,3,2.5,1.5,11,5,1906,0,0,585700.0
P00414,downtown,1398,1137,10161.0,1,1.5,2.0,5,1,1929,0,0,322400.0
P00415,downtown,2392,1962,14252.0,4,3.5,1.5,10,1,1987,0,0,733300.0
P00416,old_town,1870,1450,7769.0,2,1.0,2.5,9,3,2003,0,0,351100.0
P00417,hilltop,1108,1108,3522.0,2,1.5,2.0,8,3,1938,0,0,398700.0
P00418,hilltop,1982,1982,,3,1.0,1.5,5,5,1926,0,0,329200.0
P00419,riverside,1056,1056,2730.0,2,1.0,2.0,5,1,1966,0,0,339700.0
P00420,hilltop,1167,1167,2364.0,2,1.5,1.0,11,2,1934,0,0,613200.0
P00421,hilltop,1563,1563,8941.0,2,2.0,2.0,10,1,2018,0,0,629700.0
P00422,hilltop,2467,2467,6915.0,4,1.5,2.5,7,1,1979,0,0,550800.0
P00423,lakeview,1456,1456,9788.0,2,1.0,1.0,10,3,1978,0,1,1060400.0
P00424,riverside,1874,1874,9218.0,3,2.5,1.0,8,4,1950,0,0,447400.0
P00425,riverside,2094,1555,3185.0,4,3.0,1.0,8,1,1932,0,0,533800.0
P00426,eastgate,2188,1663,3534.0,3,1.5,2.0,3,2,1914,2023,0,291000.0
P00427,old_town,695,695,1222.0,2,2.5,1.5,5,1,1962,2019,0,203100.0
P00428,downtown,2474,2034,4079.0,4,3.0,2.0,8,4,1928,0,0,454500.0
P00429,hilltop,1264,909,,2,1.0,1.0,12,4,2020,2017,0,767100.0
P00430,eastgate,1839,1372,7648.0,3,2.5,1.0,3,3,1998,0,0,385400.0
P00431,eastgate,1590,1346,10099.0,2,1.0,1.5,6,2,1990,2016,0,423400.0
P00432,hilltop,764,764,3522.0,1,1.0,2.0,3,1,1904,0,0,239100.0
P00433,downtown,3223,2489,5104.0,4,3.0,1.5,9,3,1949,0,0,556800.0
P00434,old_town,2299,1795,4582.0,5,4.0,1.5,8,2,1948,0,0,173600.0
P00435,eastgate,2389,2389,11191.0,4,2.0,1.5,10,5,1959,0,0,401500.0
P00436,downtown,1599,1599,,3,2.0,1.5,7,4,1935,0,0,434400.0
P00437,eastgate,1650,1414,6284.0,2,1.0,1.0,12,3,1990,0,0,413000.0
P00438,eastgate,2138,2138,14219.0,5,3.5,2.0,9,2,1933,1989,0,302700.0
P00439,eastgate,3428,3428,11216.0,5,3.5,1.5,12,4,1931,0,0,553100.0
P00440,riverside,1086,1086,2944.0,2,1.5,2.0,11,3,1933,0,1,813400.0
P00441,downtown,2101,1732,4727.0,4,2.0,2.0,11,2,1913,2016,0,720000.0
P00442,downtown,1843,1471,6806.0,3,2.5,2.0,7,4,1925,0,0,252500.0
P00443,eastgate,1069,926,8700.0,3,1.5,1.0,9,2,2007,0,0,639800.0
P00444,eastgate,1932,1447,4748.0,3,1.5,2.5,4,4,1942,0,0,404300.0
P00445,hilltop,2311,2311,10825.0,4,2.5,1.5,9,1,1916,0,1,829000.0
P00446,eastgate,1938,1614,9106.0,3,2.0,1.5,6,4,1981,0,0,406800.0
P00447,eastgate,1666,1230,7848.0,3,1.5,2.0,8,5,1965,0,0,417400.0
P00448,riverside,1361,1361,9124.0,2,1.0,2.0,12,1,2010,0,0,608300.0
P00449,downtown,2286,1677,6974.0,4,2.0,1.0,9,2,1973,0,0,606400.0
P00450,riverside,2974,2382,3359.0,1,1.0,1.5,5,1,1952,0,0,1652300.0
P00451,downtown,1396,1396,4389.0,3,1.5,1.0,10,5,1917,0,0,372400.0
P00452,eastgate,3173,2422,12321.0,5,3.0,2.0,9,1,1996,0,0,455800.0
P00453,downtown,713,713,1170.0,1,1.0,1.5,3,2,1933,0,0,207500.0
P00454,hilltop,3224,3224,16116.0,5,4.0,2.0,7,1,1982,0,0,491500.0
P00455,old_town,1239,1239,4566.0,2,1.5,2.5,8,2,1977,0,0,302000.0
P00456,old_town,2691,2691,10129.0,5,3.0,1.5,10,2,1949,0,0,412300.0
P00457,eastgate,3927,2872,29237.0,6,4.0,2.0,7,3,1931,0,0,417600.0
P00458,eastgate,1821,1821,4264.0,4,2.5,1.5,12,2,1924,0,0,450000.0
P00459,hilltop,1683,1250,7200.0,3,2.0,2.5,3,5,1902,0,0,306300.0
P00460,hilltop,1627,1627,11702.0,2,1.5,2.0,4,1,1951,0,0,306900.0
P00461,downtown,1604,1191,4797.0,2,1.0,1.5,12,5,1998,0,0,710100.0
P00462,eastgate,1541,1541,4403.0,2,1.5,1.5,3,1,1923,0,0,187100.0
P00463,hilltop,2394,1714,5850.0,4,3.0,2.0,3,2,1949,0,0,333400.0
P00464,eastgate,4464,3775,10892.0,7,4.5,2.0,11,2,1939,0,0,564200.0
P00465,downtown,1712,1712,,3,1.5,1.5,6,5,2000,0,0,564400.0
P00466,eastgate,1183,1183,4168.0,1,1.0,1.5,12,5,1976,0,0,512500.0
P00467,hilltop,1652,1302,1817.0,3,2.5,2.0,3,5,1988,0,0,405300.0
P00468,downtown,1563,1563,5396.0,3,2.0,1.0,7,1,2001,0,0,504800.0
P00469,eastgate,1765,1366,6358.0,2,1.0,1.5,6,3,2013,0,0,525100.0
P00470,eastgate,2766,1992,18885.0,5,4.0,1.0,9,4,1901,0,0,497600.0
P00471,downtown,1623,1229,,2,1.5,2.0,7,1,1992,0,0,296600.0
P00472,eastgate,1223,1019,4685.0,2,1.0,1.5,9,3,1937,0,0,410700.0
P00473,hilltop,1548,1548,6187.0,3,1.5,1.5,10,1,1976,1985,0,734100.0
P00474,riverside,875,875,958.0,2,1.0,1.0,9,5,1908,0,0,433200.0
P00475,lakeview,1857,1857,8445.0,3,1.5,1.0,3,5,1974,1999,0,347700.0
P00476,riverside,1537,1537,6330.0,3,2.0,2.0,3,2,1928,2021,0,338600.0
P00477,old_town,1434,1434,1982.0,2,1.0,2.0,5,3,1971,0,0,366200.0
P00478,riverside,2163,1840,7561.0,3,2.5,1.5,5,2,1919,0,0,370100.0
P00479,riverside,3607,3607,4839.0,6,4.0,1.5,12,5,1943,0,0,989400.0
P00480,downtown,1972,1972,5144.0,3,1.5,1.5,3,2,1972,0,0,261600.0
P00481,hilltop,1695,1452,,4,3.0,1.0,10,2,1970,2001,0,565600.0
P00482,riverside,1399,1399,3300.0,2,1.0,1.5,12,3,2019,0,0,563500.0
P00483,lakeview,1873,1873,,4,2.5,1.0,8,4,1912,0,0,477100.0
P00484,hilltop,1715,1323,4182.0,3,2.5,1.0,8,3,2016,0,0,488100.0
P00485,hilltop,2028,2028,15875.0,3,2.0,1.0,4,4,1957,0,0,343600.0
P00486,downtown,1640,1640,6763.0,2,1.5,1.0,4,5,1957,0,0,366500.0
P00487,downtown,1121,1121,3328.0,2,1.5,1.5,12,2,1988,2020,0,522900.0
P00488,eastgate,2605,1958,6135.0,5,4.0,1.5,7,4,1978,0,0,837100.0
P00489,lakeview,731,731,2469.0,1,1.0,1.5,9,3,1907,0,0,387500.0
P00490,hilltop,1562,1337,2197.0,2,1.5,1.5,9,2,1973,0,0,481400.0
P00491,eastgate,983,983,6987.0,2,1.0,1.0,10,3,1920,0,0,384100.0
P00492,eastgate,1844,1521,8703.0,3,1.0,1.0,5,1,2013,0,0,251400.0
P00493,eastgate,1666,1666,7065.0,3,1.0,2.0,4,2,1952,0,0,271500.0
P00494,downtown,3811,2805,22671.0,6,3.5,1.5,4,4,1970,0,0,459600.0
P00495,hilltop,1394,1394,6437.0,2,1.0,2.0,5,5,1909,0,0,261600.0
P00496,hilltop,681,681,951.0,1,1.5,1.0,10,3,1994,0,0,589000.0
P00497,lakeview,1545,1545,3111.0,3,1.5,2.0,10,1,1962,0,0,528400.0
P00498,eastgate,1580,1580,5176.0,2,1.5,1.5,5,5,1906,1988,0,312800.0
P00499,old_town,1282,1010,3941.0,2,1.5,1.5,8,5,1901,0,0,306400.0
P00500,eastgate,923,923,5478.0,1,1.0,1.5,5,3,2021,0,0,341100.0
P00501,eastgate,1498,1498,2475.0,2,1.5,1.0,6,4,2004,0,0,297500.0
P00502,downtown,874,874,3718.0,2,1.5,1.5,4,4,1905,0,0,179500.0
P00503,hilltop,1520,1520,3781.0,2,1.5,2.0,3,3,2006,0,0,372300.0
P00504,eastgate,2626,2626,8836.0,4,3.0,2.0,3,1,1965,1985,0,255500.0
P00505,hilltop,936,812,3043.0,2,1.0,2.0,6,2,2006,2016,0,296000.0
P00506,hilltop,1597,1597,3931.0,2,1.5,1.5,7,2,2010,0,0,429900.0
P00507,old_town,1648,1227,9686.0,3,1.5,2.0,12,3,1956,0,1,677200.0
P00508,old_town,1227,968,2027.0,3,2.5,1.5,3,3,1935,0,0,178500.0
P00509,downtown,2334,2334,3362.0,3,1.5,1.5,11,5,1952,0,0,1085200.0
P00510,lakeview,1577,1577,14079.0,2,1.0,2.0,6,5,1978,0,0,722900.0
P00511,downtown,1309,1309,4176.0,1,1.5,2.5,10,3,1986,0,0,414000.0
P00512,riverside,1453,1453,2882.0,3,1.5,2.0,4,5,1954,0,0,453800.0
P00513,old_town,1679,1679,,2,1.0,1.5,8,5,2008,0,0,477300.0
P00514,riverside,1803,1803,,3,1.0,2.5,12,1,1976,0,0,789700.0
P00515,riverside,2736,2242,6106.0,4,2.5,1.5,5,3,1934,0,0,428100.0
P00516,eastgate,3192,2747,20391.0,4,3.0,1.0,9,4,1952,0,0,547000.0
P00517,riverside,1561,1213,4955.0,3,2.0,1.5,12,2,1943,0,0,752900.0
P00518,downtown,2909,2909,8441.0,5,3.5,1.0,5,2,1969,0,0,285300.0
P00519,hilltop,1707,1707,4580.0,3,2.5,1.0,3,2,1921,0,0,302700.0
P00520,eastgate,1048,1048,6803.0,1,1.0,2.0,10,2,1952,0,0,303600.0
P00521,eastgate,1328,1137,3547.0,3,2.0,1.5,11,2,2003,0,0,544300.0
P00522,riverside,1194,1194,4275.0,3,2.0,1.5,10,4,1986,0,0,509000.0
P00523,riverside,1519,1254,28294.0,1,1.0,2.0,7,1,1902,2017,0,417300.0
P00524,eastgate,927,927,1583.0,2,1.0,2.0,10,3,1926,0,0,373300.0
P00525,eastgate,1113,1113,5369.0,1,1.0,1.5,3,5,2017,0,0,245300.0
P00526,downtown,3328,2685,6405.0,5,3.5,2.5,9,2,1936,0,0,590100.0
P00527,downtown,2241,1650,5938.0,3,1.5,1.5,3,4,1978,0,0,368000.0
P00528,hilltop,950,950,2474.0,2,1.5,1.5,7,1,1912,0,0,318400.0
P00529,hilltop,1625,1229,,3,2.0,2.5,12,5,1941,0,0,797200.0
P00530,downtown,2337,1944,9937.0,4,2.0,1.0,6,1,1974,0,0,456000.0
P00531,hilltop,1393,1393,2608.0,1,1.0,1.5,8,3,1965,0,0,401700.0
P00532,riverside,1203,1203,9761.0,1,1.0,2.0,10,3,1969,0,0,530000.0
P00533,eastgate,1880,1602,3030.0,3,2.0,1.5,7,4,1943,0,0,266500.0
P00534,old_town,1371,1014,4392.0,2,1.5,1.0,11,2,1979,0,0,343200.0
P00535,riverside,2387,2007,20057.0,3,2.0,2.0,8,5,1944,2007,0,581200.0
P00536,downtown,2976,2182,18578.0,4,2.5,1.0,7,3,2018,0,0,772900.0
P00537,eastgate,1831,1831,5254.0,2,1.5,1.5,3,5,2019,0,0,268600.0
P00538,eastgate,1742,1742,3437.0,2,1.5,1.0,5,2,1966,0,0,317300.0
P00539,old_town,1701,1283,4732.0,2,1.0,2.0,12,2,1904,0,0,466300.0
P00540,old_town,1958,1958,1777.0,3,2.0,2.0,10,3,1908,0,0,338600.0
P00541,eastgate,1962,1962,5473.0,3,1.5,2.0,5,1,1956,0,0,364000.0
P00542,riverside,1640,1330,2834.0,2,1.5,2.0,3,1,1944,0,0,334300.0
P00543,downtown,692,692,1610.0,1,1.0,1.5,10,1,1999,0,1,695600.0
P00544,lakeview,1122,1122,3327.0,1,1.0,1.0,3,3,1967,0,0,333400.0
P00545,hilltop,1854,1595,,2,1.5,1.0,12,1,2020,0,0,938500.0
P00546,hilltop,1699,1222,5843.0,2,1.5,1.0,3,2,1911,0,0,329300.0
P00547,riverside,5517,5517,5213.0,9,6.0,1.5,12,5,1918,0,0,1148800.0
P00548,eastgate,1825,1825,3936.0,3,2.0,2.0,5,1,1943,0,0,317700.0
P00549,hilltop,1770,1770,12166.0,3,2.0,2.0,7,4,1982,0,0,733700.0
P00550,eastgate,3490,3490,19819.0,6,4.5,1.5,12,2,1973,0,0,854000.0
P00551,riverside,2569,1962,3257.0,4,3.0,1.0,8,1,2015,0,0,587200.0
P00552,downtown,1881,1347,6489.0,4,2.0,1.5,8,5,1999,0,0,544700.0
P00553,hilltop,1652,1652,5788.0,3,1.5,1.5,5,1,1933,0,0,539900.0
P00554,riverside,859,859,4949.0,2,2.0,1.5,7,5,1916,0,0,324400.0
P00555,old_town,2108,1620,6312.0,3,2.0,1.0,12,4,1967,0,0,571300.0
P00556,hilltop,2536,2536,7485.0,4,2.0,1.0,11,5,1941,0,0,680900.0
P00557,eastgate,2627,1906,6926.0,4,3.0,2.0,4,2,1903,0,0,311700.0
P00558,eastgate,1757,1757,4263.0,3,1.0,1.5,10,1,1991,0,0,662700.0
P00559,hilltop,2182,1603,6607.0,4,1.5,1.0,11,1,1908,0,0,729200.0
P00560,lakeview,4899,4005,40102.0,9,6.5,1.5,7,5,1961,0,0,1013100.0
P00561,hilltop,4766,3604,46005.0,8,6.0,1.5,4,2,1959,0,0,552200.0
P00562,eastgate,1796,1796,3472.0,3,2.0,1.0,4,4,1923,0,0,178200.0
P00563,riverside,2053,2053,7672.0,4,3.0,2.5,5,4,1994,0,0,395300.0
P00564,riverside,2013,2013,8102.0,3,2.0,2.0,4,5,1939,1986,0,467500.0
P00565,eastgate,3218,2343,17092.0,5,2.5,1.0,5,2,1963,0,0,328200.0
P00566,hilltop,1160,1160,4223.0,2,1.0,2.5,8,3,1931,0,0,551600.0
P00567,downtown,1273,968,3681.0,3,1.5,1.0,9,5,1972,0,0,380700.0
P00568,downtown,2998,2197,9499.0,5,3.5,1.5,5,5,1901,0,0,470200.0
P00569,lakeview,1933,1401,15782.0,3,2.5,1.5,11,3,2017,0,0,814000.0
P00570,hilltop,2564,1855,2454.0,3,2.5,1.5,5,3,1970,1994,0,431500.0
P00571,downtown,2079,1574,4543.0,3,2.0,1.5,3,4,1991,0,0,317100.0
P00572,eastgate,1752,1752,3476.0,4,2.5,2.0,9,2,1951,0,0,391900.0
P00573,lakeview,3972,2904,14985.0,6,5.0,1.0,4,2,1964,0,0,558800.0
P00574,riverside,1702,1702,3858.0,3,2.0,1.0,4,4,1953,0,0,393800.0
P00575,downtown,2171,1608,11353.0,4,3.0,2.0,5,3,1959,0,0,373700.0
P00576,hilltop,1960,1960,6882.0,3,2.0,1.0,8,3,2021,0,0,554300.0
P00577,downtown,1457,1457,9386.0,1,1.0,2.5,11,3,2007,0,0,617100.0
P00578,eastgate,2211,2211,13952.0,3,2.0,1.5,7,3,1970,0,0,339700.0
P00579,old_town,1911,1911,3725.0,3,2.0,1.5,4,1,2008,0,0,213500.0
P00580,eastgate,3482,2537,14563.0,5,3.0,1.0,11,2,2009,0,1,1053500.0
P00581,riverside,1778,1362,6147.0,3,2.5,1.5,9,2,1971,0,0,470500.0
P00582,hilltop,1430,1430,2492.0,2,1.0,1.5,12,5,1939,0,0,1008200.0
P00583,hilltop,2567,1987,4782.0,5,3.5,1.5,6,2,1900,0,1,705600.0
P00584,hilltop,1464,1064,2577.0,3,1.5,1.0,12,4,1908,0,0,658500.0
P00585,downtown,1388,1388,5972.0,2,2.0,2.0,4,3,1901,0,0,218800.0
P00586,downtown,1208,1208,4554.0,3,2.0,2.0,11,2,1987,0,0,657300.0
P00587,riverside,942,942,2084.0,2,1.0,1.5,10,2,1972,0,0,653000.0
P00588,eastgate,2442,1796,12616.0,3,2.0,1.5,12,5,1961,0,0,609200.0
P00589,old_town,1606,1606,4622.0,3,1.5,2.0,4,5,2009,0,0,219400.0
P00590,eastgate,918,918,3886.0,2,1.5,2.5,4,5,1944,0,0,264200.0
P00591,eastgate,1538,1538,9043.0,1,1.0,1.0,3,4,1947,0,0,224000.0
P00592,lakeview,1708,1403,11618.0,3,2.0,2.0,4,5,2018,2007,0,446000.0
P00593,riverside,2350,2350,1950.0,5,3.5,2.5,10,3,1991,1992,0,843600.0
P00594,hilltop,1505,1505,4901.0,3,3.0,1.5,7,4,1976,2014,0,438500.0
P00595,riverside,1162,1162,1878.0,1,1.0,1.5,10,1,1989,1995,0,694700.0
P00596,downtown,1891,1891,5901.0,2,1.0,2.0,5,1,1940,0,0,253900.0
P00597,lakeview,3109,2255,7330.0,4,3.0,1.5,12,3,1965,1989,0,1297900.0
P00598,eastgate,1894,1646,2321.0,3,2.0,2.0,9,5,2018,2023,0,579400.0
P00599,eastgate,2237,2237,7075.0,2,1.5,1.0,8,3,1925,0,0,315700.0
P00600,eastgate,1677,1677,6090.0,4,3.0,1.0,7,1,1918,0,0,313100.0
P00601,eastgate,3310,2554,14783.0,5,3.0,1.5,8,1,1946,0,0,511400.0
P00602,eastgate,3287,2670,13311.0,6,3.5,2.0,12,3,2005,1996,0,1031500.0
P00603,downtown,1938,1938,5380.0,3,2.0,1.5,8,2,1974,0,0,402200.0
P00604,riverside,1899,1899,6165.0,3,1.5,2.0,8,1,1924,2002,1,487000.0
P00605,lakeview,1489,1489,6425.0,3,2.0,1.5,12,5,1903,0,0,1116800.0
P00606,hilltop,2947,2947,6468.0,5,3.5,2.0,4,3,2005,0,1,1172100.0
P00607,downtown,1811,1365,5547.0,4,2.5,3.0,8,2,1988,0,0,283000.0
P00608,riverside,1623,1623,1824.0,4,3.0,1.0,6,4,2004,1995,0,399300.0
P00609,downtown,2178,1582,6257.0,4,3.0,1.0,7,2,1935,0,0,353600.0
P00610,old_town,1057,1057,2910.0,1,1.0,1.0,6,3,2022,2011,0,273600.0
P00611,riverside,2483,2483,6837.0,2,2.0,2.0,4,1,1917,2014,0,208200.0
P00612,hilltop,2603,2603,6008.0,4,3.0,2.0,11,1,1953,0,0,834900.0
P00613,eastgate,937,937,3664.0,2,1.0,2.0,9,1,2007,0,0,265800.0
P00614,downtown,1759,1759,6896.0,3,1.5,1.0,5,3,1963,0,0,381400.0
P00615,eastgate,1996,1996,3068.0,3,1.5,2.5,10,1,1910,0,0,423700.0
P00616,downtown,1237,1015,3321.0,2,1.5,1.0,4,5,1968,2019,0,249200.0
P00617,riverside,1946,1946,7217.0,4,2.0,3.0,9,1,1985,0,0,404500.0
P00618,hilltop,3628,2643,5865.0,6,4.0,1.0,3,5,1970,0,0,717400.0
P00619,hilltop,1641,1641,8797.0,2,2.0,1.5,4,3,1974,0,0,314500.0
P00620,eastgate,1330,1003,2491.0,2,1.5,2.0,3,2,1930,0,0,135200.0
P00621,hilltop,1566,1566,5980.0,2,1.0,3.0,12,4,1966,0,0,693100.0
P00622,riverside,1299,1024,2834.0,2,1.5,2.5,10,1,2020,0,0,427800.0
P00623,riverside,2658,2197,5392.0,5,2.5,2.0,10,4,1966,0,0,564200.0
P00624,riverside,2155,2155,9391.0,3,2.0,1.0,12,5,1902,0,0,625700.0
P00625,downtown,1596,1596,6076.0,2,1.0,2.0,7,4,2009,0,0,289000.0
P00626,old_town,2842,2842,8321.0,5,2.5,3.0,11,1,1922,0,0,614300.0
P00627,hilltop,905,905,,1,1.0,1.5,6,5,1923,0,0,405500.0
P00628,eastgate,2067,2067,3718.0,3,2.5,1.5,6,5,1949,0,0,410100.0
P00629,eastgate,2620,2620,3582.0,5,3.5,1.0,6,3,1967,0,0,410700.0
P00630,riverside,2721,2024,5801.0,6,3.5,2.0,3,2,1954,0,0,522100.0
P00631,hilltop,1175,1175,,1,1.0,1.5,12,2,1996,0,0,713600.0
P00632,hilltop,2759,2759,7302.0,5,3.5,1.0,3,3,2006,0,0,308100.0
P00633,downtown,2402,1890,6424.0,4,3.0,2.0,5,1,1952,0,0,282300.0
P00634,eastgate,1739,1739,11716.0,3,1.5,1.5,9,5,1936,0,0,439900.0
P00635,lakeview,3120,2513,9353.0,5,3.5,1.5,7,2,1954,0,0,434100.0
P00636,lakeview,971,971,4020.0,1,1.0,2.0,7,2,1986,2018,0,432300.0
P00637,downtown,744,744,978.0,1,1.0,2.0,7,5,1952,0,0,322800.0
P00638,riverside,1304,1043,4858.0,2,1.0,2.0,9,4,1998,0,0,506200.0
P00639,eastgate,1372,1372,3593.0,2,2.0,1.0,12,2,2014,0,0,501600.0
P00640,eastgate,1315,1315,1558.0,2,1.5,1.5,12,5,1977,0,0,810000.0
P00641,hilltop,1686,1686,15816.0,3,1.5,2.0,3,3,1961,0,0,299800.0
P00642,hilltop,1991,1991,2378.0,3,1.5,2.5,7,2,1958,0,0,360900.0
P00643,downtown,2556,2170,3097.0,4,2.5,1.5,10,3,2019,0,0,537100.0
P00644,lakeview,1774,1428,6443.0,4,2.0,1.0,6,1,1931,2020,0,354400.0
P00645,hilltop,1326,1326,6039.0,1,1.0,1.5,8,3,1985,0,0,462500.0
P00646,lakeview,1534,1534,1844.0,2,1.0,3.0,9,1,1965,2005,1,536400.0
P00647,eastgate,1403,1403,1679.0,3,2.5,1.5,7,5,1968,0,0,320000.0
P00648,eastgate,1368,1368,8207.0,3,2.0,2.5,6,1,1960,0,0,283400.0
P00649,old_town,2017,2017,6166.0,4,2.5,2.0,3,4,1910,0,1,328000.0
P00650,old_town,2414,2414,9514.0,3,3.0,1.0,6,3,1963,2000,0,371100.0
P00651,hilltop,1899,1576,11269.0,3,2.5,1.0,10,3,1965,0,0,530500.0
P00652,old_town,1604,1274,5168.0,3,1.5,1.0,10,4,2001,0,0,305600.0
P00653,old_town,1339,1005,2594.0,3,2.5,2.0,12,1,1932,0,0,344600.0
P00654,eastgate,2791,2189,17244.0,4,3.0,2.0,3,5,1933,2012,0,253200.0
P00655,hilltop,915,915,5946.0,1,1.0,1.5,7,4,2003,0,0,472000.0
P00656,old_town,2198,2198,5199.0,4,2.5,2.0,7,5,2005,0,0,444600.0
P00657,riverside,2632,2632,3668.0,3,2.5,1.5,9,4,1958,0,0,867200.0
P00658,eastgate,4772,3484,12716.0,8,5.0,1.0,8,1,1959,0,0,830200.0
P00659,riverside,2199,1600,4645.0,4,3.0,2.0,5,5,1981,0,0,387600.0
P00660,hilltop,2103,1604,18440.0,4,2.5,2.0,10,4,1919,0,0,440200.0
P00661,hilltop,1566,1566,2822.0,3,1.5,2.0,6,3,1931,2021,0,307000.0
P00662,old_town,1512,1512,2181.0,3,1.5,2.0,6,3,1975,0,0,269000.0
P00663,hilltop,1077,1077,2560.0,3,2.5,1.0,12,2,1966,0,0,647900.0
P00664,old_town,2904,2089,,6,4.0,1.0,6,4,1928,0,0,448300.0
P00665,downtown,4243,3130,27602.0,7,4.5,1.0,5,3,1992,2022,0,624600.0
P00666,old_town,1871,1871,9473.0,3,1.5,1.0,5,1,1920,0,0,203200.0
P00667,eastgate,2009,2009,5108.0,3,1.5,1.5,8,2,1939,0,0,373600.0
P00668,lakeview,2403,2403,8099.0,4,3.0,1.5,3,4,2000,0,0,622500.0
P00669,hilltop,1701,1701,6372.0,3,2.5,1.0,3,5,1970,0,0,486700.0
P00670,eastgate,771,771,,1,1.0,1.5,7,5,1959,0,0,267200.0
P00671,downtown,1288,1288,8180.0,2,1.0,2.0,5,2,2022,0,0,301300.0
P00672,hilltop,1741,1506,,4,3.0,1.0,5,1,1988,0,0,517100.0
P00673,eastgate,1946,1459,4406.0,3,2.0,1.5,6,5,1976,0,0,356500.0
P00674,downtown,1344,1344,13079.0,2,1.0,2.0,3,3,1941,0,0,315800.0
P00675,riverside,2008,1705,7663.0,3,2.0,2.5,6,5,1933,0,0,309900.0
P00676,old_town,1491,1251,5750.0,3,2.5,1.5,8,4,2004,0,0,435400.0
P00677,eastgate,1742,1742,7058.0,4,3.0,1.5,8,5,1929,0,0,421500.0
P00678,eastgate,1866,1866,7203.0,3,1.5,2.0,8,3,1945,0,0,330500.0
P00679,hilltop,1637,1637,,2,2.5,2.0,5,4,1933,0,0,410100.0
P00680,old_town,2852,2852,22325.0,5,3.5,2.0,3,1,1971,2019,0,435000.0
P00681,eastgate,2616,2088,8070.0,3,2.0,1.5,3,2,1940,0,0,258700.0
P00682,lakeview,1183,1183,5064.0,3,1.5,2.0,9,4,1919,0,0,634600.0
P00683,hilltop,1765,1277,12337.0,3,2.0,1.0,4,4,1966,0,0,428100.0
P00684,eastgate,1258,1060,2752.0,2,1.0,2.5,6,2,1998,0,0,267000.0
P00685,eastgate,612,612,800.0,1,1.0,2.0,12,5,2021,0,0,638700.0
P00686,old_town,3624,3624,8314.0,3,2.5,1.5,12,5,1990,2019,0,3342100.0
P00687,downtown,1634,1255,6028.0,2,1.0,1.5,7,3,1974,2023,0,400200.0
P00688,riverside,3028,3028,9112.0,5,2.5,1.0,4,3,1997,0,0,669600.0
P00689,lakeview,1497,1120,5482.0,3,1.5,1.5,10,3,2010,0,0,665400.0
P00690,downtown,1976,1610,5466.0,3,2.0,1.0,12,3,1962,0,0,548000.0
P00691,lakeview,1389,1389,3551.0,2,1.5,1.5,9,2,1962,0,0,604000.0
P00692,eastgate,1681,1227,4824.0,2,1.5,2.0,9,1,2000,0,0,517100.0
P00693,eastgate,2284,1905,7595.0,3,2.0,1.5,7,3,1951,1987,0,532700.0
P00694,downtown,2366,2366,8171.0,3,2.0,2.5,4,5,1911,0,0,456600.0
P00695,riverside,1395,1395,,1,1.0,1.0,8,4,1959,2020,0,472900.0
P00696,old_town,1383,1383,2599.0,2,2.5,1.5,5,5,1971,0,0,251700.0
P00697,downtown,1980,1583,8088.0,4,3.0,1.0,9,2,1932,0,0,457700.0
P00698,eastgate,1942,1942,7834.0,3,2.5,2.0,6,4,2001,0,0,388600.0
P00699,downtown,1667,1667,3121.0,3,2.0,2.0,4,2,1918,1987,0,157600.0
P00700,riverside,1515,1515,6329.0,1,1.0,1.5,10,2,1927,0,0,464900.0
P00701,riverside,889,889,3045.0,2,1.5,2.0,9,1,1945,0,0,427700.0
P00702,old_town,2191,1682,5122.0,3,2.0,1.0,6,1,1931,1996,0,265800.0
P00703,old_town,1110,1110,1941.0,2,1.5,2.0,10,4,2004,0,0,398600.0
P00704,riverside,1669,1311,10104.0,2,1.0,1.5,12,4,1968,0,0,606100.0
P00705,old_town,2359,2359,5177.0,5,3.5,1.5,6,3,1996,2003,0,328900.0
P00706,hilltop,1535,1535,7123.0,2,2.0,1.5,4,4,2021,0,1,420700.0
P00707,riverside,866,866,3319.0,1,1.0,2.0,9,5,1961,2021,0,406500.0
P00708,downtown,1530,1530,5771.0,4,2.5,1.0,6,5,2012,0,0,364600.0
P00709,hilltop,1046,1046,3079.0,1,1.0,2.0,10,4,1966,0,0,472500.0
P00710,downtown,1786,1544,5379.0,4,3.0,1.0,3,4,2008,0,0,351700.0
P00711,downtown,2353,2353,6647.0,4,2.5,2.0,11,5,1987,0,0,715200.0
P00712,eastgate,1126,1126,5199.0,3,1.5,2.0,8,1,1912,0,0,358100.0
P00713,old_town,1299,1081,,2,2.0,1.0,12,4,1946,0,0,296600.0
P00714,downtown,1792,1792,5434.0,4,2.0,2.0,12,1,1977,0,0,589000.0
P00715,eastgate,1147,1147,7597.0,2,1.5,1.0,6,5,1943,0,0,315700.0
P00716,lakeview,1052,1052,,2,1.5,1.0,9,3,1919,0,0,306100.0
P00717,downtown,2402,2402,9195.0,3,3.0,1.0,3,5,1967,0,0,308300.0
P00718,eastgate,1771,1771,8372.0,3,2.5,3.0,3,2,1949,0,0,249200.0
P00719,old_town,1514,1514,3381.0,2,1.5,1.5,10,1,1949,0,0,341300.0
P00720,hilltop,1479,1126,6497.0,2,1.5,1.0,4,2,1977,0,0,352400.0
P00721,hilltop,2155,1590,6381.0,3,1.5,1.5,4,4,2022,0,0,566300.0
P00722,old_town,1912,1588,4872.0,4,2.0,2.0,10,4,1956,2017,0,383600.0
P00723,eastgate,2645,2645,6522.0,3,2.0,1.0,11,3,2010,1989,0,920200.0
P00724,hilltop,1593,1369,7186.0,2,1.5,1.5,5,4,1974,0,0,387800.0
P00725,riverside,1235,978,4251.0,1,1.0,1.0,10,5,2008,2006,0,440700.0
P00726,eastgate,1825,1825,7566.0,2,1.0,2.0,4,3,1950,0,0,369000.0
P00727,lakeview,1536,1536,2562.0,2,1.0,1.5,6,2,1946,0,0,383400.0
P00728,riverside,2288,2288,5528.0,5,3.5,2.5,10,2,1999,0,0,536200.0
P00729,eastgate,2229,2229,9254.0,4,2.5,1.5,11,3,1909,0,0,508000.0
P00730,downtown,1572,1319,4192.0,3,2.0,1.5,7,1,1932,0,0,381700.0
P00731,eastgate,2006,2006,9513.0,3,2.0,2.0,11,3,1903,0,0,715600.0
P00732,old_town,1887,1887,8201.0,3,2.0,2.5,12,5,1923,0,0,447000.0
P00733,old_town,1790,1790,11186.0,3,2.5,1.0,11,5,2018,0,0,628400.0
P00734,hilltop,702,702,2184.0,2,1.0,1.5,10,5,1956,2006,0,415200.0
P00735,downtown,1265,973,2710.0,2,2.0,2.0,3,5,1975,0,0,307300.0
P00736,downtown,1277,948,7976.0,2,1.0,1.0,11,2,1988,0,0,703300.0
P00737,hilltop,2616,2616,5181.0,4,3.0,2.0,11,5,2011,0,0,1188700.0
P00738,downtown,1152,955,3074.0,2,1.5,2.0,3,4,1980,0,0,255200.0
P00739,hilltop,1563,1563,6112.0,2,1.5,2.0,11,1,1915,0,0,461100.0
P00740,hilltop,1778,1501,4768.0,3,2.5,1.5,10,3,1953,0,0,629300.0
P00741,riverside,1403,1403,6542.0,2,2.0,1.0,9,1,1905,2021,0,402000.0
P00742,old_town,1381,1381,2552.0,3,2.0,2.0,7,5,2001,0,0,284600.0
P00743,lakeview,2015,2015,5911.0,3,1.0,1.0,8,1,1952,0,0,429500.0
P00744,lakeview,2218,2218,,4,3.0,2.5,10,3,1933,0,0,435500.0
P00745,lakeview,1569,1306,2695.0,3,2.0,2.5,7,5,1946,0,0,720000.0
P00746,hilltop,2197,1809,8526.0,4,2.5,1.0,12,5,1948,0,0,795400.0
P00747,lakeview,1373,1373,22327.0,3,2.0,1.0,7,1,1918,0,0,565800.0
P00748,eastgate,1955,1955,5156.0,4,3.0,2.0,6,3,2014,1991,0,406900.0
P00749,riverside,1694,1694,5052.0,2,1.0,1.0,9,1,2015,0,0,445000.0
P00750,hilltop,777,777,2284.0,1,1.0,2.0,5,4,1931,2010,0,202700.0
P00751,eastgate,4065,4065,,6,3.5,1.5,9,2,1947,0,0,516600.0
P00752,lakeview,2145,2145,1192.0,4,2.0,2.0,11,3,1964,2003,0,771700.0
P00753,eastgate,885,885,1202.0,1,1.0,1.5,11,4,1953,0,0,377600.0
P00754,riverside,1602,1602,3869.0,2,1.0,1.5,11,1,1979,2014,0,804400.0
P00755,old_town,1616,1616,4021.0,2,1.0,1.5,4,1,1949,0,0,255600.0
P00756,old_town,976,976,2511.0,1,1.0,2.5,12,1,2021,0,0,384200.0
P00757,hilltop,1828,1469,17952.0,2,1.5,2.0,6,4,1933,0,0,543200.0
P00758,downtown,1621,1621,2490.0,2,2.0,1.5,4,5,2012,2019,0,423300.0
P00759,old_town,1394,1394,,3,1.5,1.0,3,4,1958,2001,0,207000.0
P00760,riverside,1474,1187,4769.0,2,1.0,1.0,10,1,1960,0,0,444800.0
P00761,eastgate,2280,2280,2629.0,3,2.0,1.5,12,5,1992,0,0,926500.0
P00762,hilltop,1080,1080,,1,1.0,2.0,11,2,1900,1990,0,555900.0
P00763,old_town,1460,1460,5164.0,2,1.5,1.5,6,2,1947,2011,0,357800.0
P00764,eastgate,964,964,,1,1.0,2.0,3,3,1961,0,0,236600.0
P00765,hilltop,942,942,5155.0,1,1.0,3.0,12,1,2016,0,0,639000.0
P00766,hilltop,2799,2274,6513.0,4,3.0,1.5,11,1,1959,0,0,697000.0
P00767,old_town,3072,2238,15216.0,5,3.5,2.5,10,4,1999,0,0,564400.0
P00768,hilltop,1809,1809,7199.0,3,2.0,1.0,6,4,1934,0,0,401000.0
P00769,eastgate,1603,1603,5305.0,3,2.0,2.0,8,2,1988,0,0,420500.0
P00770,riverside,2286,2286,6154.0,3,1.5,2.5,4,2,1905,0,0,220000.0
P00771,downtown,1174,1020,6237.0,2,1.5,1.5,5,1,1990,0,0,290200.0
P00772,eastgate,1690,1690,7742.0,3,1.5,1.5,8,5,1920,0,0,317000.0
P00773,old_town,1696,1696,5073.0,2,1.0,1.0,9,2,1981,0,0,413800.0
P00774,hilltop,3078,2657,5891.0,5,2.5,2.5,10,4,1920,0,0,792900.0
P00775,old_town,1009,1009,915.0,2,1.5,1.0,11,5,1966,0,0,546400.0
P00776,hilltop,1891,1891,6761.0,3,1.5,2.0,8,3,2022,0,0,699300.0
P00777,riverside,2042,1525,3368.0,3,2.0,1.5,12,3,1997,0,0,969000.0
P00778,hilltop,1187,1187,4678.0,2,1.0,2.0,4,2,2020,1988,0,277600.0
P00779,old_town,1528,1528,9387.0,3,2.0,1.5,11,1,1922,0,0,393800.0
P00780,eastgate,944,944,3028.0,2,1.0,2.0,3,1,1980,0,0,171300.0
P00781,hilltop,2976,2976,9711.0,6,4.0,2.0,3,2,1906,0,0,322700.0
P00782,eastgate,885,885,4652.0,2,2.0,2.0,5,1,1909,0,0,173900.0
P00783,old_town,1882,1882,12281.0,3,3.0,1.5,8,3,1959,0,0,337400.0
P00784,downtown,967,967,800.0,2,1.0,1.5,7,1,2003,0,0,335100.0
P00785,eastgate,1335,1161,5188.0,1,1.0,1.0,6,1,2020,2002,0,276100.0
P00786,downtown,3517,2559,8873.0,5,3.5,2.0,4,1,1978,0,0,439900.0
P00787,hilltop,1935,1501,5824.0,3,2.0,1.5,5,3,1997,0,0,501200.0
P00788,lakeview,2423,1843,8008.0,4,3.0,1.5,10,1,1949,0,0,518200.0
P00789,riverside,1885,1885,3197.0,3,2.0,2.0,3,4,1970,0,0,470800.0
P00790,hilltop,4280,4280,3326.0,2,1.5,3.0,10,2,1935,2000,0,1865800.0
P00791,downtown,2813,2159,11225.0,5,3.5,1.0,5,1,1974,0,0,596700.0
P00792,hilltop,2111,1568,12714.0,3,2.5,1.5,10,4,1920,0,0,713500.0
P00793,eastgate,2131,2131,4121.0,4,3.5,2.0,7,1,1944,0,0,311800.0
P00794,riverside,1415,1415,6910.0,2,1.5,3.0,4,1,1954,0,0,282900.0
P00795,lakeview,1411,1411,5740.0,2,1.5,1.5,7,2,1984,0,0,456800.0
P00796,lakeview,1432,1432,6458.0,3,2.5,2.0,3,2,1946,0,0,430600.0
P00797,old_town,1317,1317,4753.0,3,2.5,2.0,4,2,1957,0,0,191200.0
P00798,riverside,1661,1661,5332.0,3,2.5,2.0,6,5,1918,0,0,315800.0
P00799,old_town,2379,2379,10634.0,4,3.0,3.0,7,4,1925,0,0,401200.0
P00800,downtown,1921,1921,4632.0,5,4.0,2.0,9,2,1996,0,0,431700.0
P00801,downtown,2603,2603,25775.0,4,2.5,1.5,7,4,1986,0,0,459200.0
P00802,eastgate,3353,2547,9388.0,6,4.0,2.5,6,1,1944,0,0,378700.0
P00803,hilltop,1640,1277,6158.0,2,1.0,2.0,4,5,2006,0,0,254300.0
P00804,eastgate,1111,1111,2883.0,3,2.0,1.5,8,4,1931,0,0,360400.0
P00805,eastgate,1336,1336,2432.0,3,1.0,1.5,9,1,1947,0,0,413900.0
P00806,riverside,1365,1365,5528.0,3,2.0,2.0,12,5,1919,0,0,515100.0
P00807,riverside,1324,1324,11726.0,3,1.5,1.5,9,5,1929,0,0,338700.0
P00808,riverside,1614,1614,2635.0,3,2.0,1.5,12,1,1989,0,0,640800.0
P00809,old_town,653,653,1017.0,1,1.0,1.0,12,5,1934,0,0,459800.0
P00810,old_town,2938,2325,9189.0,4,3.0,2.0,11,4,1980,0,1,909300.0
P00811,downtown,2688,1945,5759.0,4,3.0,2.0,5,2,1906,0,0,553200.0
P00812,eastgate,1227,1227,1660.0,2,1.5,1.0,10,2,2020,0,0,524500.0
P00813,old_town,2230,1638,5005.0,4,2.5,2.5,6,1,2015,2023,0,239900.0
P00814,old_town,2251,1944,7240.0,4,2.5,1.5,3,5,1906,0,0,309500.0
P00815,eastgate,2207,2207,6832.0,2,1.0,2.0,6,5,2017,0,0,495200.0
P00816,eastgate,2108,2108,4736.0,4,2.0,1.0,12,3,1991,0,1,817900.0
P00817,eastgate,931,931,3565.0,1,1.0,1.5,6,3,1923,0,0,256500.0
P00818,hilltop,558,558,1894.0,1,1.0,1.0,5,5,1946,0,0,356700.0
P00819,riverside,1215,1215,2201.0,2,2.0,1.5,4,5,1976,0,0,417400.0
P00820,lakeview,1188,1188,2047.0,2,1.5,2.5,4,1,1991,0,0,349500.0
P00821,hilltop,1157,1157,,2,1.5,1.0,6,3,1907,0,0,277600.0
P00822,eastgate,2499,2010,9228.0,3,2.0,2.0,8,3,2016,0,0,512000.0
P00823,lakeview,1321,1321,4925.0,2,2.0,1.0,6,3,1951,0,0,474300.0
P00824,riverside,1231,1231,4155.0,2,1.5,1.5,10,1,1923,0,0,439100.0
P00825,downtown,2607,1885,9802.0,3,2.0,2.0,4,2,1962,0,0,515700.0
P00826,downtown,4910,3975,9565.0,8,5.0,2.0,3,2,2016,0,0,623800.0
P00827,downtown,1702,1412,5030.0,3,2.5,1.5,6,5,2020,0,0,438000.0
P00828,hilltop,1907,1907,4949.0,4,2.5,2.0,7,5,2019,0,0,493600.0
P00829,lakeview,1974,1974,7083.0,3,2.5,1.5,8,1,1963,1998,0,791300.0
P00830,hilltop,1426,1426,9241.0,3,3.0,2.0,7,5,1951,0,0,454900.0
P00831,old_town,2787,2787,13154.0,5,4.0,1.0,11,1,1966,1986,0,492900.0
P00832,riverside,1119,1119,2913.0,3,2.0,2.5,3,3,1985,0,0,248000.0
P00833,downtown,1965,1965,6757.0,3,2.0,2.0,11,3,1978,0,0,715000.0
P00834,hilltop,2026,2026,12358.0,3,2.5,1.5,7,4,1933,0,0,677200.0
P00835,old_town,2450,2450,3053.0,5,3.5,2.0,10,5,2005,0,0,665200.0
P00836,riverside,1042,769,2480.0,1,1.0,1.0,11,3,1980,1999,0,443400.0
P00837,eastgate,1214,1214,2251.0,2,1.5,1.0,10,1,1906,0,0,309100.0
P00838,eastgate,1945,1945,3149.0,4,2.5,1.5,4,2,1942,0,0,324400.0
P00839,riverside,1456,1218,6368.0,2,1.5,1.5,7,2,2007,0,0,321800.0
P00840,lakeview,1388,1388,6228.0,2,1.5,1.0,11,3,1935,0,0,497500.0
P00841,downtown,1413,1227,5694.0,1,1.5,2.0,8,4,2002,1991,0,370900.0
P00842,eastgate,3127,2265,4428.0,5,3.0,1.0,5,4,1951,0,0,587200.0
P00843,riverside,821,821,2172.0,1,1.0,1.5,8,5,1996,1996,0,380900.0
P00844,downtown,1103,1103,4666.0,1,1.0,1.5,10,4,1951,0,0,561000.0
P00845,old_town,2632,2103,4051.0,5,3.5,2.0,6,1,1918,0,0,303500.0
P00846,hilltop,1980,1509,3731.0,3,1.5,1.5,11,4,1981,0,0,703100.0
P00847,hilltop,2199,2199,8565.0,2,1.5,2.0,7,4,1928,0,0,1507600.0
P00848,old_town,1757,1757,3506.0,3,2.5,1.5,9,5,1934,0,0,375600.0
P00849,downtown,2486,2486,7325.0,4,2.0,1.5,8,2,1985,0,0,643800.0
P00850,hilltop,1774,1298,6475.0,3,2.0,1.5,4,2,1969,0,0,316400.0
P00851,downtown,1291,1291,6183.0,3,2.0,2.0,6,2,1970,0,0,323200.0
P00852,eastgate,1346,1346,3159.0,3,2.5,1.5,10,1,1933,0,0,285600.0
P00853,eastgate,1944,1944,3984.0,3,1.5,1.0,10,2,1910,0,0,365700.0
P00854,hilltop,1679,1679,11122.0,2,1.0,1.0,8,3,1945,0,0,576400.0
P00855,eastgate,1519,1519,5110.0,3,2.5,2.5,4,3,1976,0,0,219900.0
P00856,hilltop,3045,2318,26619.0,5,3.5,1.5,7,5,1954,0,0,1070800.0
P00857,old_town,1210,923,7103.0,3,2.0,2.0,8,2,1934,0,0,217000.0
P00858,downtown,2576,2025,10039.0,4,2.0,1.5,5,5,1935,0,0,464000.0
P00859,downtown,1369,1028,6475.0,3,2.5,2.5,9,1,1965,0,0,346700.0
P00860,downtown,3381,2476,14536.0,5,4.0,2.0,11,3,1955,0,0,767000.0
P00861,lakeview,991,858,2074.0,1,1.0,2.0,12,1,1956,0,0,482500.0
P00862,downtown,2138,2138,6315.0,3,1.5,2.5,4,4,1936,0,0,294600.0
P00863,eastgate,1386,1143,8660.0,2,1.0,1.0,9,5,1992,0,0,516000.0
P00864,riverside,1454,1454,800.0,2,1.0,1.0,11,3,1913,0,0,409100.0
P00865,old_town,5555,4547,21197.0,9,6.5,1.5,6,3,1959,0,0,686500.0
P00866,hilltop,901,901,2703.0,1,1.0,2.0,4,2,1924,0,0,236400.0
P00867,hilltop,2239,1873,8558.0,3,1.5,1.0,3,2,1960,0,0,258600.0
P00868,lakeview,1368,1163,6821.0,2,1.0,1.0,5,1,1987,0,0,364900.0
P00869,downtown,818,818,2757.0,1,1.0,2.0,12,3,1938,0,0,330000.0
P00870,old_town,1387,1166,5899.0,3,1.5,3.0,5,4,1988,0,0,280900.0
P00871,downtown,1636,1336,6928.0,2,1.5,1.5,5,2,1989,0,0,280000.0
P00872,hilltop,1227,1227,4098.0,2,1.5,2.0,7,2,1970,1996,0,371700.0
P00873,riverside,2739,2739,16433.0,5,3.0,1.5,10,4,1988,0,0,758000.0
P00874,downtown,4052,3261,9505.0,6,4.0,2.5,3,5,2019,0,0,529900.0
P00875,eastgate,3234,3234,9455.0,5,2.5,1.5,4,3,1979,0,0,419200.0
P00876,old_town,2341,1700,8435.0,4,2.5,1.5,4,3,1922,2015,0,312400.0
P00877,lakeview,1704,1704,2813.0,2,1.0,1.0,7,4,1982,0,0,671300.0
P00878,downtown,1069,1069,3658.0,1,1.0,1.0,10,5,1995,1995,0,581900.0
P00879,riverside,1504,1504,,3,2.5,1.0,8,5,1956,0,0,385600.0
P00880,old_town,3044,2590,8504.0,5,3.5,1.0,4,5,2006,0,0,556500.0
P00881,downtown,1129,1129,8084.0,2,1.0,2.0,7,4,2014,1987,0,393600.0
P00882,riverside,1100,1100,,1,1.0,2.5,10,2,1936,0,0,376900.0
P00883,downtown,4224,4224,4526.0,2,1.0,2.0,6,5,1964,0,0,2237400.0
P00884,hilltop,2851,2851,3163.0,5,2.5,1.0,9,2,1922,0,0,550500.0
P00885,old_town,1175,1175,3344.0,2,1.5,1.5,3,5,1955,0,0,212400.0
P00886,eastgate,1099,890,3595.0,1,1.5,1.0,4,2,1927,0,0,309100.0
P00887,downtown,1284,1284,1114.0,2,1.0,2.0,10,5,1943,0,0,434000.0
P00888,eastgate,2584,2584,22369.0,5,3.0,1.5,3,3,1922,0,0,214400.0
P00889,downtown,918,918,2964.0,2,1.0,1.5,4,3,1901,0,1,392800.0
P00890,hilltop,2280,2280,4474.0,3,1.5,1.5,4,1,1954,0,0,535300.0
P00891,riverside,1938,1938,3797.0,3,1.5,1.0,3,5,1956,1998,0,352400.0
P00892,eastgate,2303,2303,4646.0,4,3.5,1.0,10,5,1986,0,0,872300.0
P00893,eastgate,1220,949,1922.0,3,2.0,1.0,7,1,1932,0,0,270100.0
P00894,eastgate,2329,1901,4835.0,4,2.5,1.0,5,1,1905,0,0,218100.0
P00895,lakeview,1185,1185,1915.0,1,1.0,1.5,10,5,2009,2011,0,866000.0
P00896,old_town,1372,1372,5912.0,2,1.0,2.5,6,5,1945,0,0,308200.0
P00897,eastgate,1607,1309,,2,1.0,1.0,10,2,1927,0,0,334500.0
P00898,old_town,2053,1515,,3,2.0,1.0,4,1,2004,0,0,226300.0
P00899,eastgate,1911,1911,7906.0,3,2.0,1.0,11,1,1937,2002,0,456700.0
P00900,hilltop,1337,1337,6085.0,2,1.0,1.5,6,2,1987,0,0,537200.0
P00901,lakeview,1832,1832,10504.0,3,2.0,2.0,7,5,1919,0,0,489500.0
P00902,eastgate,1179,1179,1452.0,2,1.5,1.0,3,5,1976,0,0,176300.0
P00903,eastgate,2030,2030,4031.0,4,2.5,1.5,6,3,1985,0,0,384300.0
P00904,eastgate,1091,1091,2388.0,2,1.5,1.5,12,3,1961,0,0,419700.0
P00905,riverside,1325,1325,2126.0,2,1.5,2.5,10,3,2013,0,0,529800.0
P00906,eastgate,3052,3052,7943.0,5,3.5,1.5,12,2,1945,0,0,549900.0
P00907,riverside,2424,2424,20575.0,3,2.0,1.5,12,4,1952,0,0,669100.0
P00908,downtown,1252,1252,2018.0,2,1.0,1.0,10,4,2017,0,0,497700.0
P00909,downtown,1059,808,3962.0,2,1.5,2.0,4,5,1958,0,0,550600.0
P00910,old_town,1257,1257,1994.0,2,1.0,1.5,11,5,1949,0,0,361700.0
P00911,eastgate,1367,1367,,3,2.0,2.0,8,2,1951,1990,0,494300.0
P00912,hilltop,1707,1438,4409.0,3,2.5,2.0,4,1,1906,0,0,489700.0
P00913,downtown,1478,1173,4980.0,3,2.0,2.5,4,1,1940,0,0,234100.0
P00914,eastgate,1477,1477,4593.0,3,2.0,1.0,3,2,1978,1996,0,142600.0
P00915,downtown,1436,1436,1809.0,2,1.0,1.0,10,1,1944,0,0,430000.0
P00916,lakeview,2833,2833,4335.0,5,3.5,1.0,3,5,1968,0,0,400200.0
P00917,eastgate,1316,1316,3904.0,2,1.0,2.0,9,3,1950,0,0,295600.0
P00918,eastgate,2155,2155,10617.0,3,2.5,2.0,10,2,1921,0,0,392800.0
P00919,hilltop,2082,1575,4435.0,3,2.0,2.0,11,3,2009,0,0,538700.0
P00920,downtown,1414,1414,3597.0,4,3.0,1.0,3,5,1931,0,0,461500.0
P00921,lakeview,1831,1383,9610.0,3,2.0,1.5,3,4,1900,0,0,363400.0
P00922,downtown,1269,1027,4192.0,1,1.0,1.5,8,2,1997,0,0,586200.0
P00923,downtown,1420,1420,4759.0,2,1.5,1.5,12,3,1959,0,0,455600.0
P00924,old_town,6380,6380,8325.0,4,2.0,1.0,9,4,1932,0,0,1356200.0
P00925,downtown,1358,1358,5923.0,2,1.0,2.0,4,5,1949,0,0,498800.0
P00926,hilltop,1013,1013,2606.0,1,1.0,1.5,8,1,1930,1990,0,266700.0
P00927,hilltop,615,615,1393.0,1,1.0,1.5,12,2,1945,0,0,438200.0
P00928,lakeview,2203,2203,,4,2.5,1.0,7,2,1922,0,0,350800.0
P00929,riverside,1061,1061,2822.0,3,2.0,2.0,9,3,1976,1999,0,395600.0
P00930,downtown,2764,2764,5884.0,4,2.0,1.0,3,2,1900,0,0,345800.0
P00931,downtown,1764,1462,5676.0,3,1.5,2.0,5,1,1978,0,0,580000.0
P00932,eastgate,876,876,6092.0,1,1.5,1.0,5,4,1935,2013,0,249900.0
P00933,eastgate,1570,1241,5530.0,2,1.0,1.0,5,4,1931,0,0,341200.0
P00934,eastgate,1549,1549,7702.0,1,1.5,1.5,7,3,1944,0,0,269400.0
P00935,old_town,2047,1638,2292.0,4,2.0,1.0,8,2,1963,0,0,515700.0
P00936,hilltop,1274,1274,2312.0,2,1.5,1.0,10,1,1994,0,0,548000.0
P00937,riverside,1558,1558,4971.0,4,3.0,2.0,6,2,1924,0,1,422500.0
P00938,eastgate,1259,1026,4231.0,3,2.0,1.5,10,4,1964,0,0,567800.0
P00939,riverside,1162,1162,2664.0,2,1.5,2.0,11,1,1961,0,0,665200.0
P00940,hilltop,2193,2193,10387.0,4,3.0,1.5,10,5,1925,0,0,957500.0
P00941,hilltop,2137,2137,12240.0,4,2.5,1.0,6,1,1939,2015,0,467900.0
P00942,downtown,1941,1641,4389.0,3,2.0,2.5,6,4,1966,1996,0,464000.0
P00943,downtown,2436,2436,6542.0,3,1.5,2.5,5,3,2007,0,0,399700.0
P00944,riverside,1853,1853,4818.0,5,3.5,1.0,8,3,2006,0,0,768000.0
P00945,old_town,1535,1535,4844.0,2,1.0,2.0,11,2,1905,0,0,461900.0
P00946,downtown,1895,1895,6103.0,4,2.5,1.5,10,1,1972,0,0,362900.0
P00947,hilltop,1466,1466,1457.0,3,2.5,1.0,9,3,1983,0,0,407600.0
P00948,riverside,1566,1566,4294.0,3,1.5,1.5,5,4,1908,0,0,329900.0
P00949,hilltop,2335,1702,,4,2.5,3.5,12,1,1965,0,0,506600.0
P00950,eastgate,1390,1390,4946.0,3,1.5,2.0,7,3,1934,1994,0,410300.0
P00951,eastgate,1885,1885,7417.0,2,1.0,1.0,9,1,1918,0,0,434500.0
P00952,riverside,1148,1148,4752.0,3,2.5,1.5,6,1,1974,0,0,312600.0
P00953,downtown,1656,1656,9002.0,2,1.0,2.0,7,5,1900,0,0,479500.0
P00954,riverside,2431,2431,7022.0,4,2.0,2.5,11,5,1947,0,0,575000.0
P00955,riverside,1368,1368,2064.0,2,1.0,1.5,4,5,1987,2020,0,422100.0
P00956,lakeview,2932,2221,6119.0,4,2.5,1.0,9,5,1977,0,0,1019200.0
P00957,eastgate,2294,2294,10977.0,4,3.0,1.0,9,3,1904,2006,0,516200.0
P00958,downtown,1390,1390,3216.0,1,1.0,2.0,3,3,2016,0,0,406700.0
P00959,riverside,1722,1722,8778.0,2,1.5,1.0,10,4,1986,0,0,884900.0
P00960,eastgate,1729,1277,7289.0,3,2.5,1.5,4,4,1944,0,0,188900.0
P00961,riverside,1347,1347,2767.0,2,1.0,1.0,11,1,1961,0,0,578500.0
P00962,eastgate,807,807,1777.0,1,2.0,2.0,12,2,2015,0,0,471200.0
P00963,downtown,1456,1456,9855.0,3,1.5,2.0,10,1,1955,0,0,457300.0
P00964,lakeview,1653,1653,2453.0,3,1.5,2.5,7,1,1903,0,0,446200.0
P00965,hilltop,1344,1133,4708.0,1,1.0,1.0,5,3,1972,0,0,347800.0
P00966,hilltop,1706,1706,3255.0,3,2.0,1.5,8,4,1923,2013,1,803900.0
P00967,downtown,1482,1099,2935.0,3,2.0,1.5,3,3,1941,0,0,230700.0
P00968,hilltop,963,963,1994.0,2,1.0,1.5,3,3,1991,0,0,257000.0
P00969,riverside,1291,1051,2299.0,2,2.0,1.5,11,1,1963,0,0,473800.0
P00970,riverside,1886,1886,13776.0,2,1.0,2.0,12,5,2006,0,0,927300.0
P00971,riverside,2317,1663,6040.0,4,2.0,2.0,4,2,1971,0,0,617500.0
P00972,lakeview,1407,1047,4659.0,3,2.5,1.5,10,3,1966,2012,0,567300.0
P00973,riverside,1649,1649,2554.0,2,1.5,2.0,10,1,1961,2022,0,572900.0
P00974,eastgate,4857,4196,6771.0,8,5.0,1.5,8,2,1977,0,0,625900.0
P00975,downtown,2436,2436,15487.0,4,2.5,2.5,7,3,2004,0,0,339700.0
P00976,downtown,790,790,1340.0,1,1.0,1.5,7,3,2003,0,0,312100.0
P00977,riverside,2347,2347,6807.0,4,2.0,3.0,7,1,2007,0,0,600400.0
P00978,hilltop,1689,1283,6082.0,3,1.5,1.0,3,1,1923,0,0,209500.0
P00979,lakeview,1416,1073,3136.0,1,1.5,1.5,10,1,2020,0,0,957700.0
P00980,downtown,1973,1973,4474.0,4,2.5,1.5,8,3,2020,0,0,582500.0
P00981,lakeview,2358,2358,9800.0,5,2.5,2.0,7,5,2019,0,0,784200.0
P00982,hilltop,1716,1716,4918.0,3,1.5,1.0,5,5,1967,0,0,395100.0
P00983,eastgate,2458,2458,15604.0,4,2.5,1.5,5,2,1910,0,0,240400.0
P00984,eastgate,2714,2714,3649.0,4,2.5,1.5,3,2,1978,0,0,351600.0
P00985,old_town,1670,1670,4344.0,3,2.0,2.0,8,3,1981,0,0,585300.0
P00986,hilltop,1607,1253,1748.0,3,2.5,2.0,8,2,1997,2019,0,434600.0
P00987,hilltop,1631,1359,6817.0,3,2.0,1.0,4,5,1914,0,0,323300.0
P00988,eastgate,716,716,2971.0,1,1.0,2.0,11,1,1969,0,0,329800.0
P00989,eastgate,1536,1327,12106.0,3,2.0,1.0,4,3,1914,0,0,192200.0
P00990,old_town,1256,1256,3298.0,2,1.0,2.0,5,3,1914,0,0,177000.0
P00991,eastgate,1246,1246,3636.0,2,1.5,1.5,6,5,1903,0,0,288300.0
P00992,eastgate,2428,2428,24321.0,4,3.0,1.0,5,5,1919,2012,0,306400.0
P00993,old_town,2191,1667,10256.0,4,2.5,1.5,11,4,2006,0,0,486400.0
P00994,lakeview,982,982,,1,1.0,1.5,10,5,1957,0,1,394000.0
P00995,eastgate,3277,2617,8669.0,5,3.5,1.5,3,4,1950,0,0,298900.0
P00996,eastgate,1624,1624,,3,2.0,2.0,12,2,1917,0,0,685200.0
P00997,riverside,778,778,1863.0,1,1.0,2.0,10,4,1978,0,0,342300.0
P00998,riverside,1188,1009,922.0,3,1.0,1.0,9,1,1901,0,0,441300.0
P00999,eastgate,1157,1157,2187.0,2,1.5,1.0,11,5,2017,0,0,525700.0
P01000,eastgate,1322,1322,6653.0,2,1.5,2.0,9,1,1985,0,0,432100.0
P01001,hilltop,2822,2822,12771.0,5,3.5,2.0,7,5,2009,0,0,592200.0
P01002,old_town,1469,1469,1582.0,2,1.0,1.5,11,3,1954,2003,0,391300.0
P01003,lakeview,1838,1581,5674.0,4,3.0,1.0,7,1,1966,0,0,396500.0
P01004,downtown,2134,2134,6666.0,3,2.0,1.5,12,5,1907,0,0,565000.0
P01005,riverside,1259,1259,2178.0,2,1.5,1.5,5,5,1991,2009,0,486900.0
P01006,old_town,1921,1921,11720.0,4,3.0,1.5,6,2,1965,0,0,247000.0
P01007,eastgate,2320,2320,7323.0,3,2.5,1.5,12,4,1947,0,0,294100.0
P01008,downtown,3615,2682,12531.0,6,3.5,1.0,10,4,2003,0,0,537900.0
P01009,old_town,999,999,5718.0,2,1.0,2.0,12,1,1958,0,0,436000.0
P01010,downtown,1533,1533,3938.0,2,1.5,1.5,10,2,1911,0,0,424800.0
P01011,downtown,1352,1352,3296.0,2,2.0,2.0,7,3,1971,0,0,307800.0
P01012,old_town,2310,2310,10030.0,4,2.5,1.5,10,3,1924,0,0,372100.0
P01013,riverside,969,969,3572.0,1,1.0,1.5,4,3,1959,2014,0,278800.0
P01014,old_town,1369,1369,6612.0,3,1.5,1.5,12,4,1999,0,0,833000.0
P01015,eastgate,1749,1749,8932.0,4,3.0,1.5,7,3,1961,0,0,384800.0
P01016,old_town,1103,1103,10922.0,1,1.0,2.5,12,1,1945,0,0,346400.0
P01017,eastgate,1014,1014,1597.0,1,1.0,2.0,11,5,2002,0,0,583400.0
P01018,old_town,1639,1208,8384.0,3,2.0,1.0,5,5,1949,0,0,261900.0
P01019,downtown,777,777,2361.0,2,1.5,1.5,10,5,1907,0,0,426100.0
P01020,eastgate,1819,1485,3792.0,4,3.0,1.0,5,4,1915,0,0,288400.0
P01021,riverside,817,817,4210.0,2,1.0,2.0,6,1,2004,0,0,382500.0
P01022,hilltop,1643,1643,4188.0,2,2.0,1.5,6,4,1911,0,0,226100.0
P01023,lakeview,4335,3225,14513.0,8,5.0,2.0,4,3,2012,0,0,713600.0
P01024,lakeview,2242,2242,8167.0,3,2.5,1.5,9,2,1971,0,0,759300.0
P01025,eastgate,1619,1303,4180.0,4,2.5,1.5,7,5,2022,0,0,413300.0
P01026,downtown,1787,1787,3555.0,2,1.5,1.0,11,2,1936,0,0,502400.0
P01027,hilltop,1900,1900,6048.0,2,2.5,2.0,10,2,1933,0,0,641900.0
P01028,eastgate,1396,1396,10246.0,2,1.5,2.0,7,1,1994,0,0,388800.0
P01029,eastgate,1468,1468,,2,1.0,1.0,10,1,2002,0,0,452200.0
P01030,old_town,2424,2070,6853.0,4,3.5,2.0,5,3,1934,0,0,270300.0
P01031,riverside,1285,1285,8033.0,2,1.0,1.5,8,1,1903,0,0,511700.0
P01032,lakeview,829,653,3111.0,1,1.0,1.0,7,5,1995,0,0,721300.0
P01033,downtown,3294,3294,15350.0,6,4.5,1.5,3,4,1953,0,0,413400.0
P01034,eastgate,1650,1650,3694.0,2,1.0,2.5,9,4,2005,0,0,455300.0
P01035,old_town,780,621,5405.0,2,1.5,1.0,8,5,1920,0,0,388100.0
P01036,downtown,1401,1401,1930.0,3,2.0,2.0,5,2,1959,0,0,337100.0
P01037,eastgate,2037,2037,7388.0,3,2.5,1.0,11,3,1907,0,0,331500.0
P01038,downtown,2197,1782,6940.0,4,2.5,1.5,9,1,1978,0,0,408700.0
P01039,downtown,2490,1991,5080.0,3,2.0,2.0,4,3,2000,0,0,478800.0
P01040,eastgate,2129,2129,9934.0,4,2.5,1.5,5,2,2008,0,0,359000.0
P01041,hilltop,1993,1993,9616.0,2,1.0,1.0,3,2,1988,0,0,275800.0
P01042,downtown,1442,1442,6267.0,3,2.0,1.0,3,3,2019,0,0,359800.0
P01043,downtown,792,792,2641.0,1,1.0,1.5,10,1,1974,2008,0,467900.0
P01044,hilltop,4541,3770,18963.0,7,5.0,1.0,12,3,1951,0,0,1079300.0
P01045,eastgate,1509,1509,10907.0,2,2.0,2.5,11,3,2004,0,0,615600.0
P01046,hilltop,646,646,,1,1.0,1.5,3,2,1958,0,0,375500.0
P01047,eastgate,1043,1043,1787.0,3,2.0,2.0,6,4,1988,0,0,400900.0
P01048,riverside,2065,2065,16808.0,4,2.5,1.5,9,5,1934,0,0,573800.0
P01049,hilltop,1278,1278,,2,1.5,1.5,3,2,2016,0,0,354900.0
P01050,downtown,1860,1860,4050.0,4,2.5,1.5,6,4,1932,0,0,299900.0
P01051,lakeview,1197,1197,2555.0,2,1.0,1.5,9,3,1905,2020,0,365500.0
P01052,hilltop,2786,2786,9424.0,4,3.0,2.0,9,4,2004,0,0,646000.0
P01053,downtown,2114,2114,5248.0,4,4.0,1.0,8,1,1982,0,0,357800.0
P01054,hilltop,1200,1200,,3,2.5,1.5,6,3,1903,2003,0,436300.0
P01055,old_town,1641,1641,6662.0,2,1.0,1.0,12,5,2002,0,0,585900.0
P01056,lakeview,1676,1676,5186.0,3,2.0,1.5,4,1,1969,0,0,427300.0
P01057,riverside,1460,1460,2141.0,2,1.0,1.0,8,1,2021,0,0,618400.0
P01058,old_town,4293,3254,25000.0,7,4.5,1.5,5,3,2002,0,0,555700.0
P01059,lakeview,3391,2712,7960.0,6,4.0,1.0,12,3,1934,0,0,910400.0
P01060,lakeview,2454,1956,8168.0,4,2.5,1.5,6,2,1912,0,0,576400.0
P01061,old_town,1089,1089,3064.0,1,1.0,1.0,8,2,1918,0,0,158200.0
P01062,hilltop,1518,1241,4613.0,3,2.0,1.5,6,5,1967,0,0,411900.0
P01063,eastgate,924,924,5816.0,1,1.0,1.0,4,1,1926,0,0,177900.0
P01064,old_town,1304,1304,,1,1.0,2.0,5,4,1914,0,0,258300.0
P01065,eastgate,2558,2038,5427.0,4,2.5,1.0,9,5,1933,0,0,397200.0
P01066,hilltop,4153,3570,7770.0,6,4.0,1.0,9,2,1934,0,0,750300.0
P01067,riverside,2394,2394,17041.0,4,3.0,2.5,6,5,1925,0,0,515500.0
P01068,downtown,1613,1190,7483.0,2,1.5,1.0,10,3,1944,0,0,351300.0
P01069,eastgate,3844,3844,3291.0,2,1.5,2.0,10,1,1925,0,0,1144200.0
P01070,downtown,2538,1928,16334.0,5,2.5,1.5,12,3,1911,0,0,631900.0
P01071,hilltop,1176,1176,7183.0,2,1.0,2.0,11,1,1915,0,0,569300.0
P01072,hilltop,2192,2192,6562.0,4,2.5,1.0,7,3,1968,0,0,773500.0
P01073,riverside,2226,1745,6806.0,4,2.0,3.0,9,2,1957,0,0,573500.0
P01074,old_town,1399,1399,3501.0,3,2.0,2.0,6,2,2006,0,0,298600.0
P01075,downtown,1214,1214,3790.0,2,1.0,2.0,10,2,1953,0,0,833200.0
P01076,downtown,1317,1317,2581.0,2,2.0,2.5,5,5,2009,0,0,244300.0
P01077,riverside,898,898,3947.0,1,1.0,1.0,6,2,1912,0,0,296300.0
P01078,old_town,1496,1496,3002.0,3,2.5,1.5,11,2,1996,0,0,514600.0
P01079,eastgate,2086,1743,5686.0,3,2.0,1.5,9,4,1995,2003,0,633900.0
P01080,eastgate,1640,1640,7863.0,2,1.0,1.5,7,4,1983,0,0,401400.0
P01081,hilltop,1383,1383,3524.0,2,1.0,1.0,10,5,1964,0,0,560600.0
P01082,riverside,1558,1558,2731.0,3,1.0,1.5,10,5,1992,0,0,499200.0
P01083,lakeview,1750,1750,2459.0,3,2.0,1.5,7,3,2004,0,0,681700.0
P01084,old_town,1278,998,3376.0,3,2.0,1.0,4,5,1903,0,0,312900.0
P01085,lakeview,1621,1621,10797.0,2,1.5,2.0,3,2,1969,0,0,306900.0
P01086,hilltop,2464,1793,4436.0,3,2.5,1.5,12,2,2000,0,0,599100.0
P01087,riverside,4729,4729,5258.0,3,1.0,2.0,12,5,2015,0,0,5700000.0
P01088,eastgate,2480,1811,9475.0,3,2.0,1.5,4,1,1979,2021,0,266000.0
P01089,old_town,1854,1534,7385.0,3,1.5,3.0,9,1,2012,0,0,312200.0
P01090,lakeview,1814,1814,5815.0,3,1.5,1.0,4,1,1922,2021,0,360600.0
P01091,old_town,1551,1551,5891.0,2,2.0,2.5,8,2,2015,1998,0,302000.0
P01092,downtown,948,948,3791.0,1,1.0,1.5,7,2,1954,0,1,398400.0
P01093,lakeview,2261,1961,6395.0,4,3.5,3.0,7,5,1946,0,1,798000.0
P01094,eastgate,1528,1528,5980.0,3,2.0,2.5,3,1,1982,0,0,251400.0
P01095,lakeview,2878,2878,9764.0,6,3.5,1.5,10,5,1942,0,0,861800.0
P01096,lakeview,1655,1655,9604.0,2,2.0,2.5,5,5,2003,0,0,436200.0
P01097,downtown,2721,2036,,6,3.5,1.0,7,2,2015,0,0,620900.0
P01098,hilltop,969,969,1395.0,2,1.0,2.0,4,4,1931,0,1,536900.0
P01099,eastgate,1355,1355,1818.0,3,2.0,1.5,9,5,1908,0,0,528600.0
P01100,riverside,1484,1152,6344.0,2,1.0,1.0,6,1,2022,1992,0,521500.0
P01101,downtown,3022,3022,3888.0,5,4.0,1.5,5,3,1918,0,0,583000.0
P01102,downtown,1788,1405,5437.0,2,2.0,1.5,9,4,1963,0,0,539000.0
P01103,hilltop,1736,1736,2705.0,2,1.0,1.5,11,2,1984,0,0,647100.0
P01104,hilltop,905,905,3754.0,2,1.0,1.0,7,2,1997,0,0,394500.0
P01105,downtown,1747,1747,3225.0,3,2.0,2.0,4,2,1953,0,0,250000.0
P01106,riverside,1869,1869,5832.0,3,2.0,1.0,10,2,1979,0,0,585000.0
P01107,hilltop,807,807,3290.0,2,1.0,1.5,12,5,1941,0,0,574800.0
P01108,downtown,1838,1358,10821.0,3,1.5,2.5,9,3,1903,0,0,404000.0
P01109,downtown,1662,1662,7594.0,2,2.0,2.0,5,2,1913,0,0,414500.0
P01110,riverside,1462,1154,1617.0,3,2.0,2.5,3,5,2003,0,0,367100.0
P01111,old_town,1752,1752,4030.0,3,2.0,1.5,5,3,2012,2011,0,403100.0
P01112,old_town,1127,1127,6806.0,2,1.0,2.0,3,1,1937,0,0,161500.0
P01113,hilltop,761,761,2244.0,1,1.0,1.5,10,1,1948,0,0,476900.0
P01114,hilltop,2108,2108,10944.0,3,2.5,1.5,5,1,1966,0,0,368600.0
P01115,eastgate,1239,1239,3757.0,1,1.0,2.0,12,3,1972,0,0,369100.0
P01116,eastgate,2481,1914,2393.0,4,2.5,1.0,11,1,1968,0,0,517800.0
P01117,hilltop,2802,2802,6840.0,4,2.5,1.0,10,2,1968,2004,0,634700.0
P01118,old_town,2307,1669,12748.0,3,2.0,1.5,10,5,2000,0,0,650400.0
P01119,riverside,2445,2445,4730.0,5,3.0,1.5,11,1,1953,0,0,666400.0
P01120,eastgate,1260,1260,6281.0,3,1.0,2.5,10,1,2010,1990,0,408300.0
P01121,old_town,2824,2060,4455.0,6,4.0,1.5,10,3,1950,0,0,336300.0
P01122,downtown,2570,1978,7660.0,4,2.5,1.5,10,5,1957,1995,0,570000.0
P01123,downtown,1531,1531,,3,2.0,2.5,6,1,1972,2005,0,292500.0
P01124,eastgate,1824,1824,6390.0,2,1.0,2.0,4,2,1939,0,0,203400.0
P01125,eastgate,1224,1224,4996.0,2,1.5,1.5,9,4,1900,0,0,327300.0
P01126,old_town,2038,1736,5415.0,4,3.5,2.0,6,1,2015,1999,0,302200.0
P01127,eastgate,1363,1363,5107.0,2,1.5,1.0,3,2,2012,0,0,284900.0
P01128,eastgate,2060,2060,3026.0,3,3.0,2.0,11,2,1905,0,0,478200.0
P01129,downtown,1783,1783,3151.0,4,2.5,2.0,4,2,2020,2020,0,411200.0
P01130,downtown,1517,1517,2153.0,3,1.5,2.0,8,3,2004,0,0,404900.0
P01131,hilltop,1054,1054,2464.0,1,1.0,3.0,6,5,1901,0,0,302000.0
P01132,eastgate,1320,1320,3315.0,2,1.0,2.5,7,2,1915,0,0,365100.0
P01133,old_town,1742,1742,3011.0,3,2.0,1.5,5,4,1929,0,0,173500.0
P01134,riverside,1672,1672,4815.0,2,1.5,1.0,10,5,1949,2023,0,775200.0
P01135,riverside,1117,1117,6922.0,2,1.0,1.5,9,5,2013,0,0,491900.0
P01136,riverside,517,517,1505.0,1,1.0,1.5,5,2,1948,0,0,176300.0
P01137,old_town,1432,1432,4667.0,2,1.5,2.5,4,2,2020,0,0,223800.0
P01138,eastgate,1967,1967,10956.0,4,3.5,1.5,4,1,1969,0,0,249700.0
P01139,downtown,2100,2100,12048.0,3,2.0,1.0,3,5,1985,0,0,360900.0
P01140,downtown,946,946,2004.0,1,1.0,1.5,6,5,1987,0,0,409300.0
P01141,hilltop,735,735,2863.0,1,1.5,2.0,12,2,1982,0,0,702800.0
P01142,eastgate,1295,1295,3012.0,2,1.0,2.5,4,4,1971,2017,0,227800.0
P01143,old_town,1599,1599,4602.0,2,1.5,2.0,7,4,1908,0,0,366400.0
P01144,eastgate,1006,1006,977.0,3,1.5,1.5,8,1,1993,0,0,290700.0
P01145,downtown,1343,1343,3946.0,3,2.5,1.5,3,1,2003,0,0,266200.0
P01146,downtown,1445,1445,5360.0,2,2.0,1.0,11,4,1901,0,0,298500.0
P01147,hilltop,1056,1056,5152.0,1,1.0,1.5,6,5,1958,1998,0,399500.0
P01148,hilltop,1514,1514,6403.0,2,1.5,1.0,11,4,1995,0,0,531200.0
P01149,downtown,1275,1275,2615.0,2,2.0,1.0,6,4,2004,0,0,399100.0
P01150,downtown,1030,1030,1803.0,1,1.5,1.5,5,1,1983,0,0,281700.0
P01151,eastgate,2614,2214,3593.0,3,1.5,2.0,8,2,1985,0,0,564600.0
P01152,riverside,1670,1670,4666.0,3,2.5,1.5,10,4,1996,0,0,626300.0
P01153,riverside,1893,1893,6997.0,3,2.0,1.0,8,3,2004,0,0,433000.0
P01154,hilltop,1526,1268,2385.0,3,2.0,2.0,6,4,2008,0,0,843700.0
P01155,hilltop,1579,1579,3892.0,2,1.0,1.0,7,2,1917,0,0,488900.0
P01156,eastgate,2689,2689,9254.0,5,2.0,2.0,9,1,2013,0,0,621600.0
P01157,eastgate,1495,1495,8393.0,2,1.0,1.5,6,2,2016,0,0,399200.0
P01158,eastgate,1078,1078,4496.0,2,1.0,2.0,7,4,2003,2017,0,396900.0
P01159,eastgate,830,830,2373.0,1,1.0,1.0,10,2,1935,0,0,412500.0
P01160,eastgate,1782,1343,5577.0,3,1.5,1.0,9,3,1942,0,0,616600.0
P01161,downtown,1251,1251,2993.0,2,1.0,2.0,7,3,1992,0,0,338900.0
P01162,downtown,2609,1903,,4,2.0,1.0,8,4,2015,0,0,488700.0
P01163,eastgate,1496,1496,1141.0,2,1.0,2.0,8,4,1997,0,0,516900.0
P01164,old_town,1053,1053,7750.0,2,1.5,1.0,5,2,1994,0,0,483400.0
P01165,riverside,1070,1070,2734.0,1,1.0,1.5,12,3,1918,2015,0,548700.0
P01166,hilltop,2275,2275,4098.0,5,3.5,1.0,7,3,1932,0,0,388700.0
P01167,riverside,2656,2656,4082.0,4,3.5,2.0,8,1,1977,0,0,368900.0
P01168,downtown,2327,1978,6441.0,3,2.5,1.0,6,1,1990,0,0,452400.0
P01169,riverside,1875,1875,10267.0,3,1.5,1.5,12,2,2000,0,0,571200.0
P01170,eastgate,3381,3381,4792.0,2,1.5,1.0,11,5,1995,0,0,1673600.0
P01171,eastgate,981,981,4688.0,2,1.5,2.0,10,3,1954,0,0,414600.0
P01172,downtown,1695,1417,1395.0,2,2.0,1.5,10,2,1900,0,0,348600.0
P01173,hilltop,1488,1488,3940.0,2,1.0,1.5,8,2,1983,0,0,536000.0
P01174,hilltop,1581,1581,2663.0,3,2.0,1.5,12,3,1906,0,0,569400.0
P01175,hilltop,1093,1093,5418.0,2,1.5,1.5,10,3,1929,0,0,496500.0
P01176,eastgate,2620,2620,7530.0,3,2.0,2.0,11,5,1918,0,0,671200.0
P01177,old_town,1184,868,1616.0,1,1.0,1.0,11,1,1926,0,0,404900.0
P01178,downtown,823,823,3117.0,1,1.0,2.0,12,2,1963,0,0,493700.0
P01179,downtown,1942,1942,12581.0,3,2.5,1.5,10,2,1918,0,0,463300.0
P01180,lakeview,1252,1252,1615.0,1,1.0,2.0,6,4,1985,0,0,388600.0
P01181,hilltop,1543,1543,8600.0,2,1.5,1.0,6,4,1912,0,0,509600.0
P01182,riverside,1658,1322,3236.0,3,3.0,1.5,5,5,1900,0,0,346900.0
P01183,hilltop,1748,1748,4758.0,2,1.5,1.0,3,5,1948,0,0,260600.0
P01184,eastgate,1379,1379,4582.0,2,1.0,1.0,6,5,1933,0,0,365600.0
P01185,riverside,1490,1490,,2,1.0,1.5,3,1,2004,0,0,266800.0
P01186,old_town,876,732,3062.0,1,1.0,1.5,12,5,1933,0,0,339500.0
P01187,lakeview,2886,2886,10819.0,5,4.0,1.5,9,2,1997,0,0,546500.0
P01188,downtown,2380,2380,6532.0,4,2.5,2.0,10,4,1980,0,0,687300.0
P01189,downtown,1637,1637,3290.0,3,2.0,2.5,3,5,1913,0,0,250500.0
P01190,downtown,1421,1421,7100.0,3,2.5,1.5,5,5,1968,0,0,462200.0
P01191,riverside,1082,932,4244.0,2,1.0,1.5,5,4,1995,1999,0,362400.0
P01192,eastgate,2667,2102,2950.0,5,3.5,2.5,3,3,1955,0,0,310400.0
P01193,downtown,1681,1681,3272.0,2,1.5,1.5,5,1,1914,0,0,313000.0
P01194,downtown,1507,1193,3136.0,2,1.5,2.0,10,4,1921,0,0,545900.0
P01195,old_town,1139,979,1573.0,2,1.0,2.0,8,2,1992,0,0,287100.0
P01196,eastgate,2027,1500,8516.0,4,3.5,1.5,7,2,2002,0,0,340200.0
P01197,riverside,1190,1190,6221.0,2,1.5,2.5,6,2,1976,0,0,369800.0
P01198,eastgate,1423,1087,3712.0,1,1.0,2.0,9,4,1962,2004,0,437000.0
P01199,eastgate,1234,1234,3505.0,1,1.0,1.0,11,5,1992,0,0,435700.0
P01200,riverside,1138,1138,1770.0,1,1.0,2.0,10,5,1987,0,0,650900.0
P01201,hilltop,1661,1319,6677.0,2,1.5,2.5,9,1,1952,0,0,417400.0
P01202,old_town,1540,1540,6003.0,2,1.0,1.0,7,3,1926,0,0,295600.0
P01203,riverside,1768,1768,6228.0,4,2.5,1.0,10,2,2014,0,0,476000.0
P01204,lakeview,1976,1976,,3,1.5,2.0,7,5,1922,0,0,638300.0
P01205,lakeview,2324,2324,3171.0,5,3.0,1.0,11,5,2016,0,0,1005800.0
P01206,lakeview,1439,1064,4926.0,2,1.0,1.0,3,5,2017,0,0,651600.0
P01207,downtown,3427,2910,13206.0,6,3.5,1.0,3,5,1944,0,0,467400.0
P01208,downtown,1285,1059,5968.0,3,1.0,1.0,4,3,2002,0,0,245900.0
P01209,hilltop,2134,2134,6549.0,3,2.0,3.0,9,1,1926,1990,0,340900.0
P01210,lakeview,3041,2507,6705.0,5,3.0,1.0,8,3,2008,0,0,1195200.0
P01211,eastgate,1681,1681,8448.0,2,1.0,1.5,7,1,1907,0,0,289900.0
P01212,downtown,1623,1623,8296.0,2,1.5,2.0,12,5,1987,0,0,703400.0
P01213,downtown,1101,1101,3221.0,2,1.0,1.0,12,3,2015,0,0,677400.0
P01214,riverside,1555,1555,2914.0,2,1.0,2.0,3,2,1973,0,0,488100.0
P01215,eastgate,1898,1898,3409.0,3,1.5,3.0,8,3,1960,1997,0,336500.0
P01216,downtown,2086,2086,,3,1.5,1.5,3,3,2021,0,0,335200.0
P01217,riverside,1783,1520,,3,1.5,1.5,7,4,1972,1994,0,450600.0
P01218,downtown,1483,1126,7240.0,2,1.5,1.0,7,3,1945,1997,0,422500.0
P01219,downtown,1881,1881,7125.0,4,2.5,1.0,3,2,1908,0,0,224100.0
P01220,downtown,1422,1422,7403.0,2,1.0,1.5,6,3,1945,0,0,276300.0
P01221,downtown,1794,1794,6093.0,3,1.5,1.5,11,3,1950,0,0,523600.0
P01222,eastgate,2042,2042,2536.0,4,2.5,2.0,11,4,1977,0,0,526700.0
P01223,hilltop,1512,1288,1349.0,1,1.0,1.5,9,5,1948,0,0,558400.0
P01224,hilltop,1053,1053,,2,1.0,1.5,5,3,1993,2013,0,383300.0
P01225,hilltop,1628,1259,3464.0,3,2.0,2.5,6,2,1978,0,0,405500.0
P01226,old_town,2118,2118,5783.0,4,2.5,1.5,7,1,1967,0,0,301400.0
P01227,eastgate,2170,2170,3680.0,4,3.0,3.0,4,4,1992,0,1,684300.0
P01228,hilltop,869,869,,2,1.5,2.0,12,3,1976,0,0,488300.0
P01229,eastgate,2099,2099,7778.0,3,2.0,3.0,11,2,1956,0,0,338600.0
P01230,old_town,2093,1551,7063.0,2,1.5,1.0,4,1,1993,0,0,251200.0
P01231,downtown,2045,1527,3996.0,4,3.0,1.5,10,4,1916,0,0,484100.0
P01232,riverside,1416,1416,2822.0,2,1.5,1.5,3,2,1976,0,0,252100.0
P01233,eastgate,1482,1237,4379.0,2,1.0,2.0,9,1,1910,0,1,537100.0
P01234,lakeview,1598,1232,2441.0,3,1.5,2.0,11,4,1934,0,0,712600.0
P01235,riverside,2101,1694,,4,2.0,1.5,7,1,2002,2014,0,418400.0
P01236,lakeview,3529,2796,21820.0,5,3.5,2.0,6,1,1946,1987,0,786000.0
P01237,old_town,1243,1243,,2,2.0,2.5,6,4,1990,0,0,275400.0
P01238,riverside,1604,1604,1786.0,2,1.5,2.0,8,4,1971,0,0,361600.0
P01239,eastgate,1472,1472,2006.0,1,1.0,1.0,4,4,1962,0,0,251400.0
P01240,old_town,2041,2041,5504.0,3,2.5,1.0,4,2,1932,0,0,263300.0
P01241,eastgate,1851,1851,5519.0,3,1.5,1.5,9,3,1934,0,0,568500.0
P01242,riverside,1955,1589,6740.0,3,2.0,2.0,3,5,1949,0,0,305100.0
P01243,lakeview,2292,1706,26586.0,4,2.5,2.5,6,2,1940,2010,0,495900.0
P01244,downtown,747,747,5040.0,2,2.0,1.5,4,4,1936,0,0,224900.0
P01245,hilltop,1198,926,1788.0,2,1.0,2.5,5,2,1949,0,0,351200.0
P01246,lakeview,1482,1102,4347.0,3,2.0,2.5,6,1,1983,0,0,319100.0
P01247,lakeview,1812,1336,5183.0,4,3.0,2.0,3,5,1951,0,0,520800.0
P01248,old_town,3044,2517,14451.0,5,3.0,2.0,11,5,1931,0,0,498500.0
P01249,lakeview,2458,1765,5171.0,4,2.5,1.0,5,5,1960,0,0,990000.0
P01250,eastgate,2283,1712,3222.0,3,2.0,1.0,7,3,1905,0,0,228700.0
P01251,riverside,2506,1795,19445.0,4,2.5,1.5,11,3,1929,2006,0,610600.0
P01252,eastgate,2054,1773,10288.0,3,1.5,2.5,3,4,1914,0,0,159600.0
P01253,lakeview,1599,1315,6171.0,3,2.0,1.5,5,5,1974,0,0,453600.0
P01254,eastgate,1508,1508,6270.0,2,1.5,1.0,11,1,1951,0,0,608100.0
P01255,downtown,1457,1175,6290.0,2,1.0,1.5,6,2,1944,1992,0,381000.0
P01256,hilltop,899,899,2541.0,2,1.5,1.0,12,4,1943,0,0,458000.0
P01257,hilltop,2248,2248,5626.0,2,1.0,2.0,6,3,1954,0,0,422500.0
P01258,eastgate,3176,3176,17772.0,5,2.0,2.0,4,4,2005,0,0,324600.0
P01259,old_town,1656,1429,9956.0,3,2.0,1.0,9,5,1933,0,0,321100.0
P01260,old_town,2392,1875,11033.0,3,2.0,2.5,7,4,1998,0,0,709500.0
P01261,lakeview,1586,1369,4332.0,3,1.5,1.5,4,3,1938,0,0,397900.0
P01262,eastgate,1182,1182,4688.0,2,1.0,2.5,7,5,1973,0,0,391600.0
P01263,downtown,2361,2361,5818.0,4,4.0,2.5,11,5,1929,0,0,598500.0
P01264,downtown,1248,1069,1420.0,2,1.0,2.0,9,5,1980,0,0,447700.0
P01265,downtown,667,667,1904.0,1,1.0,2.5,12,3,1959,0,0,449100.0
P01266,hilltop,1636,1636,5719.0,2,1.0,1.0,4,2,1940,1996,0,401600.0
P01267,downtown,2109,1538,3438.0,4,2.5,1.0,6,5,2002,0,0,395200.0
P01268,eastgate,1486,1486,3568.0,3,2.5,1.5,3,3,1984,0,0,285400.0
P01269,eastgate,3146,2578,4377.0,5,4.0,1.5,3,3,1967,0,0,378300.0
P01270,hilltop,1803,1803,1857.0,3,2.0,1.5,9,2,1998,0,0,424500.0
P01271,old_town,3240,3240,4502.0,6,4.0,1.0,8,2,2019,0,0,504700.0
P01272,old_town,3272,2387,19189.0,5,3.0,1.5,8,2,1959,2009,0,493400.0
P01273,riverside,1444,1444,,2,1.0,2.0,10,5,1997,0,0,960400.0
P01274,downtown,2142,1808,4218.0,4,2.5,2.0,5,5,1905,0,0,360500.0
P01275,lakeview,2017,1617,8783.0,3,1.5,1.5,5,5,1910,0,0,566800.0
P01276,eastgate,1134,1134,4462.0,2,1.0,1.0,10,1,1931,1987,0,305300.0
P01277,hilltop,2228,1730,8743.0,3,2.0,1.0,11,1,1937,2012,0,522800.0
P01278,riverside,2263,1687,5168.0,4,2.0,1.5,12,2,1968,0,0,542900.0
P01279,eastgate,2101,2101,3663.0,3,2.0,2.0,4,5,1956,0,0,264900.0
P01280,downtown,1929,1929,16157.0,2,1.5,2.0,5,3,1936,1997,0,328100.0
P01281,hilltop,1945,1945,8817.0,2,1.5,1.5,5,4,1944,0,0,483500.0
P01282,eastgate,1907,1907,6366.0,3,1.5,2.5,3,1,1900,0,0,185800.0
P01283,eastgate,1633,1633,,2,2.0,1.5,7,5,2007,0,0,458400.0
P01284,hilltop,1867,1867,3288.0,4,3.5,2.0,3,2,1997,1993,0,321800.0
P01285,downtown,1575,1575,,3,1.5,1.5,9,2,1926,0,0,395800.0
P01286,downtown,973,973,3665.0,3,2.0,1.5,8,3,2001,0,0,222900.0
P01287,hilltop,1359,1359,2804.0,2,1.5,2.0,10,3,2006,0,0,408200.0
P01288,eastgate,1391,1391,1665.0,3,1.5,1.0,3,4,1935,0,0,213800.0
P01289,downtown,2020,1604,13099.0,4,2.5,1.5,10,2,1980,0,0,564400.0
P01290,eastgate,2856,2856,3021.0,3,2.5,2.0,10,4,1944,0,0,712400.0
P01291,riverside,1465,1465,2581.0,3,2.0,1.0,10,3,1904,0,0,441600.0
P01292,eastgate,1038,1038,3013.0,2,1.0,3.0,9,3,1994,0,0,321600.0
P01293,hilltop,1440,1440,4313.0,2,1.0,1.5,9,2,1949,0,0,462900.0
P01294,lakeview,2008,1484,5731.0,3,1.5,1.0,5,5,2011,0,0,554100.0
P01295,riverside,2916,2916,3448.0,5,3.0,1.0,11,4,1961,2011,0,1063600.0
P01296,eastgate,1346,1095,6180.0,1,1.0,1.5,9,1,2001,0,0,301800.0
P01297,hilltop,2508,2008,5846.0,3,2.5,1.5,11,4,1912,0,0,719000.0
P01298,riverside,1443,1219,2040.0,2,2.0,1.0,6,5,1967,0,0,451900.0
P01299,eastgate,1982,1720,5730.0,3,1.5,2.0,9,3,1932,0,0,375200.0
P01300,old_town,3069,3069,8029.0,5,2.5,2.5,12,1,2011,0,0,480800.0
P01301,eastgate,2962,2962,26339.0,5,3.0,1.5,5,5,1958,0,0,417400.0
P01302,downtown,1666,1666,3022.0,3,1.5,3.0,11,5,1900,0,0,467900.0
P01303,eastgate,1273,1273,6742.0,3,2.0,2.5,6,4,1926,2015,0,298900.0
P01304,old_town,2262,2262,21084.0,5,3.0,1.5,12,4,1955,0,0,616900.0
P01305,hilltop,1149,1149,3390.0,1,1.5,1.5,9,4,1991,0,0,530900.0
P01306,eastgate,1512,1512,4872.0,3,2.0,2.0,6,2,1964,0,0,345600.0
P01307,downtown,1929,1929,2152.0,3,2.0,1.5,9,2,2017,0,0,494700.0
P01308,old_town,798,588,1821.0,2,1.0,1.5,4,2,1926,0,0,212800.0
P01309,hilltop,2543,2543,,5,2.5,2.0,10,4,1965,0,0,738300.0
P01310,lakeview,1303,1303,4528.0,2,1.0,1.0,7,3,1916,0,0,420500.0
P01311,riverside,1066,1066,1094.0,2,1.5,1.0,12,2,1944,1987,0,556000.0
P01312,riverside,2674,2674,5475.0,5,2.5,2.0,5,1,1966,0,0,394600.0
P01313,eastgate,1636,1636,6306.0,2,1.0,1.0,11,3,2008,0,0,532800.0
P01314,riverside,1122,1122,5338.0,3,2.0,1.5,3,2,1987,0,0,472400.0
P01315,hilltop,2694,2694,5036.0,4,3.0,1.5,6,4,2010,0,0,602500.0
P01316,old_town,1336,1043,7811.0,1,1.0,2.5,7,5,1919,0,0,306600.0
P01317,hilltop,814,591,2162.0,2,1.5,2.0,5,3,1963,0,0,316100.0
P01318,old_town,1676,1676,8479.0,3,2.0,1.0,5,5,2002,0,0,370200.0
P01319,lakeview,2922,2922,7719.0,4,2.0,2.0,8,4,1911,0,0,461900.0
P01320,riverside,1536,1536,2696.0,3,2.0,1.5,12,1,1934,0,0,681500.0
P01321,old_town,1839,1839,3159.0,2,1.0,1.5,5,4,1928,0,0,247500.0
P01322,old_town,1861,1861,3908.0,3,2.0,1.5,8,5,1966,0,0,461100.0
P01323,eastgate,1119,1119,4397.0,1,1.0,2.0,12,5,1996,0,0,970000.0
P01324,eastgate,1424,1054,3449.0,1,1.0,1.0,9,2,1994,0,0,361000.0
P01325,eastgate,2652,2652,6109.0,4,2.5,2.5,5,3,1917,0,0,357400.0
P01326,hilltop,1448,1448,2557.0,2,2.0,1.5,6,4,2003,1994,0,558200.0
P01327,lakeview,1486,1486,3746.0,2,2.0,1.0,8,5,1960,0,0,553200.0
P01328,old_town,2268,2268,8758.0,4,2.5,1.5,7,1,1987,1988,0,302500.0
P01329,hilltop,2257,2257,4163.0,4,2.5,1.5,3,4,1954,0,0,439300.0
P01330,eastgate,2146,2146,10965.0,3,1.0,3.0,3,5,1934,0,1,301000.0
P01331,downtown,1539,1539,,2,1.5,3.0,7,2,2010,0,0,400300.0
P01332,downtown,2107,2107,7451.0,4,2.0,2.0,12,3,1996,0,0,778900.0
P01333,hilltop,1625,1625,5930.0,3,2.0,2.0,9,4,1998,0,0,481500.0
P01334,old_town,2326,1770,6273.0,3,1.0,1.5,6,5,1985,1985,0,277900.0
P01335,riverside,2244,1795,8179.0,4,3.5,1.5,9,5,1935,0,0,549900.0
P01336,hilltop,1531,1531,6909.0,2,2.0,1.5,7,2,1927,0,0,411400.0
P01337,old_town,1490,1175,5766.0,2,1.0,1.0,4,4,1978,0,0,246200.0
P01338,riverside,991,991,1695.0,1,1.0,1.5,4,5,1967,0,0,346500.0
P01339,downtown,1181,1012,5450.0,2,1.0,2.0,11,2,1924,0,0,668200.0
P01340,riverside,1328,1328,4515.0,3,2.5,2.0,8,1,1946,0,0,306600.0
P01341,eastgate,1710,1710,3664.0,3,1.5,1.5,7,1,1903,0,0,292500.0
P01342,riverside,1452,1065,6034.0,2,1.0,3.0,5,1,1989,0,0,302500.0
P01343,old_town,1458,1458,,2,1.5,1.0,5,4,1956,0,0,222100.0
P01344,hilltop,2204,1631,7368.0,4,2.5,1.0,12,4,2003,0,0,893100.0
P01345,downtown,1493,1493,3163.0,3,2.5,2.0,10,2,2013,0,0,483200.0
P01346,hilltop,1245,1245,5280.0,2,1.0,2.0,10,2,1940,1986,0,508500.0
P01347,downtown,2289,1734,6150.0,3,2.5,1.5,10,2,1982,2021,0,566900.0
P01348,riverside,2456,1979,7118.0,5,4.0,1.0,8,3,1972,0,0,474000.0
P01349,lakeview,852,852,2808.0,2,1.5,2.0,5,2,1911,0,0,273600.0
P01350,riverside,976,976,1628.0,1,1.0,1.5,5,4,1965,2003,0,347300.0
P01351,eastgate,1543,1543,4132.0,2,1.0,1.5,8,1,2010,0,0,404600.0
P01352,eastgate,1115,1115,3142.0,2,2.0,2.0,9,2,1996,0,0,454900.0
P01353,riverside,2740,2740,5186.0,4,3.0,2.0,11,3,1942,0,0,685800.0
P01354,old_town,1993,1603,,4,2.0,1.5,8,5,1942,0,0,383700.0
P01355,lakeview,2218,2218,4079.0,3,2.0,2.5,8,1,1951,0,0,462600.0
P01356,eastgate,1931,1931,3856.0,4,2.0,2.0,11,1,1924,0,0,295000.0
P01357,hilltop,2169,2169,4674.0,3,1.5,1.5,3,5,2016,1996,1,1083700.0
P01358,downtown,1248,1248,15998.0,1,1.0,1.5,12,4,1920,0,0,528300.0
P01359,riverside,1616,1616,4534.0,3,1.5,1.5,11,3,1979,1995,0,600700.0
P01360,old_town,1709,1709,3482.0,2,1.5,2.0,6,3,1965,0,0,308100.0
P01361,old_town,1106,1106,2074.0,1,1.0,1.0,10,1,2005,2004,0,407900.0
P01362,riverside,1682,1682,6858.0,4,2.5,2.5,9,4,1989,2020,0,501200.0
P01363,hilltop,1032,1032,7115.0,2,1.5,2.0,10,2,1953,0,0,333800.0
P01364,downtown,1154,1154,2828.0,2,1.0,2.0,5,3,1995,0,0,236700.0
P01365,riverside,1986,1986,7610.0,4,2.5,2.0,9,4,1936,0,0,625400.0
P01366,hilltop,1641,1641,6575.0,3,2.0,2.5,9,1,1975,0,0,414100.0
P01367,eastgate,1430,1430,2991.0,3,2.0,2.5,5,3,1910,0,0,276900.0
P01368,eastgate,620,620,4605.0,1,1.0,1.0,10,1,1992,0,0,384500.0
P01369,hilltop,1325,1325,7065.0,2,1.0,1.5,8,5,1993,0,0,603500.0
P01370,downtown,1838,1511,2371.0,3,3.0,1.5,8,3,1958,0,0,451800.0
P01371,riverside,1742,1742,,4,2.5,2.0,5,2,1903,0,0,275400.0
P01372,eastgate,2448,2034,15793.0,4,3.0,1.5,11,1,1963,0,0,443000.0
P01373,hilltop,2250,2250,8242.0,4,3.5,1.0,8,4,1994,0,0,445500.0
P01374,downtown,1184,1184,8047.0,1,1.0,1.0,5,1,1925,1991,0,166500.0
P01375,eastgate,1129,1129,5744.0,1,1.0,1.5,3,1,1993,0,0,218300.0
P01376,downtown,1304,1304,1755.0,2,1.5,2.5,11,1,1926,0,0,454000.0
P01377,hilltop,692,692,4137.0,1,1.0,1.5,9,5,1979,0,0,399700.0
P01378,riverside,796,634,1631.0,2,1.5,2.5,12,4,1996,1998,0,603500.0
P01379,old_town,3545,2722,14257.0,5,3.5,1.0,9,1,1970,0,0,632500.0
P01380,eastgate,2079,2079,9889.0,3,1.5,1.5,9,1,2002,0,0,602100.0
P01381,downtown,1356,1356,2114.0,2,1.0,2.0,9,2,1978,0,0,415700.0
P01382,hilltop,1431,1214,,3,2.0,1.0,9,4,1989,2011,0,675800.0
P01383,old_town,1112,1112,4717.0,2,1.0,1.5,7,3,1944,0,0,259900.0
P01384,downtown,1854,1560,5368.0,3,1.0,1.0,10,4,2022,1994,0,677300.0
P01385,downtown,1213,948,4985.0,2,1.5,3.0,5,2,2016,2000,0,277200.0
P01386,hilltop,1366,1366,14232.0,3,2.5,1.5,5,3,1919,0,0,410700.0
P01387,hilltop,2029,2029,13334.0,2,1.0,2.5,12,4,1999,0,0,1146500.0
P01388,riverside,1628,1628,3891.0,3,2.5,2.0,6,3,1903,0,0,324500.0
P01389,lakeview,1329,983,4917.0,2,1.5,1.5,3,5,1940,0,0,326600.0
P01390,downtown,2620,2259,6208.0,5,4.0,1.0,3,1,1914,0,0,409000.0
P01391,hilltop,3452,2714,13884.0,6,4.0,1.0,9,4,1970,0,0,735200.0
P01392,hilltop,2452,2452,7090.0,4,3.0,2.0,6,3,1983,0,0,585300.0
P01393,hilltop,2531,2531,9482.0,5,3.0,1.5,3,1,1969,0,0,499600.0
P01394,hilltop,2161,1573,5380.0,3,1.5,1.0,5,4,1944,0,0,303600.0
P01395,eastgate,1632,1185,,3,2.5,2.0,9,4,1982,0,0,651500.0
P01396,old_town,1775,1353,5898.0,3,2.5,2.0,6,1,1978,0,0,360900.0
P01397,hilltop,1171,925,,2,1.5,1.0,10,3,1987,0,0,553700.0
P01398,eastgate,933,933,2706.0,2,1.0,2.0,3,2,2008,0,0,300100.0
P01399,eastgate,1964,1478,4491.0,3,2.0,1.0,12,4,1921,0,0,715600.0
P01400,eastgate,1696,1419,4118.0,2,1.0,2.0,11,1,1963,0,0,538400.0
P01401,downtown,1429,1208,7911.0,3,2.0,1.5,5,4,1965,0,0,325600.0
P01402,old_town,1125,1125,2258.0,1,1.0,1.0,6,1,2017,0,0,190000.0
P01403,hilltop,1387,1387,2075.0,2,1.5,1.5,10,3,1955,0,0,696400.0
P01404,hilltop,955,794,992.0,1,1.0,2.0,3,2,2016,2000,0,376100.0
P01405,lakeview,1156,939,2324.0,2,1.0,2.0,10,5,1926,0,0,454300.0
P01406,hilltop,1319,1131,2107.0,3,1.5,2.0,7,4,1911,0,0,256600.0
P01407,downtown,1416,1416,1578.0,2,1.5,1.0,12,3,1990,0,0,772300.0
P01408,downtown,2774,2117,2844.0,4,2.5,1.5,10,5,1969,0,0,464700.0
P01409,hilltop,1320,978,2538.0,2,1.5,1.0,12,2,1950,0,0,504700.0
P01410,downtown,2785,2785,17518.0,4,2.5,1.5,8,4,1942,0,0,491300.0
P01411,hilltop,1763,1763,4772.0,3,1.5,1.5,9,3,1985,0,0,674100.0
P01412,old_town,2064,1547,10530.0,4,2.5,1.5,3,1,1908,0,0,147000.0
P01413,eastgate,1633,1633,5191.0,2,1.0,1.5,9,5,1984,0,0,410800.0
P01414,eastgate,1049,1049,1809.0,1,1.0,2.0,9,5,1999,0,0,571100.0
P01415,downtown,2339,1983,5097.0,3,1.5,2.0,12,3,1939,0,0,715300.0
P01416,eastgate,1795,1795,8776.0,2,1.0,2.5,7,2,1960,0,0,323200.0
P01417,downtown,1921,1921,3508.0,3,1.0,1.5,6,5,2020,0,0,550100.0
P01418,hilltop,2438,1904,10263.0,5,3.0,2.0,11,5,1929,2004,0,690900.0
P01419,old_town,1773,1470,7654.0,3,1.5,2.0,11,5,1992,2016,0,410700.0
P01420,downtown,4299,4299,13917.0,7,4.0,1.5,7,5,1912,0,0,720800.0
P01421,hilltop,1911,1911,3898.0,2,2.0,1.5,11,2,1943,0,0,475800.0
P01422,hilltop,2562,2223,6248.0,4,3.0,2.0,5,5,1983,0,0,688400.0
P01423,eastgate,2817,2247,5048.0,5,3.5,1.5,4,4,1930,0,0,342300.0
P01424,lakeview,1103,1103,2982.0,3,1.5,2.0,8,4,2013,0,0,651200.0
P01425,hilltop,1361,1361,6003.0,2,1.5,1.5,9,2,1987,0,0,330500.0
P01426,eastgate,3909,3909,17106.0,7,5.0,2.0,4,5,1973,0,0,315800.0
P01427,hilltop,768,768,,1,1.0,1.0,10,4,1987,0,0,391800.0
P01428,lakeview,1583,1583,4326.0,2,1.0,1.5,7,5,1921,0,0,591200.0
P01429,lakeview,2783,2329,,5,3.0,1.5,8,3,1995,1990,0,587400.0
P01430,downtown,1434,1434,1966.0,3,2.0,2.0,12,4,1940,1999,0,445900.0
P01431,eastgate,1809,1809,6326.0,4,3.5,1.5,7,2,1961,0,0,378500.0
P01432,eastgate,4884,3849,19128.0,7,5.0,2.0,8,2,1987,2013,0,777000.0
P01433,hilltop,1662,1662,2209.0,3,2.5,1.5,3,5,1999,0,0,392100.0
P01434,old_town,2066,2066,3947.0,4,2.5,1.5,7,3,1976,0,0,477000.0
P01435,eastgate,1433,1433,1878.0,2,1.0,1.0,5,1,1933,0,0,248800.0
P01436,lakeview,932,932,4397.0,1,1.0,1.0,5,3,1985,0,0,292200.0
P01437,eastgate,1509,1509,3994.0,2,1.5,1.0,12,1,1931,0,0,342700.0
P01438,lakeview,1618,1618,6908.0,3,1.5,1.5,8,4,1986,0,0,454600.0
P01439,eastgate,1571,1571,4297.0,3,1.5,2.5,8,1,1994,1995,0,296400.0
P01440,eastgate,1260,1260,5061.0,2,1.5,2.0,11,1,1908,0,0,317300.0
P01441,hilltop,1449,1449,3798.0,1,1.0,2.0,9,3,1940,0,0,544600.0
P01442,eastgate,2011,1674,3126.0,4,2.5,2.5,8,4,2013,0,0,474700.0
P01443,downtown,1003,1003,4837.0,1,1.0,1.0,8,5,2013,0,0,447600.0
P01444,downtown,3179,2355,5266.0,5,3.0,2.0,4,1,1963,0,0,405900.0
P01445,downtown,2880,2274,8912.0,5,3.5,1.5,12,2,1929,1997,0,433900.0
P01446,eastgate,1802,1802,6205.0,3,1.5,1.0,7,4,1921,0,0,315500.0
P01447,riverside,2183,1683,2637.0,3,2.0,1.5,12,4,1980,0,0,606200.0
P01448,eastgate,3166,2362,20964.0,6,3.0,1.0,11,2,1940,0,0,523500.0
P01449,downtown,1182,1182,6941.0,2,1.0,1.5,9,5,1923,0,0,406700.0
P01450,riverside,1517,1517,3908.0,2,1.0,2.0,6,1,1915,0,0,301500.0
P01451,lakeview,2224,2224,4235.0,4,3.0,2.0,8,2,1920,0,0,1016400.0
P01452,eastgate,1563,1563,4167.0,2,1.5,1.5,7,5,1901,0,0,320100.0
P01453,old_town,1054,1054,2184.0,2,2.0,1.5,9,2,2015,0,0,505200.0
P01454,riverside,1387,1387,5465.0,2,1.5,1.5,12,5,1995,0,0,726000.0
P01455,eastgate,1782,1782,3594.0,2,1.5,2.0,11,2,2021,0,0,671100.0
P01456,hilltop,2259,2259,5099.0,5,3.0,1.5,5,4,1907,2006,0,417000.0
P01457,riverside,939,939,5032.0,2,1.5,2.0,12,1,2003,0,0,923300.0
P01458,downtown,2719,2317,,4,2.5,2.5,11,1,1986,0,0,525200.0
P01459,eastgate,1171,1171,3274.0,2,1.0,2.0,4,4,2021,0,0,417300.0
P01460,downtown,1783,1292,3842.0,3,2.5,1.5,12,3,1951,0,1,805400.0
P01461,hilltop,1504,1504,3031.0,2,1.0,1.0,12,4,1959,2013,0,695000.0
P01462,downtown,989,989,5729.0,2,1.0,1.0,9,3,1937,0,0,269000.0
P01463,riverside,1078,1078,4431.0,2,1.5,1.5,3,2,1996,0,0,295700.0
P01464,hilltop,1229,896,4717.0,2,1.0,1.5,9,3,1941,0,0,312000.0
P01465,eastgate,2490,2490,4286.0,4,3.0,1.5,4,2,1952,0,0,397200.0
P01466,hilltop,2640,2640,3220.0,4,3.5,1.0,5,3,2021,1998,0,577700.0
P01467,old_town,2047,2047,14890.0,4,2.5,1.0,12,5,2010,0,0,692900.0
P01468,eastgate,2382,2382,6076.0,5,3.5,2.0,12,5,1922,2007,0,602700.0
P01469,downtown,1524,1524,6985.0,4,2.0,2.5,10,1,1982,0,0,514900.0
P01470,eastgate,1029,1029,,1,1.0,1.5,8,1,1954,0,0,315900.0
P01471,downtown,1739,1314,8140.0,3,1.5,2.0,11,1,2011,0,0,552000.0
P01472,hilltop,2131,2131,15074.0,3,2.5,2.0,5,5,1972,0,0,529100.0
P01473,old_town,2983,2983,6024.0,5,3.5,2.5,4,2,2009,0,0,257400.0
P01474,downtown,3272,2370,15825.0,6,4.0,2.0,4,1,1972,0,0,474800.0
P01475,hilltop,2855,2344,9361.0,4,2.5,1.0,7,2,1918,0,0,541100.0
P01476,riverside,1669,1669,10905.0,2,1.5,1.0,12,1,1983,1993,0,543100.0
P01477,downtown,1494,1285,2195.0,2,1.0,1.0,10,4,2006,0,0,399300.0
P01478,old_town,1440,1440,4849.0,2,1.0,2.5,8,1,1906,0,0,206800.0
P01479,riverside,1818,1818,16249.0,3,2.5,2.0,5,2,1949,0,0,235600.0
P01480,lakeview,4634,3856,12971.0,2,1.0,1.0,12,2,1952,0,0,2320500.0
P01481,downtown,2901,2435,12626.0,5,4.0,2.0,5,2,1928,0,0,551200.0
P01482,downtown,1731,1731,12864.0,2,1.0,2.0,11,2,1966,0,0,716900.0
P01483,hilltop,2658,2658,2689.0,5,3.5,2.0,6,5,1914,0,0,388800.0
P01484,riverside,1130,1130,3231.0,4,2.5,2.0,10,5,1904,0,0,402000.0
P01485,riverside,1559,1559,6561.0,2,2.0,1.5,3,2,1904,0,0,339900.0
P01486,eastgate,3072,2562,17914.0,5,2.5,1.0,10,1,1939,1996,0,432700.0
P01487,eastgate,741,741,2252.0,1,1.0,2.5,10,2,2006,0,0,336100.0
P01488,hilltop,1914,1914,3210.0,3,3.0,1.5,9,1,1983,0,0,491400.0
P01489,eastgate,3555,2584,9774.0,6,4.0,2.0,10,3,1988,0,0,764900.0
P01490,eastgate,1533,1328,3666.0,2,1.5,1.0,9,5,1913,0,0,517100.0
P01491,eastgate,1154,1154,3459.0,2,1.5,1.0,10,4,1920,0,0,347300.0
P01492,downtown,1556,1556,4846.0,2,1.0,1.0,11,3,1943,0,0,629000.0
P01493,old_town,4701,3986,10595.0,7,4.0,1.0,3,3,1951,0,0,414300.0
P01494,eastgate,3590,3057,4036.0,5,3.5,1.0,5,4,2018,2013,0,423400.0
P01495,old_town,1856,1856,4155.0,3,1.5,1.0,7,2,1961,0,0,372600.0
P01496,eastgate,923,923,6684.0,1,1.0,2.5,5,4,1963,0,0,351700.0
P01497,riverside,951,951,1823.0,3,1.5,1.5,6,4,1981,0,0,342100.0
P01498,riverside,1185,1185,2853.0,1,1.0,1.5,9,2,1910,2016,0,401100.0
P01499,hilltop,956,747,2819.0,1,1.0,2.0,6,5,1989,0,0,488500.0
P01500,hilltop,1123,1123,3443.0,1,1.0,1.5,6,2,1903,0,0,235800.0
P01501,eastgate,1285,1285,2874.0,2,2.0,1.5,11,2,2018,0,0,595200.0
P01502,hilltop,3631,2842,12254.0,7,4.5,2.0,4,5,2009,0,0,753300.0
P01503,hilltop,1957,1485,2877.0,3,2.0,1.5,4,3,1967,0,0,308000.0
P01504,downtown,2042,1613,5075.0,3,2.0,1.0,9,4,1952,0,0,646500.0
P01505,lakeview,1379,1379,2540.0,2,2.0,1.0,4,3,1921,1991,0,254600.0
P01506,hilltop,2042,1508,9548.0,3,2.0,1.5,9,1,2013,0,0,734700.0
P01507,eastgate,1808,1808,2760.0,3,1.5,2.0,11,3,1909,0,0,386200.0
P01508,eastgate,952,952,2395.0,1,1.0,1.5,3,2,2010,0,0,217600.0
P01509,old_town,1616,1616,5937.0,3,1.5,1.0,6,1,1964,0,0,212900.0
P01510,hilltop,1471,1188,2720.0,2,1.5,1.5,11,1,1937,0,0,500000.0
P01511,hilltop,1450,1249,1641.0,3,2.0,1.5,9,1,2001,0,0,519500.0
P01512,lakeview,1781,1781,5636.0,3,1.5,1.5,3,4,1936,0,0,261400.0
P01513,lakeview,2699,2699,5618.0,4,3.0,1.5,9,2,1904,0,0,994300.0
P01514,downtown,1421,1421,10805.0,3,1.5,1.0,3,1,1958,0,0,277400.0
P01515,downtown,1167,1167,2509.0,1,1.0,1.0,3,4,1994,0,0,289100.0
P01516,old_town,2385,2385,5423.0,4,2.5,1.5,5,1,1982,2005,0,287400.0
P01517,lakeview,1010,1010,4446.0,1,1.5,1.0,11,4,1998,0,0,748300.0
P01518,eastgate,1598,1146,7157.0,3,1.5,1.5,3,3,1983,0,0,237200.0
P01519,lakeview,2388,2388,19415.0,3,2.5,1.0,12,4,1958,0,0,512400.0
P01520,lakeview,2476,1868,6127.0,4,2.5,1.5,4,5,1967,0,0,460400.0
P01521,hilltop,3036,3036,11622.0,4,2.0,1.5,7,4,1904,2013,0,577800.0
P01522,hilltop,1357,1357,5934.0,2,1.5,1.5,8,4,1936,0,0,508200.0
P01523,lakeview,1992,1992,5012.0,3,1.5,1.5,6,1,1902,1993,0,548900.0
P01524,riverside,4464,3345,6099.0,7,3.5,2.0,8,5,1961,0,0,1119000.0
P01525,eastgate,1287,1287,,2,1.0,1.5,10,4,2002,1993,0,481800.0
P01526,riverside,2140,1812,5490.0,3,2.5,1.5,3,4,1934,2014,0,408400.0
P01527,lakeview,1154,1154,3966.0,1,1.0,1.5,6,4,2011,2014,0,529100.0
P01528,lakeview,2140,2140,10187.0,2,1.0,1.5,5,3,1999,0,0,543800.0
P01529,lakeview,1467,1467,5465.0,3,2.5,2.0,7,1,1992,0,0,378000.0
P01530,eastgate,1587,1587,4855.0,3,2.0,2.0,3,1,1945,0,0,156800.0
P01531,hilltop,3777,2742,23194.0,6,3.0,1.5,5,5,2000,0,0,629700.0
P01532,riverside,1664,1664,4933.0,2,2.5,1.0,12,3,1999,0,0,493400.0
P01533,hilltop,982,775,1818.0,2,1.5,2.5,9,3,1994,0,0,472000.0
P01534,hilltop,2385,1761,3467.0,4,3.0,2.5,9,2,2017,0,0,869800.0
P01535,hilltop,3083,3083,4406.0,5,3.5,2.0,3,2,2001,1987,0,490500.0
P01536,eastgate,1893,1893,3400.0,3,2.0,1.5,11,3,1917,0,0,328400.0
P01537,riverside,1183,1183,4724.0,3,2.0,1.0,8,1,1940,0,0,434800.0
P01538,hilltop,1635,1635,3923.0,3,2.0,1.5,12,3,2012,0,0,1101400.0
P01539,riverside,2014,2014,5829.0,3,2.5,1.0,11,2,2022,0,0,862200.0
P01540,riverside,886,886,800.0,1,1.0,2.5,5,3,2015,2016,0,378600.0
P01541,downtown,1810,1810,3626.0,3,1.5,1.5,8,4,1968,0,0,649400.0
P01542,old_town,1684,1684,9116.0,4,2.5,2.0,12,3,1982,0,0,540000.0
P01543,hilltop,1882,1561,3193.0,2,1.5,1.0,11,1,1945,0,0,530500.0
P01544,lakeview,2690,2690,15753.0,5,2.5,1.0,6,5,1944,0,0,564600.0
P01545,riverside,1994,1994,7369.0,3,1.0,1.5,10,5,1953,0,0,510600.0
P01546,eastgate,1804,1462,2277.0,3,3.0,2.0,7,3,1984,0,0,345900.0
P01547,hilltop,1931,1517,4665.0,2,2.0,1.5,7,1,1939,0,0,501400.0
P01548,eastgate,1240,1059,1848.0,1,1.0,2.0,8,3,1977,0,0,506800.0
P01549,eastgate,3727,2763,8015.0,7,5.0,2.0,11,1,1911,0,0,369100.0
P01550,downtown,1631,1631,4137.0,2,2.0,2.0,11,4,2006,0,0,828000.0
P01551,old_town,1562,1562,9972.0,2,1.0,2.0,9,3,2013,0,0,305200.0
P01552,hilltop,1612,1612,4692.0,3,2.0,2.0,3,5,1997,0,0,445800.0
P01553,eastgate,1346,1075,7733.0,1,1.0,2.0,10,1,1949,0,0,257400.0
P01554,riverside,1602,1602,2277.0,3,2.5,1.5,8,3,1934,1989,0,473900.0
P01555,hilltop,1910,1482,6901.0,4,2.0,1.0,4,4,1962,0,0,410700.0
P01556,hilltop,3064,2449,13010.0,5,3.5,1.5,10,1,1974,0,0,662400.0
P01557,lakeview,1706,1706,7484.0,2,1.5,1.5,12,1,1966,0,0,893200.0
P01558,downtown,1048,1048,1821.0,1,1.0,2.5,3,1,2015,0,0,175100.0
P01559,downtown,1819,1303,5662.0,2,1.0,2.5,7,3,1945,0,0,380300.0
P01560,eastgate,1343,1343,2252.0,2,1.0,1.5,12,5,1903,0,1,720800.0
P01561,old_town,3244,2323,5974.0,5,3.0,1.0,11,5,2016,0,0,784500.0
P01562,hilltop,2345,2345,8284.0,5,3.0,1.5,3,4,1954,2004,0,343500.0
P01563,downtown,2313,1715,6261.0,3,1.0,1.5,5,2,1982,0,0,425100.0
P01564,hilltop,1764,1764,4309.0,3,1.5,2.0,12,4,1991,0,0,702700.0
P01565,downtown,1610,1610,3457.0,2,2.0,1.0,3,1,1960,0,0,193600.0
P01566,eastgate,3184,2721,9430.0,5,3.5,2.0,5,5,1958,0,0,630900.0
P01567,hilltop,1194,1194,2481.0,2,1.5,1.5,6,2,1970,0,0,463400.0
P01568,downtown,866,866,1634.0,3,2.5,2.0,10,4,1927,0,0,342600.0
P01569,downtown,2232,1912,3823.0,4,3.0,2.0,9,5,2021,1989,1,767800.0
P01570,riverside,1260,1260,2381.0,3,1.5,3.0,11,1,1963,1996,0,505100.0
P01571,riverside,2039,2039,10137.0,3,2.0,1.0,8,3,2012,0,0,340300.0
P01572,riverside,1153,1153,3767.0,2,1.5,2.0,11,1,1920,0,0,561700.0
P01573,riverside,1035,797,5109.0,2,1.5,1.5,6,2,1968,2010,0,424600.0
P01574,downtown,1994,1649,3254.0,3,1.5,1.0,10,4,2001,0,0,783700.0
P01575,downtown,566,566,889.0,1,1.0,1.0,3,1,2022,0,0,204300.0
P01576,old_town,1807,1482,13852.0,3,1.5,1.5,3,5,1935,0,1,354000.0
P01577,hilltop,971,971,4419.0,2,1.5,1.5,4,4,2017,0,0,366600.0
P01578,eastgate,3574,2607,10918.0,7,4.5,1.0,12,2,1988,0,0,718800.0
P01579,old_town,1205,1205,1725.0,3,2.5,1.5,11,2,1990,0,0,479500.0
P01580,riverside,2078,2078,8727.0,3,2.0,2.0,6,1,1992,0,0,520600.0
P01581,hilltop,2955,2460,9577.0,4,3.0,1.5,7,2,1976,0,0,418100.0
P01582,riverside,1301,999,5559.0,3,2.5,2.0,12,1,1948,0,0,427200.0
P01583,hilltop,1667,1667,5601.0,2,1.5,1.0,3,3,1969,0,0,313000.0
P01584,riverside,1597,1597,5497.0,2,1.0,1.5,10,3,1990,0,0,601200.0
P01585,eastgate,1821,1821,8208.0,3,2.0,1.5,10,5,1943,0,0,430400.0
P01586,old_town,992,992,4748.0,2,1.0,1.5,12,2,1982,1988,0,528600.0
P01587,eastgate,4763,4763,20040.0,9,6.5,1.0,10,2,1968,0,0,571800.0
P01588,downtown,1355,1355,4600.0,2,1.5,1.5,10,2,1997,0,0,517400.0
P01589,eastgate,1179,877,3152.0,1,1.0,2.0,9,2,1904,0,0,403400.0
P01590,hilltop,1358,1358,1119.0,2,1.0,1.0,3,3,2009,1997,0,414400.0
P01591,downtown,1907,1370,3830.0,3,1.0,3.0,6,2,1976,0,0,290400.0
P01592,hilltop,2803,2010,13387.0,4,2.5,2.0,8,1,1928,2001,0,820200.0
P01593,hilltop,2560,1919,4538.0,5,3.5,1.5,10,1,2002,0,0,638100.0
P01594,eastgate,2190,1773,6093.0,3,2.5,1.5,10,3,1944,0,0,344200.0
P01595,downtown,2174,2174,4837.0,4,3.0,1.0,3,4,1964,0,0,264500.0
P01596,hilltop,3169,2357,4353.0,5,3.0,2.0,9,5,1959,2007,0,963200.0
P01597,eastgate,2240,1822,,4,2.0,2.0,7,3,2011,1985,0,334100.0
P01598,old_town,986,986,1360.0,2,1.5,1.0,12,3,1923,0,0,561400.0
P01599,hilltop,1287,1287,6127.0,2,1.5,1.5,5,2,2012,0,0,355700.0
P01600,downtown,1478,1478,5209.0,2,1.5,1.5,6,1,1938,0,0,359800.0
