date,store_id,region,promo_flag,is_holiday,temperature_c,unit_price,units_sold,revenue
2023-01-01,S001,north,0,1,-0.0,4.21,187,787.27
2023-01-02,S001,north,0,0,0.3,4.21,168,707.28
2023-01-03,S001,north,0,0,1.4,4.51,143,644.93
2023-01-04,S001,north,1,0,0.2,4.19,172,720.68
2023-01-05,S001,north,0,0,-3.1,4.39,153,671.67
2023-01-06,S001,north,0,0,0.3,4.43,189,837.27
2023-01-07,S001,north,0,0,6.5,4.35,214,930.9
2023-01-08,S001,north,0,0,-0.4,4.34,203,881.02
2023-01-09,S001,north,0,0,6.4,4.15,161,668.15
2023-01-10,S001,north,1,0,4.8,4.17,177,738.09
2023-01-11,S001,north,0,0,5.8,4.23,149,630.27
2023-01-12,S001,north,1,0,0.2,4.22,212,894.64
2023-01-13,S001,north,0,0,1.7,4.18,216,902.88
2023-01-14,S001,north,0,0,-1.9,4.4,210,924.0
2023-01-15,S001,north,1,0,2.6,4.24,217,920.08
2023-01-16,S001,north,0,0,1.0,4.16,166,690.56
2023-01-17,S001,north,0,0,-0.2,4.13,127,524.51
2023-01-18,S001,north,0,0,4.0,4.07,181,736.67
2023-01-19,S001,north,0,0,1.2,4.32,163,704.16
2023-01-20,S001,north,0,0,-3.3,4.22,199,839.78
2023-01-21,S001,north,0,0,1.9,4.23,225,951.75
2023-01-22,S001,north,0,0,2.8,4.28,184,787.52
2023-01-23,S001,north,0,0,0.2,4.38,136,595.68
2023-01-24,S001,north,1,0,5.3,4.17,201,838.17
2023-01-25,S001,north,1,0,-0.6,4.4,208,915.2
2023-01-26,S001,north,0,0,0.6,4.19,161,674.59
2023-01-27,S001,north,0,0,-0.9,4.28,206,881.68
2023-01-28,S001,north,0,0,3.1,4.27,246,1050.42
2023-01-29,S001,north,0,0,-0.4,4.28,185,791.8
2023-01-30,S001,north,0,0,3.9,4.3,164,705.2
2023-01-31,S001,north,0,0,0.5,4.18,153,639.54
2023-02-01,S001,north,0,0,4.8,4.23,157,664.11
2023-02-02,S001,north,0,0,-3.1,4.2,184,772.8
2023-02-03,S001,north,0,0,-0.1,4.26,220,937.2
2023-02-04,S001,north,0,0,2.5,4.08,241,983.28
2023-02-05,S001,north,0,0,6.5,4.05,200,810.0
2023-02-06,S001,north,0,0,1.0,4.18,137,572.66
2023-02-07,S001,north,0,0,1.6,4.28,157,671.96
2023-02-08,S001,north,1,0,2.3,3.96,222,879.12
2023-02-09,S001,north,0,0,1.5,4.18,167,698.06
2023-02-10,S001,north,0,0,3.2,4.2,219,919.8
2023-02-11,S001,north,0,0,5.6,4.32,264,1140.48
2023-02-12,S001,north,0,0,0.3,4.28,188,804.64
2023-02-13,S001,north,0,0,-0.0,4.21,161,677.81
2023-02-14,S001,north,0,0,4.4,4.23,154,651.42
2023-02-15,S001,north,0,0,3.6,4.37,167,729.79
2023-02-16,S001,north,0,0,2.8,4.19,189,791.91
2023-02-17,S001,north,0,0,3.2,4.22,211,890.42
2023-02-18,S001,north,0,0,4.5,4.31,264,1137.84
2023-02-19,S001,north,1,0,1.5,4.25,258,1096.5
2023-02-20,S001,north,1,0,1.3,4.44,219,972.36
2023-02-21,S001,north,0,0,-1.9,4.44,121,537.24
2023-02-22,S001,north,0,0,3.0,4.31,166,715.46
2023-02-23,S001,north,0,0,2.8,4.28,210,898.8
2023-02-24,S001,north,0,0,10.6,4.23,235,994.05
2023-02-25,S001,north,0,0,3.4,4.28,252,1078.56
2023-02-26,S001,north,0,0,7.0,4.32,205,885.6
2023-02-27,S001,north,0,0,5.7,4.17,170,708.9
2023-02-28,S001,north,1,0,2.7,4.18,206,861.08
2023-03-01,S001,north,0,0,10.0,4.2,172,722.4
2023-03-02,S001,north,0,0,6.9,4.33,206,891.98
2023-03-03,S001,north,0,0,2.9,4.28,204,873.12
2023-03-04,S001,north,0,0,1.2,4.27,256,1093.12
2023-03-05,S001,north,0,0,1.2,4.21,185,778.85
2023-03-06,S001,north,0,0,5.2,4.09,184,752.56
2023-03-07,S001,north,0,0,-0.2,4.27,154,657.58
2023-03-08,S001,north,0,0,3.9,4.31,175,754.25
2023-03-09,S001,north,1,0,6.8,4.19,220,921.8
2023-03-10,S001,north,0,0,3.5,4.25,220,935.0
2023-03-11,S001,north,0,0,5.2,4.3,276,1186.8
2023-03-12,S001,north,0,0,5.3,4.27,215,918.05
2023-03-13,S001,north,0,0,5.3,4.15,158,655.7
2023-03-14,S001,north,0,0,4.6,4.26,161,685.86
2023-03-15,S001,north,1,0,7.2,4.25,257,1092.25
2023-03-16,S001,north,0,0,6.6,4.4,184,809.6
2023-03-17,S001,north,0,0,1.8,4.13,224,925.12
2023-03-18,S001,north,0,0,8.1,4.33,270,1169.1
2023-03-19,S001,north,1,0,7.5,4.22,288,1215.36
2023-03-20,S001,north,0,0,4.0,4.28,173,740.44
2023-03-21,S001,north,0,0,6.4,4.26,174,741.24
2023-03-22,S001,north,0,0,9.4,4.3,203,872.9
2023-03-23,S001,north,0,0,10.2,4.55,191,869.05
2023-03-24,S001,north,1,0,13.6,4.06,292,1185.52
2023-03-25,S001,north,0,0,7.5,4.21,265,1115.65
2023-03-26,S001,north,0,0,6.1,4.27,222,947.94
2023-03-27,S001,north,0,0,9.6,4.31,185,797.35
2023-03-28,S001,north,0,0,9.8,4.24,165,699.6
2023-03-29,S001,north,0,0,7.9,4.42,202,892.84
2023-03-30,S001,north,0,0,7.3,4.14,206,852.84
2023-03-31,S001,north,0,0,7.8,4.3,222,954.6
2023-04-01,S001,north,0,0,7.2,4.23,279,1180.17
2023-04-02,S001,north,0,0,6.7,4.39,233,1022.87
2023-04-03,S001,north,0,0,5.6,4.45,189,841.05
2023-04-04,S001,north,1,0,5.9,4.25,223,947.75
2023-04-05,S001,north,0,0,13.1,4.27,209,892.43
2023-04-06,S001,north,0,0,11.3,4.29,205,879.45
2023-04-07,S001,north,0,0,11.0,4.3,246,1057.8
2023-04-08,S001,north,1,0,9.5,4.24,341,1445.84
2023-04-09,S001,north,0,0,11.2,4.41,219,965.79
2023-04-10,S001,north,0,0,6.9,4.14,183,757.62
2023-04-11,S001,north,0,0,11.9,4.41,184,811.44
2023-04-12,S001,north,0,0,11.9,4.23,204,862.92
2023-04-13,S001,north,0,0,11.6,4.2,185,777.0
2023-04-14,S001,north,0,0,10.0,4.41,230,1014.3
2023-04-15,S001,north,0,0,16.3,4.15,289,1199.35
2023-04-16,S001,north,0,0,14.6,4.27,225,960.75
2023-04-17,S001,north,0,0,11.8,4.23,193,816.39
2023-04-18,S001,north,1,0,16.6,4.07,255,1037.85
2023-04-19,S001,north,0,0,14.8,4.0,213,852.0
2023-04-20,S001,north,1,0,12.1,4.18,284,1187.12
2023-04-21,S001,north,1,0,9.8,4.21,308,1296.68
2023-04-22,S001,north,0,0,14.4,4.23,268,1133.64
2023-04-23,S001,north,0,0,13.0,4.18,239,999.02
2023-04-24,S001,north,0,0,12.4,4.17,198,825.66
2023-04-25,S001,north,0,0,14.1,4.06,196,795.76
2023-04-26,S001,north,0,0,5.7,4.27,193,824.11
2023-04-27,S001,north,0,0,17.5,4.07,212,862.84
2023-04-28,S001,north,0,0,15.4,4.11,257,1056.27
2023-04-29,S001,north,0,0,16.0,4.12,289,1190.68
2023-04-30,S001,north,0,0,13.5,4.24,245,1038.8
2023-05-01,S001,north,0,0,12.2,4.1,197,807.7
2023-05-02,S001,north,0,0,13.1,4.42,164,724.88
2023-05-03,S001,north,0,0,14.2,4.23,194,820.62
2023-05-04,S001,north,1,0,12.4,4.11,276,1134.36
2023-05-05,S001,north,0,0,12.3,4.29,244,1046.76
2023-05-06,S001,north,0,0,11.9,4.37,283,1236.71
2023-05-07,S001,north,0,0,14.9,4.11,215,883.65
2023-05-08,S001,north,0,0,15.6,4.24,209,886.16
2023-05-09,S001,north,0,0,17.1,4.3,197,847.1
2023-05-10,S001,north,0,0,16.7,4.19,204,854.76
2023-05-11,S001,north,0,0,18.8,4.24,227,962.48
2023-05-12,S001,north,1,0,19.6,4.4,333,1465.2
2023-05-13,S001,north,0,0,18.8,4.31,275,1185.25
2023-05-14,S001,north,0,0,16.9,4.24,241,1021.84
2023-05-15,S001,north,1,0,21.2,4.26,252,1073.52
2023-05-16,S001,north,0,0,20.3,4.28,176,753.28
2023-05-17,S001,north,0,0,16.6,4.35,196,852.6
2023-05-18,S001,north,0,0,15.7,4.14,210,869.4
2023-05-19,S001,north,0,0,20.1,4.24,269,1140.56
2023-05-20,S001,north,0,0,21.3,4.2,290,1218.0
2023-05-21,S001,north,0,0,17.7,4.22,233,983.26
2023-05-22,S001,north,0,0,18.8,4.04,194,783.76
2023-05-23,S001,north,1,0,15.7,4.36,240,1046.4
2023-05-24,S001,north,0,0,19.1,4.08,182,742.56
2023-05-25,S001,north,0,0,21.2,4.04,210,848.4
2023-05-26,S001,north,0,0,23.6,4.21,251,1056.71
2023-05-27,S001,north,0,0,18.2,4.31,278,1198.18
2023-05-28,S001,north,0,0,21.6,4.31,245,1055.95
2023-05-29,S001,north,0,0,15.5,4.18,222,927.96
2023-05-30,S001,north,0,0,18.2,4.3,192,825.6
2023-05-31,S001,north,0,0,16.9,4.12,201,828.12
2023-06-01,S001,north,1,0,18.5,4.21,272,1145.12
2023-06-02,S001,north,0,0,18.0,4.21,236,993.56
2023-06-03,S001,north,0,0,17.0,4.28,271,1159.88
2023-06-04,S001,north,0,0,21.5,4.3,232,997.6
2023-06-05,S001,north,1,0,23.2,4.42,253,1118.26
2023-06-06,S001,north,0,0,22.2,4.26,194,826.44
2023-06-07,S001,north,0,0,20.9,4.06,208,844.48
2023-06-08,S001,north,0,0,19.3,4.33,224,969.92
2023-06-09,S001,north,0,0,17.4,4.35,265,1152.75
2023-06-10,S001,north,0,0,20.6,4.4,289,1271.6
2023-06-11,S001,north,0,0,16.8,3.91,243,950.13
2023-06-12,S001,north,0,0,15.8,4.08,198,807.84
2023-06-13,S001,north,0,0,23.9,3.83,192,735.36
2023-06-14,S001,north,0,0,15.5,4.41,200,882.0
2023-06-15,S001,north,1,0,22.1,4.27,281,1199.87
2023-06-16,S001,north,0,0,23.3,4.08,251,1024.08
2023-06-17,S001,north,0,0,24.7,4.33,292,1264.36
2023-06-18,S001,north,0,0,16.3,4.07,225,915.75
2023-06-19,S001,north,0,0,20.7,4.24,180,763.2
2023-06-20,S001,north,0,0,22.4,4.18,212,886.16
2023-06-21,S001,north,0,0,20.3,4.14,190,786.6
2023-06-22,S001,north,0,0,21.9,4.17,217,904.89
2023-06-23,S001,north,0,0,19.5,4.18,216,902.88
2023-06-24,S001,north,0,0,23.9,3.97,290,1151.3
2023-06-25,S001,north,0,0,23.3,4.25,227,964.75
2023-06-26,S001,north,0,0,22.2,4.24,189,801.36
2023-06-27,S001,north,0,0,20.6,4.26,186,792.36
2023-06-28,S001,north,0,0,21.9,4.38,197,862.86
2023-06-29,S001,north,0,0,22.2,4.24,197,835.28
2023-06-30,S001,north,1,0,20.0,4.19,315,1319.85
2023-07-01,S001,north,1,0,20.4,4.44,323,1434.12
2023-07-02,S001,north,0,0,23.9,4.0,246,984.0
2023-07-03,S001,north,0,0,26.2,4.32,210,907.2
2023-07-04,S001,north,0,1,19.9,4.4,187,822.8
2023-07-05,S001,north,0,0,22.0,4.2,198,831.6
2023-07-06,S001,north,0,0,19.3,4.37,227,991.99
2023-07-07,S001,north,0,0,14.6,4.24,229,970.96
2023-07-08,S001,north,0,0,21.6,4.21,270,1136.7
2023-07-09,S001,north,0,0,23.8,4.46,235,1048.1
2023-07-10,S001,north,0,0,28.9,4.19,243,1018.17
2023-07-11,S001,north,0,0,22.6,4.31,182,784.42
2023-07-12,S001,north,1,0,22.3,4.09,241,985.69
2023-07-13,S001,north,0,0,25.4,3.97,237,940.89
2023-07-14,S001,north,0,0,20.4,4.22,238,1004.36
2023-07-15,S001,north,0,0,23.8,4.04,284,1147.36
2023-07-16,S001,north,0,0,19.5,4.27,220,939.4
2023-07-17,S001,north,0,0,23.1,4.37,176,769.12
2023-07-18,S001,north,0,0,18.9,4.28,185,791.8
2023-07-19,S001,north,0,0,23.2,4.38,180,788.4
2023-07-20,S001,north,0,0,19.1,4.22,203,856.66
2023-07-21,S001,north,0,0,20.3,4.27,242,1033.34
2023-07-22,S001,north,0,0,24.3,4.22,271,1143.62
2023-07-23,S001,north,0,0,22.4,4.07,245,997.15
2023-07-24,S001,north,0,0,25.4,4.03,211,850.33
2023-07-25,S001,north,0,0,19.6,4.44,191,848.04
2023-07-26,S001,north,0,0,25.2,4.08,191,779.28
2023-07-27,S001,north,0,0,23.1,4.28,215,920.2
2023-07-28,S001,north,0,0,24.2,4.22,244,1029.68
2023-07-29,S001,north,0,0,23.9,4.25,276,1173.0
2023-07-30,S001,north,0,0,28.7,4.23,253,1070.19
2023-07-31,S001,north,0,0,25.1,4.16,206,856.96
2023-08-01,S001,north,1,0,26.0,4.26,236,1005.36
2023-08-02,S001,north,0,0,18.3,4.09,200,818.0
2023-08-03,S001,north,0,0,25.0,4.1,227,930.7
2023-08-04,S001,north,0,0,19.9,4.12,249,1025.88
2023-08-05,S001,north,0,0,21.2,4.13,282,1164.66
2023-08-06,S001,north,0,0,24.5,4.21,216,909.36
2023-08-07,S001,north,0,0,27.7,4.22,212,894.64
2023-08-08,S001,north,0,0,22.1,4.26,172,732.72
2023-08-09,S001,north,0,0,21.4,4.27,195,832.65
2023-08-10,S001,north,0,0,20.2,4.41,201,886.41
2023-08-11,S001,north,0,0,23.2,4.48,239,1070.72
2023-08-12,S001,north,0,0,16.3,4.09,243,993.87
2023-08-13,S001,north,0,0,18.7,4.29,209,896.61
2023-08-14,S001,north,0,0,22.4,4.27,178,760.06
2023-08-15,S001,north,0,0,22.3,4.24,158,669.92
2023-08-16,S001,north,0,0,24.0,4.27,194,828.38
2023-08-17,S001,north,0,0,22.0,4.16,213,886.08
2023-08-18,S001,north,0,0,22.1,4.1,227,930.7
2023-08-19,S001,north,0,0,20.8,4.29,249,1068.21
2023-08-20,S001,north,0,0,22.4,4.32,209,902.88
2023-08-21,S001,north,1,0,18.3,4.13,219,904.47
2023-08-22,S001,north,0,0,17.9,4.03,159,640.77
2023-08-23,S001,north,0,0,19.1,4.28,166,710.48
2023-08-24,S001,north,0,0,17.9,4.2,221,928.2
2023-08-25,S001,north,0,0,22.5,4.2,227,953.4
2023-08-26,S001,north,1,0,20.5,4.16,319,1327.04
2023-08-27,S001,north,0,0,23.0,4.26,235,1001.1
2023-08-28,S001,north,0,0,16.5,4.4,172,756.8
2023-08-29,S001,north,0,0,22.3,4.11,170,698.7
2023-08-30,S001,north,0,0,19.0,4.34,190,824.6
2023-08-31,S001,north,1,0,20.7,4.34,222,963.48
2023-09-01,S001,north,0,0,16.4,4.24,219,928.56
2023-09-02,S001,north,0,0,17.6,4.19,255,1068.45
2023-09-03,S001,north,0,0,21.6,4.2,209,877.8
2023-09-04,S001,north,0,0,24.5,4.31,169,728.39
2023-09-05,S001,north,0,0,23.7,4.44,166,737.04
2023-09-06,S001,north,0,0,17.7,4.25,179,760.75
2023-09-07,S001,north,0,0,16.3,4.15,201,834.15
2023-09-08,S001,north,0,0,26.4,4.16,240,998.4
2023-09-09,S001,north,0,0,20.0,4.27,238,1016.26
2023-09-10,S001,north,0,0,18.9,4.1,214,877.4
2023-09-11,S001,north,0,0,19.6,4.18,176,735.68
2023-09-12,S001,north,0,0,20.3,4.11,190,780.9
2023-09-13,S001,north,0,0,14.1,4.35,169,735.15
2023-09-14,S001,north,1,0,16.5,4.02,240,964.8
2023-09-15,S001,north,1,0,18.2,4.25,264,1122.0
2023-09-16,S001,north,1,0,18.2,4.29,313,1342.77
2023-09-17,S001,north,0,0,18.5,4.35,203,883.05
2023-09-18,S001,north,1,0,15.1,4.04,199,803.96
2023-09-19,S001,north,0,0,14.0,4.03,165,664.95
2023-09-20,S001,north,0,0,20.6,4.21,171,719.91
2023-09-21,S001,north,0,0,17.2,4.14,160,662.4
2023-09-22,S001,north,0,0,16.4,4.0,220,880.0
2023-09-23,S001,north,0,0,17.5,4.28,231,988.68
2023-09-24,S001,north,0,0,17.8,4.24,207,877.68
2023-09-25,S001,north,0,0,18.9,4.15,173,717.95
2023-09-26,S001,north,0,0,13.2,4.35,163,709.05
2023-09-27,S001,north,1,0,17.2,4.16,233,969.28
2023-09-28,S001,north,0,0,16.0,4.2,196,823.2
2023-09-29,S001,north,1,0,18.7,4.21,273,1149.33
2023-09-30,S001,north,0,0,10.2,4.41,228,1005.48
2023-10-01,S001,north,1,0,16.8,4.18,252,1053.36
2023-10-02,S001,north,0,0,22.9,4.37,181,790.97
2023-10-03,S001,north,0,0,13.6,4.27,167,713.09
2023-10-04,S001,north,0,0,15.7,4.31,165,711.15
2023-10-05,S001,north,1,0,19.1,4.31,225,969.75
2023-10-06,S001,north,0,0,14.1,4.21,206,867.26
2023-10-07,S001,north,0,0,18.8,4.49,240,1077.6
2023-10-08,S001,north,0,0,15.0,4.21,188,791.48
2023-10-09,S001,north,0,0,15.7,4.2,169,709.8
2023-10-10,S001,north,0,0,14.4,4.24,145,614.8
2023-10-11,S001,north,0,0,10.1,4.37,159,694.83
2023-10-12,S001,north,0,0,15.0,4.31,173,745.63
2023-10-13,S001,north,0,0,12.7,4.24,220,932.8
2023-10-14,S001,north,0,0,15.9,4.15,243,1008.45
2023-10-15,S001,north,0,0,11.6,4.34,169,733.46
2023-10-16,S001,north,0,0,12.3,4.16,167,694.72
2023-10-17,S001,north,1,0,11.1,4.03,184,741.52
2023-10-18,S001,north,0,0,13.3,4.28,172,736.16
2023-10-19,S001,north,0,0,14.0,4.17,169,704.73
2023-10-20,S001,north,0,0,12.2,4.36,200,872.0
2023-10-21,S001,north,0,0,14.6,4.26,245,1043.7
2023-10-22,S001,north,0,0,11.8,4.32,184,794.88
2023-10-23,S001,north,0,0,13.9,4.35,163,709.05
2023-10-24,S001,north,0,0,11.7,4.09,150,613.5
2023-10-25,S001,north,0,0,11.1,4.41,173,762.93
2023-10-26,S001,north,0,0,10.7,4.22,173,730.06
2023-10-27,S001,north,1,0,6.3,4.29,240,1029.6
2023-10-28,S001,north,0,0,8.5,4.2,238,999.6
2023-10-29,S001,north,0,0,14.3,4.36,210,915.6
2023-10-30,S001,north,0,0,9.6,4.18,162,677.16
2023-10-31,S001,north,0,0,14.2,4.26,158,673.08
2023-11-01,S001,north,0,0,10.4,4.42,149,658.58
2023-11-02,S001,north,1,0,12.5,4.29,237,1016.73
2023-11-03,S001,north,0,0,4.6,4.06,184,747.04
2023-11-04,S001,north,0,0,11.3,4.22,228,962.16
2023-11-05,S001,north,0,0,9.8,4.16,205,852.8
2023-11-06,S001,north,0,0,7.7,4.35,150,652.5
2023-11-07,S001,north,0,0,6.3,4.36,145,632.2
2023-11-08,S001,north,0,0,10.2,4.37,141,616.17
2023-11-09,S001,north,0,0,11.6,4.45,193,858.85
2023-11-10,S001,north,1,0,5.9,4.24,262,1110.88
2023-11-11,S001,north,0,0,7.1,4.58,235,1076.3
2023-11-12,S001,north,0,0,6.0,4.27,199,849.73
2023-11-13,S001,north,0,0,6.9,4.29,169,725.01
2023-11-14,S001,north,0,0,7.6,4.22,143,603.46
2023-11-15,S001,north,0,0,7.5,4.42,178,786.76
2023-11-16,S001,north,0,0,9.5,4.23,193,816.39
2023-11-17,S001,north,0,0,8.3,4.26,189,805.14
2023-11-18,S001,north,1,0,0.6,4.3,283,1216.9
2023-11-19,S001,north,0,0,1.7,4.37,190,830.3
2023-11-20,S001,north,0,0,5.9,4.12,154,634.48
2023-11-21,S001,north,1,0,1.8,4.42,190,839.8
2023-11-22,S001,north,0,0,2.3,4.26,154,656.04
2023-11-23,S001,north,0,0,7.5,4.32,171,738.72
2023-11-24,S001,north,0,0,8.6,4.2,205,861.0
2023-11-25,S001,north,0,0,-0.2,4.18,263,1099.34
2023-11-26,S001,north,0,0,5.6,4.23,207,875.61
2023-11-27,S001,north,0,0,1.2,4.27,173,738.71
2023-11-28,S001,north,0,1,4.2,4.33,160,692.8
2023-11-29,S001,north,0,0,6.5,4.42,153,676.26
2023-11-30,S001,north,0,0,6.5,4.18,184,769.12
2023-12-01,S001,north,1,0,0.7,4.2,240,1008.0
2023-12-02,S001,north,0,0,4.5,4.36,229,998.44
2023-12-03,S001,north,0,0,5.6,4.14,191,790.74
2023-12-04,S001,north,0,0,3.0,4.11,156,641.16
2023-12-05,S001,north,0,0,7.1,4.09,144,588.96
2023-12-06,S001,north,0,0,5.9,4.27,166,708.82
2023-12-07,S001,north,0,0,11.7,4.27,191,815.57
2023-12-08,S001,north,1,0,8.1,4.34,260,1128.4
2023-12-09,S001,north,0,0,1.3,4.17,228,950.76
2023-12-10,S001,north,0,0,1.3,4.18,218,911.24
2023-12-11,S001,north,0,0,1.9,4.4,144,633.6
2023-12-12,S001,north,0,0,5.5,4.19,148,620.12
2023-12-13,S001,north,1,0,-2.8,4.19,216,905.04
2023-12-14,S001,north,0,0,1.4,4.24,187,792.88
2023-12-15,S001,north,0,0,4.3,4.23,210,888.3
2023-12-16,S001,north,0,0,1.1,4.31,230,991.3
2023-12-17,S001,north,0,0,4.4,4.19,182,762.58
2023-12-18,S001,north,0,0,-2.9,4.12,153,630.36
2023-12-19,S001,north,1,0,5.5,4.26,196,834.96
2023-12-20,S001,north,1,0,2.0,4.37,217,948.29
2023-12-21,S001,north,1,0,6.2,4.05,241,976.05
2023-12-22,S001,north,0,0,1.2,4.39,225,987.75
2023-12-23,S001,north,1,0,0.6,4.39,288,1264.32
2023-12-24,S001,north,0,0,3.4,4.32,199,859.68
2023-12-25,S001,north,0,1,-0.8,4.26,183,779.58
2023-12-26,S001,north,0,0,1.3,4.32,138,596.16
2023-12-27,S001,north,0,0,7.4,4.27,191,815.57
2023-12-28,S001,north,0,0,4.9,4.29,170,729.3
2023-12-29,S001,north,0,0,6.0,4.31,207,892.17
2023-12-30,S001,north,0,0,1.4,4.43,238,1054.34
2023-12-31,S001,north,0,0,0.7,4.21,189,795.69
2024-01-01,S001,north,0,1,2.1,4.14,192,794.88
2024-01-02,S001,north,0,0,3.0,4.29,156,669.24
2024-01-03,S001,north,0,0,-0.9,4.05,166,672.3
2024-01-04,S001,north,0,0,-1.8,4.48,195,873.6
2024-01-05,S001,north,0,0,5.1,4.15,219,908.85
2024-01-06,S001,north,0,0,3.7,4.18,258,1078.44
2024-01-07,S001,north,0,0,-1.3,4.22,189,797.58
2024-01-08,S001,north,0,0,-1.1,4.47,177,791.19
2024-01-09,S001,north,0,0,0.2,4.37,172,751.64
2024-01-10,S001,north,0,0,0.2,4.03,162,652.86
2024-01-11,S001,north,0,0,-3.0,4.27,191,815.57
2024-01-12,S001,north,0,0,1.3,4.16,221,919.36
2024-01-13,S001,north,0,0,-1.5,4.21,264,1111.44
2024-01-14,S001,north,0,0,-0.1,4.34,215,933.1
2024-01-15,S001,north,0,0,1.8,4.2,175,735.0
2024-01-16,S001,north,0,0,3.2,4.26,156,664.56
2024-01-17,S001,north,0,0,3.7,4.28,187,800.36
2024-01-18,S001,north,1,0,3.4,4.52,261,1179.72
2024-01-19,S001,north,0,0,-1.5,4.51,220,992.2
2024-01-20,S001,north,0,0,3.6,4.12,266,1095.92
2024-01-21,S001,north,0,0,4.2,4.24,230,975.2
2024-01-22,S001,north,1,0,5.7,4.13,224,925.12
2024-01-23,S001,north,0,0,0.6,4.09,182,744.38
2024-01-24,S001,north,0,0,-3.5,4.27,168,717.36
2024-01-25,S001,north,0,0,3.3,4.18,187,781.66
2024-01-26,S001,north,0,0,2.5,4.37,234,1022.58
2024-01-27,S001,north,0,0,1.7,3.98,265,1054.7
2024-01-28,S001,north,0,0,0.6,4.12,223,918.76
2024-01-29,S001,north,0,0,1.3,4.25,176,748.0
2024-01-30,S001,north,0,0,2.2,4.16,169,703.04
2024-01-31,S001,north,0,0,-1.1,4.08,154,628.32
2024-02-01,S001,north,1,0,-0.3,4.23,258,1091.34
2024-02-02,S001,north,0,0,1.5,4.23,228,964.44
2024-02-03,S001,north,0,0,3.8,4.28,261,1117.08
2024-02-04,S001,north,1,0,3.2,4.24,274,1161.76
2024-02-05,S001,north,0,0,2.1,4.34,184,798.56
2024-02-06,S001,north,1,0,3.2,4.25,212,901.0
2024-02-07,S001,north,0,0,-2.3,4.15,185,767.75
2024-02-08,S001,north,0,0,-0.3,4.24,183,775.92
2024-02-09,S001,north,0,0,4.7,4.37,243,1061.91
2024-02-10,S001,north,0,0,0.1,4.07,280,1139.6
2024-02-11,S001,north,0,0,0.6,4.16,238,990.08
2024-02-12,S001,north,1,0,4.3,4.12,230,947.6
2024-02-13,S001,north,0,0,3.3,4.17,183,763.11
2024-02-14,S001,north,0,0,1.2,4.11,196,805.56
2024-02-15,S001,north,0,0,1.3,4.28,213,911.64
2024-02-16,S001,north,0,0,0.4,4.27,219,935.13
2024-02-17,S001,north,0,0,1.7,4.21,280,1178.8
2024-02-18,S001,north,0,0,-3.5,4.13,214,883.82
2024-02-19,S001,north,0,0,3.6,4.21,168,707.28
2024-02-20,S001,north,0,0,4.3,4.36,182,793.52
2024-02-21,S001,north,0,0,2.4,4.36,185,806.6
2024-02-22,S001,north,0,0,0.5,4.22,206,869.32
2024-02-23,S001,north,0,0,4.2,4.15,247,1025.05
2024-02-24,S001,north,0,0,1.1,4.29,264,1132.56
2024-02-25,S001,north,0,0,3.8,4.14,232,960.48
2024-02-26,S001,north,0,0,7.9,4.47,228,1019.16
2024-02-27,S001,north,1,0,0.3,4.22,201,848.22
2024-02-28,S001,north,1,0,2.1,4.55,251,1142.05
2024-02-29,S001,north,0,0,-0.4,4.23,216,913.68
2024-03-01,S001,north,0,0,3.6,4.32,261,1127.52
2024-03-02,S001,north,0,0,3.9,4.22,288,1215.36
2024-03-03,S001,north,0,0,3.7,4.04,240,969.6
2024-03-04,S001,north,0,0,1.7,4.28,191,817.48
2024-03-05,S001,north,0,0,3.6,4.35,187,813.45
2024-03-06,S001,north,0,0,5.3,4.39,200,878.0
2024-03-07,S001,north,0,0,3.0,4.19,218,913.42
2024-03-08,S001,north,1,0,2.3,4.27,323,1379.21
2024-03-09,S001,north,0,0,5.8,4.26,290,1235.4
2024-03-10,S001,north,0,0,9.8,4.45,253,1125.85
2024-03-11,S001,north,0,0,3.0,4.04,199,803.96
2024-03-12,S001,north,0,0,6.6,4.32,162,699.84
2024-03-13,S001,north,0,0,2.3,4.18,199,831.82
2024-03-14,S001,north,0,0,5.9,4.29,202,866.58
2024-03-15,S001,north,0,0,5.9,4.03,227,914.81
2024-03-16,S001,north,0,0,4.6,4.26,273,1162.98
2024-03-17,S001,north,0,0,4.2,4.28,246,1052.88
2024-03-18,S001,north,0,0,3.7,4.13,204,842.52
2024-03-19,S001,north,0,0,2.0,4.26,177,754.02
2024-03-20,S001,north,0,0,8.9,4.34,222,963.48
2024-03-21,S001,north,0,0,7.7,4.39,222,974.58
2024-03-22,S001,north,0,0,3.9,4.26,250,1065.0
2024-03-23,S001,north,0,0,7.3,4.0,300,1200.0
2024-03-24,S001,north,0,0,7.7,4.31,246,1060.26
2024-03-25,S001,north,0,0,2.7,4.24,196,831.04
2024-03-26,S001,north,0,0,7.3,4.29,182,780.78
2024-03-27,S001,north,0,0,8.3,4.33,218,943.94
2024-03-28,S001,north,0,0,12.6,4.28,214,915.92
2024-03-29,S001,north,0,0,10.8,4.2,257,1079.4
2024-03-30,S001,north,0,0,11.0,4.33,308,1333.64
2024-03-31,S001,north,0,0,10.8,4.45,246,1094.7
2024-04-01,S001,north,0,0,13.0,4.25,224,952.0
2024-04-02,S001,north,0,0,7.9,4.13,178,735.14
2024-04-03,S001,north,0,0,8.8,4.24,216,915.84
2024-04-04,S001,north,0,0,9.7,4.28,207,885.96
2024-04-05,S001,north,0,0,9.0,4.27,267,1140.09
2024-04-06,S001,north,0,0,13.9,4.26,307,1307.82
2024-04-07,S001,north,0,0,11.5,4.3,242,1040.6
2024-04-08,S001,north,0,0,7.9,4.11,216,887.76
2024-04-09,S001,north,0,0,12.0,4.06,219,889.14
2024-04-10,S001,north,0,0,8.7,4.32,191,825.12
2024-04-11,S001,north,0,0,9.3,4.13,218,900.34
2024-04-12,S001,north,0,0,13.4,4.29,273,1171.17
2024-04-13,S001,north,1,0,12.3,4.44,390,1731.6
2024-04-14,S001,north,1,0,15.4,4.21,331,1393.51
2024-04-15,S001,north,0,0,11.4,4.18,207,865.26
2024-04-16,S001,north,0,0,9.0,4.26,205,873.3
2024-04-17,S001,north,0,0,9.8,4.35,210,913.5
2024-04-18,S001,north,0,0,11.3,4.03,231,930.93
2024-04-19,S001,north,0,0,11.4,4.23,262,1108.26
2024-04-20,S001,north,1,0,9.9,4.2,383,1608.6
2024-04-21,S001,north,0,0,13.4,4.21,238,1001.98
2024-04-22,S001,north,0,0,14.5,4.51,225,1014.75
2024-04-23,S001,north,0,0,13.8,4.26,216,920.16
2024-04-24,S001,north,0,0,11.6,4.4,202,888.8
2024-04-25,S001,north,0,0,9.6,4.25,226,960.5
2024-04-26,S001,north,0,0,13.2,4.3,267,1148.1
2024-04-27,S001,north,0,0,14.6,4.49,329,1477.21
2024-04-28,S001,north,0,0,11.1,4.52,275,1243.0
2024-04-29,S001,north,0,0,12.5,4.14,217,898.38
2024-04-30,S001,north,1,0,15.4,4.15,268,1112.2
2024-05-01,S001,north,0,0,13.7,4.36,222,967.92
2024-05-02,S001,north,0,0,13.4,4.45,237,1054.65
2024-05-03,S001,north,0,0,16.3,4.29,279,1196.91
2024-05-04,S001,north,0,0,14.4,4.1,307,1258.7
2024-05-05,S001,north,0,0,9.8,4.2,248,1041.6
2024-05-06,S001,north,0,0,12.4,4.38,213,932.94
2024-05-07,S001,north,0,0,14.9,4.03,219,882.57
2024-05-08,S001,north,0,0,10.8,4.22,202,852.44
2024-05-09,S001,north,0,0,15.8,4.25,226,960.5
2024-05-10,S001,north,0,0,17.5,4.38,256,1121.28
2024-05-11,S001,north,0,0,17.1,4.27,306,1306.62
2024-05-12,S001,north,0,0,14.6,4.42,270,1193.4
2024-05-13,S001,north,1,0,13.1,4.21,282,1187.22
2024-05-14,S001,north,1,0,16.4,4.41,275,1212.75
2024-05-15,S001,north,1,0,15.2,4.15,279,1157.85
2024-05-16,S001,north,0,0,16.1,4.44,243,1078.92
2024-05-17,S001,north,0,0,11.8,4.39,267,1172.13
2024-05-18,S001,north,0,0,26.4,4.09,312,1276.08
2024-05-19,S001,north,0,0,17.3,4.36,243,1059.48
2024-05-20,S001,north,0,0,23.4,4.25,221,939.25
2024-05-21,S001,north,0,0,13.6,4.24,192,814.08
2024-05-22,S001,north,0,0,16.1,4.25,226,960.5
2024-05-23,S001,north,0,0,18.0,4.23,244,1032.12
2024-05-24,S001,north,0,0,17.6,4.36,273,1190.28
2024-05-25,S001,north,0,0,15.7,4.31,325,1400.75
2024-05-26,S001,north,0,0,12.0,4.31,239,1030.09
2024-05-27,S001,north,0,0,19.3,4.16,226,940.16
2024-05-28,S001,north,0,0,23.0,4.34,206,894.04
2024-05-29,S001,north,0,0,18.7,4.23,218,922.14
2024-05-30,S001,north,0,0,14.6,4.23,234,989.82
2024-05-31,S001,north,1,0,19.6,4.37,354,1546.98
2024-06-01,S001,north,0,0,19.0,4.35,324,1409.4
2024-06-02,S001,north,0,0,22.3,4.18,270,1128.6
2024-06-03,S001,north,0,0,21.1,4.08,211,860.88
2024-06-04,S001,north,0,0,20.2,4.35,221,961.35
2024-06-05,S001,north,0,0,18.8,4.21,231,972.51
2024-06-06,S001,north,0,0,26.5,4.01,256,1026.56
2024-06-07,S001,north,0,0,22.9,4.01,258,1034.58
2024-06-08,S001,north,0,0,20.8,4.27,309,1319.43
2024-06-09,S001,north,0,0,21.6,4.29,242,1038.18
2024-06-10,S001,north,0,0,17.9,4.24,230,975.2
2024-06-11,S001,north,1,0,21.1,4.22,274,1156.28
2024-06-12,S001,north,0,0,24.8,4.32,246,1062.72
2024-06-13,S001,north,0,0,20.0,4.28,247,1057.16
2024-06-14,S001,north,0,0,21.7,4.2,279,1171.8
2024-06-15,S001,north,0,0,19.1,4.34,328,1423.52
2024-06-16,S001,north,1,0,17.9,4.25,323,1372.75
2024-06-17,S001,north,0,0,18.3,4.44,213,945.72
2024-06-18,S001,north,0,0,18.5,4.31,231,995.61
2024-06-19,S001,north,0,0,20.2,4.16,217,902.72
2024-06-20,S001,north,0,0,19.1,4.43,262,1160.66
2024-06-21,S001,north,0,0,21.1,4.19,275,1152.25
2024-06-22,S001,north,0,0,20.3,4.06,316,1282.96
2024-06-23,S001,north,0,0,20.6,4.41,273,1203.93
2024-06-24,S001,north,0,0,26.8,4.29,233,999.57
2024-06-25,S001,north,0,0,22.0,4.26,206,877.56
2024-06-26,S001,north,0,0,24.2,4.07,234,952.38
2024-06-27,S001,north,0,0,23.8,4.07,246,1001.22
2024-06-28,S001,north,0,0,23.1,4.22,270,1139.4
2024-06-29,S001,north,0,0,22.6,4.27,312,1332.24
2024-06-30,S001,north,1,0,25.4,4.38,335,1467.3
2024-07-01,S001,north,0,0,24.3,4.12,230,947.6
2024-07-02,S001,north,0,0,20.8,4.45,212,943.4
2024-07-03,S001,north,0,0,27.5,4.49,243,1091.07
2024-07-04,S001,north,0,1,21.1,4.36,226,985.36
2024-07-05,S001,north,0,0,26.4,4.3,264,1135.2
2024-07-06,S001,north,0,0,22.1,4.15,299,1240.85
2024-07-07,S001,north,0,0,22.8,4.31,265,1142.15
2024-07-08,S001,north,0,0,25.2,4.2,245,1029.0
2024-07-09,S001,north,1,0,24.8,4.1,274,1123.4
2024-07-10,S001,north,0,0,22.8,4.2,218,915.6
2024-07-11,S001,north,0,0,20.9,4.37,229,1000.73
2024-07-12,S001,north,0,0,20.8,4.45,285,1268.25
2024-07-13,S001,north,0,0,22.1,4.26,300,1278.0
2024-07-14,S001,north,0,0,20.9,4.22,262,1105.64
2024-07-15,S001,north,0,0,23.7,4.13,222,916.86
2024-07-16,S001,north,0,0,24.9,4.19,204,854.76
2024-07-17,S001,north,0,0,22.5,4.28,219,937.32
2024-07-18,S001,north,0,0,20.4,4.62,248,1145.76
2024-07-19,S001,north,0,0,23.0,4.45,264,1174.8
2024-07-20,S001,north,1,0,20.4,4.28,379,1622.12
2024-07-21,S001,north,0,0,29.9,4.3,268,1152.4
2024-07-22,S001,north,0,0,21.6,4.17,216,900.72
2024-07-23,S001,north,1,0,24.2,4.15,267,1108.05
2024-07-24,S001,north,1,0,22.6,4.16,260,1081.6
2024-07-25,S001,north,0,0,21.0,4.2,233,978.6
2024-07-26,S001,north,0,0,23.7,4.21,260,1094.6
2024-07-27,S001,north,1,0,25.1,4.34,359,1558.06
2024-07-28,S001,north,0,0,21.1,4.32,252,1088.64
2024-07-29,S001,north,1,0,19.8,4.42,250,1105.0
2024-07-30,S001,north,0,0,20.6,4.26,201,856.26
2024-07-31,S001,north,1,0,22.3,4.21,270,1136.7
2024-08-01,S001,north,0,0,24.0,4.22,216,911.52
2024-08-02,S001,north,1,0,18.9,4.3,327,1406.1
2024-08-03,S001,north,0,0,24.7,4.3,309,1328.7
2024-08-04,S001,north,0,0,17.1,4.26,256,1090.56
2024-08-05,S001,north,0,0,19.0,4.22,210,886.2
2024-08-06,S001,north,0,0,17.6,4.44,187,830.28
2024-08-07,S001,north,0,0,23.0,4.41,201,886.41
2024-08-08,S001,north,0,0,19.9,4.03,222,894.66
2024-08-09,S001,north,0,0,17.2,4.47,271,1211.37
2024-08-10,S001,north,0,0,23.6,4.4,289,1271.6
2024-08-11,S001,north,0,0,16.9,4.21,227,955.67
2024-08-12,S001,north,0,0,19.7,4.41,199,877.59
2024-08-13,S001,north,0,0,18.6,4.2,203,852.6
2024-08-14,S001,north,0,0,21.6,4.28,223,954.44
2024-08-15,S001,north,1,0,24.1,4.31,283,1219.73
2024-08-16,S001,north,0,0,22.6,4.04,240,969.6
2024-08-17,S001,north,0,0,22.3,4.3,281,1208.3
2024-08-18,S001,north,1,0,18.6,4.28,289,1236.92
2024-08-19,S001,north,0,0,18.3,4.23,185,782.55
2024-08-20,S001,north,0,0,17.1,4.1,197,807.7
2024-08-21,S001,north,0,0,17.3,4.41,210,926.1
2024-08-22,S001,north,0,0,19.9,4.42,194,857.48
2024-08-23,S001,north,0,0,17.7,4.24,234,992.16
2024-08-24,S001,north,0,0,24.0,4.37,282,1232.34
2024-08-25,S001,north,0,0,20.0,4.28,229,980.12
2024-08-26,S001,north,1,0,20.4,4.25,254,1079.5
2024-08-27,S001,north,0,0,28.2,4.1,200,820.0
2024-08-28,S001,north,0,0,17.9,4.33,219,948.27
2024-08-29,S001,north,0,0,24.8,4.07,212,862.84
2024-08-30,S001,north,1,0,21.7,4.27,334,1426.18
2024-08-31,S001,north,0,0,19.3,4.27,278,1187.06
2024-09-01,S001,north,1,0,21.7,4.31,290,1249.9
2024-09-02,S001,north,0,0,19.3,4.18,190,794.2
2024-09-03,S001,north,0,0,16.4,4.25,201,854.25
2024-09-04,S001,north,0,0,20.0,4.22,196,827.12
2024-09-05,S001,north,0,0,26.0,4.17,200,834.0
2024-09-06,S001,north,0,0,18.6,4.14,232,960.48
2024-09-07,S001,north,0,0,23.0,4.2,293,1230.6
2024-09-08,S001,north,0,0,17.5,4.31,231,995.61
2024-09-09,S001,north,1,0,20.5,4.01,250,1002.5
2024-09-10,S001,north,0,0,21.9,4.32,182,786.24
2024-09-11,S001,north,0,0,24.0,4.34,197,854.98
2024-09-12,S001,north,0,0,16.3,4.09,207,846.63
2024-09-13,S001,north,0,0,17.4,4.08,219,893.52
2024-09-14,S001,north,1,0,18.8,4.19,330,1382.7
2024-09-15,S001,north,0,0,14.6,3.94,214,843.16
2024-09-16,S001,north,0,0,21.6,4.21,196,825.16
2024-09-17,S001,north,0,0,19.6,4.35,194,843.9
2024-09-18,S001,north,1,0,14.6,4.14,252,1043.28
2024-09-19,S001,north,0,0,21.2,4.26,206,877.56
2024-09-20,S001,north,0,0,18.7,4.34,246,1067.64
2024-09-21,S001,north,0,0,18.7,4.26,265,1128.9
2024-09-22,S001,north,0,0,13.4,4.3,235,1010.5
2024-09-23,S001,north,1,0,18.5,4.39,248,1088.72
2024-09-24,S001,north,0,0,18.5,4.12,168,692.16
2024-09-25,S001,north,0,0,15.6,4.24,182,771.68
2024-09-26,S001,north,0,0,17.4,4.31,204,879.24
2024-09-27,S001,north,0,0,16.8,4.25,228,969.0
2024-09-28,S001,north,0,0,16.3,4.26,266,1133.16
2024-09-29,S001,north,0,0,17.3,4.23,242,1023.66
2024-09-30,S001,north,0,0,11.5,4.22,186,784.92
2024-10-01,S001,north,0,0,11.9,4.04,172,694.88
2024-10-02,S001,north,0,0,19.1,4.12,202,832.24
2024-10-03,S001,north,0,0,12.1,4.15,205,850.75
2024-10-04,S001,north,0,0,13.9,4.46,236,1052.56
2024-10-05,S001,north,0,0,11.8,4.5,267,1201.5
2024-10-06,S001,north,0,0,15.4,4.15,228,946.2
2024-10-07,S001,north,0,0,11.3,4.31,192,827.52
2024-10-08,S001,north,0,0,10.9,4.19,173,724.87
2024-10-09,S001,north,0,0,16.4,4.16,188,782.08
2024-10-10,S001,north,0,0,14.0,4.15,197,817.55
2024-10-11,S001,north,0,0,16.7,4.12,231,951.72
2024-10-12,S001,north,0,0,17.0,4.05,256,1036.8
2024-10-13,S001,north,0,0,13.6,4.05,224,907.2
2024-10-14,S001,north,0,0,13.0,4.26,181,771.06
2024-10-15,S001,north,1,0,10.6,4.37,229,1000.73
2024-10-16,S001,north,0,0,9.5,4.25,184,782.0
2024-10-17,S001,north,0,0,7.3,4.14,189,782.46
2024-10-18,S001,north,0,0,14.6,4.16,243,1010.88
2024-10-19,S001,north,1,0,9.2,4.32,334,1442.88
2024-10-20,S001,north,1,0,18.2,4.36,287,1251.32
2024-10-21,S001,north,0,0,12.0,4.32,198,855.36
2024-10-22,S001,north,0,0,9.4,4.1,167,684.7
2024-10-23,S001,north,0,0,10.6,4.2,185,777.0
2024-10-24,S001,north,0,0,9.8,4.26,193,822.18
2024-10-25,S001,north,0,0,11.8,4.31,201,866.31
2024-10-26,S001,north,0,0,11.0,4.16,262,1089.92
2024-10-27,S001,north,0,0,12.8,4.19,216,905.04
2024-10-28,S001,north,0,0,7.3,4.27,175,747.25
2024-10-29,S001,north,1,0,11.9,4.12,211,869.32
2024-10-30,S001,north,0,0,9.4,4.26,178,758.28
2024-10-31,S001,north,0,0,6.4,4.14,196,811.44
2024-11-01,S001,north,0,0,11.4,4.3,223,958.9
2024-11-02,S001,north,0,0,7.6,4.41,276,1217.16
2024-11-03,S001,north,1,0,9.0,4.2,289,1213.8
2024-11-04,S001,north,1,0,8.7,4.26,221,941.46
2024-11-05,S001,north,0,0,8.6,4.39,163,715.57
2024-11-06,S001,north,0,0,15.2,4.19,189,791.91
2024-11-07,S001,north,0,0,3.8,3.98,187,744.26
2024-11-08,S001,north,0,0,10.6,4.08,228,930.24
2024-11-09,S001,north,1,0,11.7,4.34,332,1440.88
2024-11-10,S001,north,0,0,4.3,4.24,194,822.56
2024-11-11,S001,north,0,0,7.8,3.94,166,654.04
2024-11-12,S001,north,0,0,10.0,4.36,158,688.88
2024-11-13,S001,north,1,0,7.9,4.29,232,995.28
2024-11-14,S001,north,0,0,10.5,4.27,181,772.87
2024-11-15,S001,north,0,0,1.8,4.62,217,1002.54
2024-11-16,S001,north,0,0,5.5,4.22,238,1004.36
2024-11-17,S001,north,0,0,5.6,4.3,221,950.3
2024-11-18,S001,north,0,0,8.8,4.25,180,765.0
2024-11-19,S001,north,0,0,4.5,4.35,162,704.7
2024-11-20,S001,north,0,0,0.6,4.25,193,820.25
2024-11-21,S001,north,0,0,6.7,4.39,202,886.78
2024-11-22,S001,north,0,0,8.8,4.34,242,1050.28
2024-11-23,S001,north,0,0,9.4,4.44,262,1163.28
2024-11-24,S001,north,0,0,2.2,4.11,195,801.45
2024-11-25,S001,north,0,0,2.9,4.1,193,791.3
2024-11-26,S001,north,0,0,4.7,4.37,187,817.19
2024-11-27,S001,north,0,0,6.9,4.06,174,706.44
2024-11-28,S001,north,0,1,5.6,4.32,203,876.96
2024-11-29,S001,north,0,0,7.3,4.31,222,956.82
2024-11-30,S001,north,0,0,6.6,4.3,263,1130.9
2024-12-01,S001,north,0,0,9.3,4.51,224,1010.24
2024-12-02,S001,north,0,0,2.3,4.03,173,697.19
2024-12-03,S001,north,1,0,6.0,4.07,212,862.84
2024-12-04,S001,north,0,0,4.5,4.24,204,864.96
2024-12-05,S001,north,0,0,2.5,4.35,201,874.35
2024-12-06,S001,north,0,0,-0.5,4.19,206,863.14
2024-12-07,S001,north,0,0,5.8,4.26,268,1141.68
2024-12-08,S001,north,0,0,6.6,4.18,232,969.76
2024-12-09,S001,north,0,0,-0.6,4.12,164,675.68
2024-12-10,S001,north,0,0,3.6,4.37,179,782.23
2024-12-11,S001,north,0,0,0.5,4.14,180,745.2
2024-12-12,S001,north,0,0,3.9,4.13,208,859.04
2024-12-13,S001,north,0,0,5.0,4.24,231,979.44
2024-12-14,S001,north,0,0,3.8,4.45,257,1143.65
2024-12-15,S001,north,0,0,8.7,4.38,212,928.56
2024-12-16,S001,north,0,0,2.1,4.06,173,702.38
2024-12-17,S001,north,0,0,2.8,4.01,176,705.76
2024-12-18,S001,north,0,0,1.7,4.35,175,761.25
2024-12-19,S001,north,0,0,-1.3,4.29,194,832.26
2024-12-20,S001,north,1,0,5.8,4.39,305,1338.95
2024-12-21,S001,north,0,0,-2.8,4.19,255,1068.45
2024-12-22,S001,north,0,0,3.3,4.43,218,965.74
2024-12-23,S001,north,0,0,-2.8,4.34,171,742.14
2024-12-24,S001,north,0,0,5.1,4.04,168,678.72
2024-12-25,S001,north,0,1,3.9,4.17,199,829.83
2024-12-26,S001,north,0,0,-0.7,4.3,181,778.3
2024-12-27,S001,north,0,0,5.0,4.44,249,1105.56
2024-12-28,S001,north,0,0,2.9,4.07,278,1131.46
2024-12-29,S001,north,0,0,1.3,4.32,212,915.84
2024-12-30,S001,north,0,0,5.1,4.27,183,781.41
2024-12-31,S001,north,0,0,1.0,4.21,186,783.06
2023-01-01,S002,south,0,1,-2.6,4.69,239,1120.91
2023-01-02,S002,south,0,0,5.8,4.53,206,933.18
2023-01-03,S002,south,0,0,-1.6,4.85,188,911.8
2023-01-04,S002,south,1,0,1.6,4.61,254,1170.94
2023-01-05,S002,south,0,0,0.3,4.61,198,912.78
2023-01-06,S002,south,0,0,1.4,4.76,259,1232.84
2023-01-07,S002,south,1,0,-3.3,4.73,360,1702.8
2023-01-08,S002,south,0,0,1.7,4.69,260,1219.4
2023-01-09,S002,south,0,0,0.4,4.92,192,944.64
2023-01-10,S002,south,0,0,3.3,4.75,197,935.75
2023-01-11,S002,south,0,0,1.1,4.63,209,967.67
2023-01-12,S002,south,0,0,1.0,4.85,217,1052.45
2023-01-13,S002,south,0,0,1.7,4.35,278,1209.3
2023-01-14,S002,south,1,0,-0.4,4.73,378,1787.94
2023-01-15,S002,south,0,0,1.7,4.69,240,1125.6
2023-01-16,S002,south,0,0,0.5,4.48,200,896.0
2023-01-17,S002,south,1,0,-1.4,4.78,256,1223.68
2023-01-18,S002,south,0,0,-0.1,4.53,200,906.0
2023-01-19,S002,south,1,0,-0.5,4.66,314,1463.24
2023-01-20,S002,south,1,0,0.4,4.69,333,1561.77
2023-01-21,S002,south,0,0,0.6,4.41,292,1287.72
2023-01-22,S002,south,0,0,-0.8,4.68,249,1165.32
2023-01-23,S002,south,0,0,3.6,4.42,213,941.46
2023-01-24,S002,south,0,0,-0.4,4.57,190,868.3
2023-01-25,S002,south,0,0,-3.7,4.81,210,1010.1
2023-01-26,S002,south,0,0,-2.4,5.0,224,1120.0
2023-01-27,S002,south,0,0,10.4,4.6,268,1232.8
2023-01-28,S002,south,0,0,3.0,4.84,338,1635.92
2023-01-29,S002,south,0,0,4.6,4.66,247,1151.02
2023-01-30,S002,south,0,0,3.2,4.64,199,923.36
2023-01-31,S002,south,1,0,-3.9,4.74,263,1246.62
2023-02-01,S002,south,0,0,0.7,4.5,208,936.0
2023-02-02,S002,south,0,0,1.7,4.69,240,1125.6
2023-02-03,S002,south,1,0,2.5,4.64,344,1596.16
2023-02-04,S002,south,0,0,0.3,4.52,309,1396.68
2023-02-05,S002,south,1,0,1.2,4.59,343,1574.37
2023-02-06,S002,south,0,0,5.3,4.81,218,1048.58
2023-02-07,S002,south,0,0,8.4,4.65,215,999.75
2023-02-08,S002,south,0,0,5.3,4.34,211,915.74
2023-02-09,S002,south,0,0,1.5,4.38,247,1081.86
2023-02-10,S002,south,0,0,3.8,4.72,287,1354.64
2023-02-11,S002,south,0,0,-0.1,4.6,314,1444.4
2023-02-12,S002,south,0,0,6.1,4.64,266,1234.24
2023-02-13,S002,south,0,0,0.5,4.78,213,1018.14
2023-02-14,S002,south,1,0,3.5,4.58,268,1227.44
2023-02-15,S002,south,0,0,1.5,4.53,209,946.77
2023-02-16,S002,south,0,0,-2.3,4.62,255,1178.1
2023-02-17,S002,south,0,0,3.6,4.66,284,1323.44
2023-02-18,S002,south,0,0,-4.3,4.56,308,1404.48
2023-02-19,S002,south,0,0,-1.7,4.82,272,1311.04
2023-02-20,S002,south,0,0,-0.5,4.56,225,1026.0
2023-02-21,S002,south,0,0,2.2,4.65,208,967.2
2023-02-22,S002,south,1,0,2.0,4.46,278,1239.88
2023-02-23,S002,south,0,0,5.2,4.82,244,1176.08
2023-02-24,S002,south,1,0,5.5,4.7,381,1790.7
2023-02-25,S002,south,0,0,5.1,4.65,336,1562.4
2023-02-26,S002,south,0,0,2.5,4.84,287,1389.08
2023-02-27,S002,south,0,0,-0.9,4.75,212,1007.0
2023-02-28,S002,south,0,0,6.8,4.68,245,1146.6
2023-03-01,S002,south,0,0,4.3,4.64,240,1113.6
2023-03-02,S002,south,1,0,6.0,4.66,333,1551.78
2023-03-03,S002,south,1,0,7.8,4.7,381,1790.7
2023-03-04,S002,south,0,0,5.3,4.64,339,1572.96
2023-03-05,S002,south,0,0,12.0,4.57,307,1402.99
2023-03-06,S002,south,0,0,0.6,4.62,235,1085.7
2023-03-07,S002,south,0,0,4.6,4.39,218,957.02
2023-03-08,S002,south,0,0,3.9,4.73,241,1139.93
2023-03-09,S002,south,0,0,5.6,4.46,241,1074.86
2023-03-10,S002,south,0,0,-0.5,4.71,303,1427.13
2023-03-11,S002,south,0,0,6.3,4.64,342,1586.88
2023-03-12,S002,south,0,0,7.0,4.45,266,1183.7
2023-03-13,S002,south,0,0,2.7,4.44,235,1043.4
2023-03-14,S002,south,0,0,7.3,4.56,224,1021.44
2023-03-15,S002,south,0,0,2.7,4.63,228,1055.64
2023-03-16,S002,south,0,0,3.6,4.53,250,1132.5
2023-03-17,S002,south,0,0,3.6,4.67,311,1452.37
2023-03-18,S002,south,0,0,3.7,4.74,348,1649.52
2023-03-19,S002,south,0,0,9.5,4.72,302,1425.44
2023-03-20,S002,south,0,0,2.8,4.74,254,1203.96
2023-03-21,S002,south,0,0,3.6,4.53,220,996.6
2023-03-22,S002,south,0,0,5.0,4.49,248,1113.52
2023-03-23,S002,south,0,0,4.6,4.7,247,1160.9
2023-03-24,S002,south,0,0,5.7,4.53,314,1422.42
2023-03-25,S002,south,0,0,11.3,4.72,357,1685.04
2023-03-26,S002,south,0,0,14.0,4.8,286,1372.8
2023-03-27,S002,south,1,0,7.9,4.63,315,1458.45
2023-03-28,S002,south,0,0,6.4,4.87,232,1129.84
2023-03-29,S002,south,0,0,10.6,4.6,248,1140.8
2023-03-30,S002,south,1,0,7.9,4.5,340,1530.0
2023-03-31,S002,south,0,0,12.0,4.46,303,1351.38
2023-04-01,S002,south,0,0,11.1,4.37,358,1564.46
2023-04-02,S002,south,0,0,8.2,4.64,289,1340.96
2023-04-03,S002,south,0,0,12.7,4.81,236,1135.16
2023-04-04,S002,south,0,0,7.7,4.54,242,1098.68
2023-04-05,S002,south,1,0,7.0,4.59,298,1367.82
2023-04-06,S002,south,0,0,8.3,4.59,263,1207.17
2023-04-07,S002,south,0,0,11.9,4.75,318,1510.5
2023-04-08,S002,south,0,0,5.6,4.52,341,1541.32
2023-04-09,S002,south,0,0,8.5,4.74,296,1403.04
2023-04-10,S002,south,0,0,12.9,4.89,256,1251.84
2023-04-11,S002,south,0,0,11.6,4.65,261,1213.65
2023-04-12,S002,south,0,0,10.5,4.67,240,1120.8
2023-04-13,S002,south,1,0,12.9,4.51,346,1560.46
2023-04-14,S002,south,0,0,10.8,4.41,309,1362.69
2023-04-15,S002,south,0,0,11.0,4.77,357,1702.89
2023-04-16,S002,south,0,0,6.2,4.71,308,1450.68
2023-04-17,S002,south,0,0,7.7,4.69,239,1120.91
2023-04-18,S002,south,0,0,9.3,4.78,243,1161.54
2023-04-19,S002,south,1,0,10.5,4.7,321,1508.7
2023-04-20,S002,south,0,0,14.4,4.72,271,1279.12
2023-04-21,S002,south,0,0,12.0,4.61,318,1465.98
2023-04-22,S002,south,1,0,12.4,4.72,465,2194.8
2023-04-23,S002,south,0,0,9.9,4.79,295,1413.05
2023-04-24,S002,south,0,0,10.3,4.37,258,1127.46
2023-04-25,S002,south,0,0,13.4,4.52,249,1125.48
2023-04-26,S002,south,0,0,15.9,4.8,284,1363.2
2023-04-27,S002,south,0,0,12.4,4.76,279,1328.04
2023-04-28,S002,south,0,0,13.4,4.63,325,1504.75
2023-04-29,S002,south,0,0,16.8,4.57,368,1681.76
2023-04-30,S002,south,1,0,5.4,4.56,400,1824.0
2023-05-01,S002,south,0,0,17.3,4.74,253,1199.22
2023-05-02,S002,south,0,0,16.8,4.61,250,1152.5
2023-05-03,S002,south,0,0,15.2,4.51,266,1199.66
2023-05-04,S002,south,0,0,19.1,4.52,279,1261.08
2023-05-05,S002,south,0,0,12.8,4.66,329,1533.14
2023-05-06,S002,south,0,0,20.4,4.58,380,1740.4
2023-05-07,S002,south,0,0,12.2,4.69,313,1467.97
2023-05-08,S002,south,0,0,13.6,4.63,274,1268.62
2023-05-09,S002,south,0,0,13.3,4.9,244,1195.6
2023-05-10,S002,south,0,0,12.0,4.78,270,1290.6
2023-05-11,S002,south,1,0,19.8,4.67,359,1676.53
2023-05-12,S002,south,0,0,19.7,4.43,333,1475.19
2023-05-13,S002,south,0,0,18.8,4.43,361,1599.23
2023-05-14,S002,south,1,0,19.1,4.53,371,1680.63
2023-05-15,S002,south,0,0,14.2,4.72,257,1213.04
2023-05-16,S002,south,0,0,17.2,4.53,240,1087.2
2023-05-17,S002,south,0,0,18.5,4.73,281,1329.13
2023-05-18,S002,south,0,0,15.6,4.79,282,1350.78
2023-05-19,S002,south,0,0,18.1,4.6,334,1536.4
2023-05-20,S002,south,0,0,16.6,4.72,354,1670.88
2023-05-21,S002,south,0,0,20.6,4.52,312,1410.24
2023-05-22,S002,south,0,0,20.5,4.61,260,1198.6
2023-05-23,S002,south,0,0,17.4,4.6,253,1163.8
2023-05-24,S002,south,1,0,19.4,4.5,344,1548.0
2023-05-25,S002,south,0,0,15.3,4.79,269,1288.51
2023-05-26,S002,south,0,0,20.4,4.65,322,1497.3
2023-05-27,S002,south,1,0,19.3,4.55,467,2124.85
2023-05-28,S002,south,0,0,21.2,4.61,310,1429.1
2023-05-29,S002,south,1,0,20.7,4.63,339,1569.57
2023-05-30,S002,south,1,0,20.1,4.7,306,1438.2
2023-05-31,S002,south,0,0,19.5,4.75,258,1225.5
2023-06-01,S002,south,0,0,16.9,4.65,269,1250.85
2023-06-02,S002,south,1,0,16.0,4.59,402,1845.18
2023-06-03,S002,south,0,0,24.8,4.6,383,1761.8
2023-06-04,S002,south,1,0,15.8,4.75,365,1733.75
2023-06-05,S002,south,1,0,20.3,4.66,336,1565.76
2023-06-06,S002,south,0,0,20.6,4.57,261,1192.77
2023-06-07,S002,south,1,0,22.7,4.59,330,1514.7
2023-06-08,S002,south,0,0,20.0,4.65,288,1339.2
2023-06-09,S002,south,0,0,24.6,4.82,325,1566.5
2023-06-10,S002,south,1,0,25.0,4.88,467,2278.96
2023-06-11,S002,south,1,0,17.3,4.46,388,1730.48
2023-06-12,S002,south,0,0,20.2,4.68,260,1216.8
2023-06-13,S002,south,0,0,13.6,4.68,247,1155.96
2023-06-14,S002,south,1,0,20.0,4.71,321,1511.91
2023-06-15,S002,south,0,0,12.5,4.82,278,1339.96
2023-06-16,S002,south,0,0,23.6,4.61,320,1475.2
2023-06-17,S002,south,1,0,22.8,4.69,465,2180.85
2023-06-18,S002,south,0,0,19.7,4.63,303,1402.89
2023-06-19,S002,south,0,0,21.2,4.42,239,1056.38
2023-06-20,S002,south,0,0,22.3,4.68,237,1109.16
2023-06-21,S002,south,0,0,19.6,4.84,261,1263.24
2023-06-22,S002,south,0,0,21.4,4.82,273,1315.86
2023-06-23,S002,south,1,0,24.4,4.48,404,1809.92
2023-06-24,S002,south,0,0,21.8,4.7,364,1710.8
2023-06-25,S002,south,1,0,23.7,4.72,377,1779.44
2023-06-26,S002,south,0,0,20.0,4.56,267,1217.52
2023-06-27,S002,south,0,0,26.8,4.62,269,1242.78
2023-06-28,S002,south,0,0,25.4,4.55,267,1214.85
2023-06-29,S002,south,0,0,17.1,4.64,268,1243.52
2023-06-30,S002,south,0,0,19.7,4.58,315,1442.7
2023-07-01,S002,south,0,0,22.2,4.58,363,1662.54
2023-07-02,S002,south,0,0,23.4,4.77,297,1416.69
2023-07-03,S002,south,0,0,25.7,4.61,266,1226.26
2023-07-04,S002,south,0,1,21.1,4.75,258,1225.5
2023-07-05,S002,south,0,0,29.6,4.74,259,1227.66
2023-07-06,S002,south,1,0,25.4,4.7,347,1630.9
2023-07-07,S002,south,0,0,27.0,4.59,303,1390.77
2023-07-08,S002,south,0,0,22.1,4.71,351,1653.21
2023-07-09,S002,south,0,0,23.6,4.55,307,1396.85
2023-07-17,S002,south,0,0,23.4,4.72,285,1345.2
2023-07-18,S002,south,0,0,26.6,4.85,239,1159.15
2023-07-19,S002,south,0,0,23.5,4.86,259,1258.74
2023-07-20,S002,south,0,0,23.6,4.73,276,1305.48
2023-07-21,S002,south,0,0,28.1,4.66,314,1463.24
2023-07-22,S002,south,0,0,20.2,4.7,350,1645.0
2023-07-23,S002,south,0,0,20.1,4.55,294,1337.7
2023-07-24,S002,south,0,0,24.5,4.58,241,1103.78
2023-07-25,S002,south,0,0,19.3,4.66,245,1141.7
2023-07-26,S002,south,0,0,21.5,4.82,254,1224.28
2023-07-27,S002,south,1,0,19.3,4.7,348,1635.6
2023-07-28,S002,south,0,0,25.6,4.65,307,1427.55
2023-07-29,S002,south,1,0,21.8,4.52,430,1943.6
2023-07-30,S002,south,1,0,24.7,4.57,371,1695.47
2023-07-31,S002,south,0,0,24.8,4.66,261,1216.26
2023-08-01,S002,south,1,0,22.1,4.68,294,1375.92
2023-08-02,S002,south,0,0,22.7,4.6,216,993.6
2023-08-03,S002,south,0,0,25.3,4.53,260,1177.8
2023-08-04,S002,south,1,0,23.9,4.69,379,1777.51
2023-08-05,S002,south,1,0,21.0,4.57,424,1937.68
2023-08-06,S002,south,1,0,21.2,4.59,365,1675.35
2023-08-07,S002,south,1,0,18.3,4.62,324,1496.88
2023-08-08,S002,south,0,0,22.1,4.69,246,1153.74
2023-08-09,S002,south,0,0,20.4,5.06,223,1128.38
2023-08-10,S002,south,0,0,24.0,4.79,249,1192.71
2023-08-11,S002,south,0,0,23.9,4.63,303,1402.89
2023-08-12,S002,south,0,0,22.8,4.43,330,1461.9
2023-08-13,S002,south,0,0,25.7,4.67,281,1312.27
2023-08-14,S002,south,0,0,21.6,4.66,247,1151.02
2023-08-15,S002,south,1,0,22.7,4.49,310,1391.9
2023-08-16,S002,south,0,0,21.8,4.62,252,1164.24
2023-08-17,S002,south,0,0,20.2,4.71,265,1248.15
2023-08-18,S002,south,0,0,20.2,4.65,304,1413.6
2023-08-19,S002,south,0,0,24.6,4.82,343,1653.26
2023-08-20,S002,south,1,0,18.8,4.67,345,1611.15
2023-08-21,S002,south,0,0,19.3,4.6,233,1071.8
2023-08-22,S002,south,1,0,23.9,4.73,275,1300.75
2023-08-23,S002,south,0,0,24.9,4.62,244,1127.28
2023-08-24,S002,south,0,0,27.6,4.77,242,1154.34
2023-08-25,S002,south,0,0,24.6,4.67,296,1382.32
2023-08-26,S002,south,0,0,23.4,4.68,333,1558.44
2023-08-27,S002,south,0,0,16.6,4.73,292,1381.16
2023-08-28,S002,south,0,0,23.7,4.8,230,1104.0
2023-08-29,S002,south,1,0,17.6,4.43,280,1240.4
2023-08-30,S002,south,0,0,21.6,4.59,232,1064.88
2023-08-31,S002,south,0,0,22.6,4.64,242,1122.88
2023-09-01,S002,south,0,0,23.4,4.73,288,1362.24
2023-09-02,S002,south,0,0,24.1,4.66,317,1477.22
2023-09-03,S002,south,0,0,17.7,4.57,262,1197.34
2023-09-04,S002,south,0,0,21.2,4.61,220,1014.2
2023-09-05,S002,south,0,0,19.3,4.63,216,1000.08
2023-09-06,S002,south,0,0,16.9,4.48,250,1120.0
2023-09-07,S002,south,0,0,22.5,4.58,279,1277.82
2023-09-08,S002,south,0,0,16.8,4.73,290,1371.7
2023-09-09,S002,south,0,0,17.5,4.87,309,1504.83
2023-09-10,S002,south,1,0,15.3,4.89,312,1525.68
2023-09-11,S002,south,0,0,21.1,4.63,219,1013.97
2023-09-12,S002,south,0,0,20.7,4.7,231,1085.7
2023-09-13,S002,south,0,0,19.0,4.45,225,1001.25
2023-09-14,S002,south,0,0,21.8,4.69,231,1083.39
2023-09-15,S002,south,0,0,19.4,4.48,286,1281.28
2023-09-16,S002,south,0,0,15.0,4.58,313,1433.54
2023-09-17,S002,south,0,0,19.0,4.6,269,1237.4
2023-09-18,S002,south,0,0,17.5,4.52,215,971.8
2023-09-19,S002,south,0,0,18.1,4.66,227,1057.82
2023-09-20,S002,south,0,0,15.2,4.81,227,1091.87
2023-09-21,S002,south,0,0,22.4,4.71,244,1149.24
2023-09-22,S002,south,0,0,15.0,4.75,289,1372.75
2023-09-23,S002,south,0,0,13.4,4.76,334,1589.84
2023-09-24,S002,south,0,0,12.7,4.72,241,1137.52
2023-09-25,S002,south,0,0,11.9,4.66,217,1011.22
2023-09-26,S002,south,0,0,16.7,4.54,220,998.8
2023-09-27,S002,south,0,0,7.8,4.48,196,878.08
2023-09-28,S002,south,0,0,15.3,4.45,228,1014.6
2023-09-29,S002,south,1,0,15.0,4.73,354,1674.42
2023-09-30,S002,south,0,0,17.7,4.45,317,1410.65
2023-10-01,S002,south,0,0,13.8,4.54,265,1203.1
2023-10-02,S002,south,0,0,18.5,4.69,212,994.28
2023-10-03,S002,south,0,0,15.1,4.55,210,955.5
2023-10-04,S002,south,0,0,11.5,4.97,217,1078.49
2023-10-05,S002,south,1,0,13.5,4.82,291,1402.62
2023-10-06,S002,south,0,0,13.5,4.75,289,1372.75
2023-10-07,S002,south,1,0,16.5,4.79,392,1877.68
2023-10-08,S002,south,0,0,13.8,4.79,256,1226.24
2023-10-09,S002,south,0,0,12.2,4.87,210,1022.7
2023-10-10,S002,south,1,0,17.4,4.52,271,1224.92
2023-10-11,S002,south,0,0,13.6,4.53,221,1001.13
2023-10-12,S002,south,0,0,15.9,4.9,242,1185.8
2023-10-13,S002,south,0,0,6.4,4.67,252,1176.84
2023-10-14,S002,south,0,0,15.4,4.67,313,1461.71
2023-10-15,S002,south,0,0,13.1,4.66,241,1123.06
2023-10-16,S002,south,0,0,12.3,4.65,200,930.0
2023-10-17,S002,south,0,0,15.2,4.61,237,1092.57
2023-10-18,S002,south,0,0,11.1,4.53,217,983.01
2023-10-19,S002,south,1,0,12.9,4.89,299,1462.11
2023-10-20,S002,south,0,0,8.3,4.83,256,1236.48
2023-10-21,S002,south,1,0,13.5,4.63,389,1801.07
2023-10-22,S002,south,0,0,10.0,4.77,259,1235.43
2023-10-23,S002,south,0,0,12.4,4.64,237,1099.68
2023-10-24,S002,south,0,0,14.6,4.74,210,995.4
2023-10-25,S002,south,0,0,12.3,4.63,222,1027.86
2023-10-26,S002,south,0,0,9.9,4.64,213,988.32
2023-10-27,S002,south,0,0,6.6,4.7,272,1278.4
2023-10-28,S002,south,0,0,7.1,4.6,304,1398.4
2023-10-29,S002,south,0,0,10.9,4.71,271,1276.41
2023-10-30,S002,south,0,0,7.2,4.73,222,1050.06
2023-10-31,S002,south,0,0,8.1,4.69,185,867.65
2023-11-01,S002,south,0,0,11.8,4.54,213,967.02
2023-11-02,S002,south,0,0,14.6,4.71,238,1120.98
2023-11-03,S002,south,0,0,9.2,4.81,265,1274.65
2023-11-04,S002,south,0,0,6.3,4.57,283,1293.31
2023-11-05,S002,south,0,0,11.7,4.69,256,1200.64
2023-11-06,S002,south,0,0,9.1,4.63,219,1013.97
2023-11-07,S002,south,0,0,10.4,4.56,200,912.0
2023-11-08,S002,south,0,0,9.3,4.64,225,1044.0
2023-11-09,S002,south,0,0,8.7,4.63,229,1060.27
2023-11-10,S002,south,0,0,11.7,4.57,251,1147.07
2023-11-11,S002,south,0,0,8.0,4.52,289,1306.28
2023-11-12,S002,south,0,0,11.8,4.59,280,1285.2
2023-11-13,S002,south,0,0,9.3,4.72,222,1047.84
2023-11-14,S002,south,1,0,8.7,4.55,255,1160.25
2023-11-15,S002,south,1,0,8.4,4.65,276,1283.4
2023-11-16,S002,south,0,0,12.7,4.74,262,1241.88
2023-11-17,S002,south,1,0,7.5,4.72,351,1656.72
2023-11-18,S002,south,0,0,6.3,4.38,301,1318.38
2023-11-19,S002,south,0,0,6.4,4.74,267,1265.58
2023-11-20,S002,south,0,0,8.4,4.6,217,998.2
2023-11-21,S002,south,0,0,6.4,4.79,188,900.52
2023-11-22,S002,south,0,0,8.7,4.56,210,957.6
2023-11-23,S002,south,0,0,6.7,4.65,245,1139.25
2023-11-24,S002,south,0,0,6.6,4.91,268,1315.88
2023-11-25,S002,south,0,0,3.4,4.62,314,1450.68
2023-11-26,S002,south,0,0,5.0,4.52,244,1102.88
2023-11-27,S002,south,0,0,4.2,4.79,207,991.53
2023-11-28,S002,south,0,1,5.9,4.8,236,1132.8
2023-11-29,S002,south,0,0,4.1,4.66,200,932.0
2023-11-30,S002,south,1,0,5.3,4.65,293,1362.45
2023-12-01,S002,south,1,0,6.6,4.6,355,1633.0
2023-12-02,S002,south,0,0,3.0,4.66,303,1411.98
2023-12-03,S002,south,0,0,2.9,4.76,255,1213.8
2023-12-04,S002,south,0,0,8.7,4.65,209,971.85
2023-12-05,S002,south,0,0,10.8,4.5,208,936.0
2023-12-06,S002,south,1,0,3.8,4.74,271,1284.54
2023-12-07,S002,south,0,0,0.3,4.74,238,1128.12
2023-12-08,S002,south,0,0,6.2,4.56,280,1276.8
2023-12-09,S002,south,0,0,3.3,4.87,310,1509.7
2023-12-10,S002,south,0,0,3.5,4.78,285,1362.3
2023-12-11,S002,south,1,0,5.5,4.79,270,1293.3
2023-12-12,S002,south,0,0,6.2,4.39,196,860.44
2023-12-13,S002,south,0,0,-2.4,4.83,211,1019.13
2023-12-14,S002,south,0,0,3.8,4.62,244,1127.28
2023-12-15,S002,south,0,0,2.5,4.5,275,1237.5
2023-12-16,S002,south,0,0,5.5,4.48,324,1451.52
2023-12-17,S002,south,0,0,3.9,4.75,267,1268.25
2023-12-18,S002,south,0,0,-1.7,4.67,199,929.33
2023-12-19,S002,south,0,0,6.8,4.82,187,901.34
2023-12-20,S002,south,0,0,5.4,4.65,250,1162.5
2023-12-21,S002,south,0,0,-2.3,4.67,242,1130.14
2023-12-22,S002,south,0,0,-0.6,4.67,274,1279.58
2023-12-23,S002,south,0,0,6.7,4.6,320,1472.0
2023-12-24,S002,south,0,0,1.6,4.72,273,1288.56
2023-12-25,S002,south,0,1,-0.8,4.88,238,1161.44
2023-12-26,S002,south,1,0,5.5,4.81,278,1337.18
2023-12-27,S002,south,0,0,-4.6,4.75,215,1021.25
2023-12-28,S002,south,0,0,-5.2,4.51,229,1032.79
2023-12-29,S002,south,0,0,1.7,4.47,298,1332.06
2023-12-30,S002,south,0,0,7.5,4.62,340,1570.8
2023-12-31,S002,south,0,0,3.3,4.58,289,1323.62
2024-01-01,S002,south,0,1,0.9,4.66,226,1053.16
2024-01-02,S002,south,0,0,1.6,4.66,224,1043.84
2024-01-03,S002,south,0,0,2.4,4.67,248,1158.16
2024-01-04,S002,south,0,0,1.2,4.77,253,1206.81
2024-01-05,S002,south,0,0,2.2,4.78,294,1405.32
2024-01-06,S002,south,0,0,3.1,4.36,344,1499.84
2024-01-07,S002,south,0,0,-2.8,4.55,256,1164.8
2024-01-08,S002,south,0,0,-0.6,4.6,223,1025.8
2024-01-09,S002,south,0,0,1.4,4.64,233,1081.12
2024-01-10,S002,south,1,0,1.3,4.43,306,1355.58
2024-01-11,S002,south,0,0,0.8,4.57,229,1046.53
2024-01-12,S002,south,0,0,2.0,4.52,308,1392.16
2024-01-13,S002,south,0,0,1.6,4.68,318,1488.24
2024-01-14,S002,south,0,0,2.1,4.64,273,1266.72
2024-01-15,S002,south,0,0,0.4,4.53,231,1046.43
2024-01-16,S002,south,0,0,0.7,4.59,231,1060.29
2024-01-17,S002,south,0,0,5.8,4.79,238,1140.02
2024-01-18,S002,south,1,0,1.8,4.72,351,1656.72
2024-01-19,S002,south,0,0,-1.9,4.5,313,1408.5
2024-01-20,S002,south,0,0,-2.5,4.78,332,1586.96
2024-01-21,S002,south,0,0,4.3,4.78,275,1314.5
2024-01-22,S002,south,0,0,2.1,4.8,245,1176.0
2024-01-23,S002,south,0,0,2.3,4.63,217,1004.71
2024-01-24,S002,south,0,0,-1.1,4.55,236,1073.8
2024-01-25,S002,south,1,0,4.9,4.77,340,1621.8
2024-01-26,S002,south,0,0,0.1,4.56,292,1331.52
2024-01-27,S002,south,1,0,3.8,4.75,437,2075.75
2024-01-28,S002,south,0,0,3.6,4.79,271,1298.09
2024-01-29,S002,south,0,0,4.0,4.89,239,1168.71
2024-01-30,S002,south,0,0,3.3,4.75,232,1102.0
2024-01-31,S002,south,0,0,-2.1,4.5,219,985.5
2024-02-01,S002,south,0,0,-0.6,4.53,265,1200.45
2024-02-02,S002,south,0,0,1.9,5.0,333,1665.0
2024-02-03,S002,south,0,0,2.5,4.8,348,1670.4
2024-02-04,S002,south,0,0,-0.9,4.57,268,1224.76
2024-02-05,S002,south,0,0,2.3,4.58,236,1080.88
2024-02-06,S002,south,0,0,2.0,4.68,254,1188.72
2024-02-07,S002,south,0,0,1.9,4.68,244,1141.92
2024-02-08,S002,south,1,0,-1.9,4.52,335,1514.2
2024-02-09,S002,south,0,0,-0.7,4.81,311,1495.91
2024-02-10,S002,south,0,0,-3.2,4.64,358,1661.12
2024-02-11,S002,south,0,0,2.7,4.66,302,1407.32
2024-02-12,S002,south,0,0,7.7,4.81,260,1250.6
2024-02-13,S002,south,0,0,2.5,4.62,228,1053.36
2024-02-14,S002,south,0,0,2.4,4.67,259,1209.53
2024-02-15,S002,south,0,0,-2.1,4.48,266,1191.68
2024-02-16,S002,south,0,0,3.5,4.46,318,1418.28
2024-02-17,S002,south,0,0,5.8,4.7,360,1692.0
2024-02-18,S002,south,1,0,-1.3,4.64,384,1781.76
2024-02-19,S002,south,0,0,-0.3,4.77,280,1335.6
2024-02-20,S002,south,0,0,5.9,4.44,249,1105.56
2024-02-21,S002,south,0,0,4.2,4.78,262,1252.36
2024-02-22,S002,south,1,0,8.1,4.62,366,1690.92
2024-02-23,S002,south,0,0,-0.5,4.76,320,1523.2
2024-02-24,S002,south,0,0,0.9,4.54,361,1638.94
2024-02-25,S002,south,0,0,3.3,4.85,296,1435.6
2024-02-26,S002,south,0,0,3.8,4.5,258,1161.0
2024-02-27,S002,south,0,0,-0.3,4.56,263,1199.28
2024-02-28,S002,south,0,0,2.5,4.54,264,1198.56
2024-02-29,S002,south,0,0,2.4,4.79,284,1360.36
2024-03-01,S002,south,0,0,3.7,4.7,313,1471.1
2024-03-02,S002,south,0,0,6.5,4.65,389,1808.85
2024-03-03,S002,south,0,0,8.1,4.55,298,1355.9
2024-03-04,S002,south,0,0,4.0,4.83,261,1260.63
2024-03-05,S002,south,0,0,5.2,4.64,260,1206.4
2024-03-06,S002,south,0,0,3.0,4.55,263,1196.65
2024-03-07,S002,south,0,0,6.0,4.56,280,1276.8
2024-03-08,S002,south,0,0,4.8,4.55,345,1569.75
2024-03-09,S002,south,0,0,2.9,4.49,384,1724.16
2024-03-10,S002,south,1,0,9.7,4.27,410,1750.7
2024-03-11,S002,south,0,0,3.1,4.72,270,1274.4
2024-03-12,S002,south,0,0,3.9,4.55,248,1128.4
2024-03-13,S002,south,0,0,10.1,4.59,269,1234.71
2024-03-14,S002,south,0,0,6.7,4.79,286,1369.94
2024-03-15,S002,south,0,0,6.9,4.64,341,1582.24
2024-03-16,S002,south,0,0,6.9,4.72,387,1826.64
2024-03-17,S002,south,0,0,4.6,4.69,303,1421.07
2024-03-18,S002,south,1,0,9.0,4.59,341,1565.19
2024-03-19,S002,south,0,0,3.1,4.73,250,1182.5
2024-03-20,S002,south,0,0,6.6,4.69,271,1270.99
2024-03-21,S002,south,1,0,4.5,4.63,365,1689.95
2024-03-22,S002,south,0,0,6.6,4.9,344,1685.6
2024-03-23,S002,south,0,0,7.0,4.46,373,1663.58
2024-03-24,S002,south,1,0,11.9,4.73,405,1915.65
2024-03-25,S002,south,0,0,10.8,4.59,263,1207.17
2024-03-26,S002,south,0,0,6.9,4.62,282,1302.84
2024-03-27,S002,south,0,0,5.0,4.73,271,1281.83
2024-03-28,S002,south,1,0,9.5,4.59,392,1799.28
2024-03-29,S002,south,0,0,6.6,4.66,337,1570.42
2024-03-30,S002,south,0,0,8.1,4.72,389,1836.08
2024-03-31,S002,south,0,0,10.9,4.68,337,1577.16
2024-04-01,S002,south,0,0,11.1,4.5,299,1345.5
2024-04-02,S002,south,0,0,12.2,4.73,277,1310.21
2024-04-03,S002,south,0,0,8.9,4.56,270,1231.2
2024-04-04,S002,south,0,0,11.0,4.59,274,1257.66
2024-04-05,S002,south,0,0,11.7,4.75,352,1672.0
2024-04-06,S002,south,0,0,5.7,4.66,395,1840.7
2024-04-07,S002,south,0,0,9.2,4.63,352,1629.76
2024-04-08,S002,south,0,0,13.5,4.76,270,1285.2
2024-04-09,S002,south,0,0,16.4,4.92,266,1308.72
2024-04-10,S002,south,0,0,11.2,4.65,283,1315.95
2024-04-11,S002,south,0,0,12.5,4.55,314,1428.7
2024-04-12,S002,south,1,0,5.5,4.34,443,1922.62
2024-04-13,S002,south,1,0,7.7,4.59,508,2331.72
2024-04-14,S002,south,0,0,11.8,4.83,325,1569.75
2024-04-15,S002,south,0,0,10.1,4.74,270,1279.8
2024-04-16,S002,south,0,0,9.9,4.68,264,1235.52
2024-04-17,S002,south,0,0,11.2,4.7,281,1320.7
2024-04-18,S002,south,1,0,8.9,4.62,405,1871.1
2024-04-19,S002,south,1,0,7.5,4.44,444,1971.36
2024-04-20,S002,south,1,0,13.1,4.65,507,2357.55
2024-04-21,S002,south,0,0,14.3,4.82,342,1648.44
2024-04-22,S002,south,0,0,13.9,4.35,283,1231.05
2024-04-23,S002,south,0,0,14.0,4.71,292,1375.32
2024-04-24,S002,south,0,0,13.6,4.66,289,1346.74
2024-04-25,S002,south,0,0,10.6,4.68,319,1492.92
2024-04-26,S002,south,1,0,16.5,4.72,445,2100.4
2024-04-27,S002,south,0,0,13.2,4.65,402,1869.3
2024-04-28,S002,south,0,0,11.3,4.7,334,1569.8
2024-04-29,S002,south,0,0,16.7,4.83,277,1337.91
2024-04-30,S002,south,0,0,9.3,4.78,255,1218.9
2024-05-01,S002,south,0,0,12.5,4.98,279,1389.42
2024-05-02,S002,south,1,0,17.1,4.49,396,1778.04
2024-05-03,S002,south,0,0,12.8,4.85,366,1775.1
2024-05-04,S002,south,0,0,7.4,4.56,390,1778.4
2024-05-05,S002,south,0,0,11.4,4.86,339,1647.54
2024-05-06,S002,south,0,0,11.5,4.56,282,1285.92
2024-05-07,S002,south,0,0,12.2,4.62,269,1242.78
2024-05-08,S002,south,0,0,16.6,4.77,305,1454.85
2024-05-09,S002,south,0,0,12.5,4.49,309,1387.41
2024-05-10,S002,south,0,0,17.3,4.38,343,1502.34
2024-05-11,S002,south,1,0,10.5,4.61,503,2318.83
2024-05-12,S002,south,0,0,18.8,4.54,352,1598.08
2024-05-13,S002,south,0,0,16.0,4.72,293,1382.96
2024-05-14,S002,south,0,0,14.2,4.8,279,1339.2
2024-05-15,S002,south,0,0,19.1,4.33,280,1212.4
2024-05-16,S002,south,1,0,13.3,4.66,378,1761.48
2024-05-17,S002,south,0,0,19.1,4.57,349,1594.93
2024-05-18,S002,south,1,0,21.8,4.57,519,2371.83
2024-05-19,S002,south,0,0,19.0,4.75,359,1705.25
2024-05-20,S002,south,0,0,15.1,4.48,275,1232.0
2024-05-21,S002,south,1,0,18.6,4.82,354,1706.28
2024-05-22,S002,south,1,0,21.0,4.7,370,1739.0
2024-05-23,S002,south,0,0,14.5,4.72,282,1331.04
2024-05-24,S002,south,0,0,17.3,4.41,370,1631.7
2024-05-25,S002,south,0,0,16.0,4.62,399,1843.38
2024-05-26,S002,south,0,0,16.3,4.76,334,1589.84
2024-05-27,S002,south,0,0,19.2,4.67,270,1260.9
2024-05-28,S002,south,0,0,20.6,4.95,271,1341.45
2024-05-29,S002,south,0,0,19.7,4.6,299,1375.4
2024-05-30,S002,south,0,0,20.4,4.55,314,1428.7
2024-05-31,S002,south,0,0,20.0,4.54,380,1725.2
2024-06-01,S002,south,0,0,20.8,4.62,410,1894.2
2024-06-02,S002,south,0,0,19.9,4.61,355,1636.55
2024-06-03,S002,south,0,0,17.4,4.62,279,1288.98
2024-06-04,S002,south,0,0,17.3,4.73,286,1352.78
2024-06-05,S002,south,0,0,22.4,4.7,293,1377.1
2024-06-06,S002,south,0,0,19.2,4.51,315,1420.65
2024-06-07,S002,south,0,0,20.1,4.69,353,1655.57
2024-06-08,S002,south,0,0,22.3,4.43,417,1847.31
2024-06-09,S002,south,0,0,21.0,4.63,352,1629.76
2024-06-10,S002,south,0,0,21.9,4.75,298,1415.5
2024-06-11,S002,south,0,0,22.4,4.7,271,1273.7
2024-06-12,S002,south,0,0,18.5,4.39,292,1281.88
2024-06-13,S002,south,1,0,23.4,4.71,398,1874.58
2024-06-14,S002,south,0,0,18.0,4.46,351,1565.46
2024-06-15,S002,south,0,0,23.8,4.55,397,1806.35
2024-06-16,S002,south,0,0,22.4,4.62,337,1556.94
2024-06-17,S002,south,0,0,20.5,4.68,276,1291.68
2024-06-18,S002,south,1,0,24.5,4.93,357,1760.01
2024-06-19,S002,south,0,0,21.1,4.51,287,1294.37
2024-06-20,S002,south,0,0,23.1,4.52,326,1473.52
2024-06-21,S002,south,0,0,23.0,4.49,360,1616.4
2024-06-22,S002,south,0,0,26.1,4.97,399,1983.03
2024-06-23,S002,south,0,0,20.9,4.87,342,1665.54
2024-06-24,S002,south,1,0,25.8,4.56,376,1714.56
2024-06-25,S002,south,0,0,23.0,4.68,264,1235.52
2024-06-26,S002,south,0,0,18.5,4.49,280,1257.2
2024-06-27,S002,south,0,0,25.0,4.61,292,1346.12
2024-06-28,S002,south,0,0,15.4,4.58,350,1603.0
2024-06-29,S002,south,0,0,20.6,4.39,398,1747.22
2024-06-30,S002,south,0,0,23.3,4.61,334,1539.74
2024-07-01,S002,south,0,0,25.2,4.78,308,1472.24
2024-07-02,S002,south,0,0,22.4,4.69,281,1317.89
2024-07-03,S002,south,0,0,23.3,4.54,299,1357.46
2024-07-04,S002,south,0,1,21.5,4.56,304,1386.24
2024-07-05,S002,south,0,0,23.3,4.92,359,1766.28
2024-07-06,S002,south,0,0,20.2,4.51,391,1763.41
2024-07-07,S002,south,0,0,26.1,4.74,345,1635.3
2024-07-08,S002,south,0,0,23.8,4.62,287,1325.94
2024-07-09,S002,south,0,0,23.7,4.97,247,1227.59
2024-07-10,S002,south,0,0,22.9,4.6,279,1283.4
2024-07-11,S002,south,0,0,20.8,4.64,290,1345.6
2024-07-12,S002,south,0,0,25.7,4.61,369,1701.09
2024-07-13,S002,south,0,0,19.3,4.63,401,1856.63
2024-07-14,S002,south,0,0,19.4,4.66,344,1603.04
2024-07-15,S002,south,0,0,26.0,4.66,268,1248.88
2024-07-16,S002,south,0,0,26.9,4.6,276,1269.6
2024-07-17,S002,south,0,0,24.2,4.67,279,1302.93
2024-07-18,S002,south,0,0,23.9,4.71,293,1380.03
2024-07-19,S002,south,0,0,22.8,4.68,338,1581.84
2024-07-20,S002,south,0,0,17.6,4.8,370,1776.0
2024-07-21,S002,south,0,0,21.4,4.56,318,1450.08
2024-07-22,S002,south,0,0,20.9,4.6,293,1347.8
2024-07-23,S002,south,0,0,22.9,4.65,268,1246.2
2024-07-24,S002,south,0,0,22.4,4.67,274,1279.58
2024-07-25,S002,south,1,0,24.4,4.76,388,1846.88
2024-07-26,S002,south,0,0,23.2,4.74,332,1573.68
2024-07-27,S002,south,0,0,25.1,4.78,397,1897.66
2024-07-28,S002,south,1,0,20.5,4.53,415,1879.95
2024-07-29,S002,south,0,0,20.3,4.8,264,1267.2
2024-07-30,S002,south,0,0,24.0,4.44,260,1154.4
2024-07-31,S002,south,0,0,22.7,4.61,250,1152.5
2024-08-01,S002,south,0,0,15.0,4.88,286,1395.68
2024-08-02,S002,south,0,0,19.5,4.62,321,1483.02
2024-08-03,S002,south,0,0,24.6,4.71,386,1818.06
2024-08-04,S002,south,0,0,24.5,4.62,322,1487.64
2024-08-05,S002,south,0,0,23.5,4.85,288,1396.8
2024-08-06,S002,south,1,0,24.3,4.6,344,1582.4
2024-08-07,S002,south,0,0,23.3,4.76,261,1242.36
2024-08-08,S002,south,1,0,24.6,4.81,355,1707.55
2024-08-09,S002,south,1,0,27.5,4.59,439,2015.01
2024-08-10,S002,south,0,0,24.9,4.72,364,1718.08
2024-08-11,S002,south,0,0,23.2,4.78,324,1548.72
2024-08-12,S002,south,0,0,22.0,4.68,258,1207.44
2024-08-13,S002,south,0,0,21.7,4.66,252,1174.32
2024-08-14,S002,south,1,0,19.6,4.69,334,1566.46
2024-08-15,S002,south,0,0,21.7,4.46,296,1320.16
2024-08-16,S002,south,0,0,18.5,4.58,317,1451.86
2024-08-17,S002,south,0,0,22.8,4.61,368,1696.48
2024-08-18,S002,south,0,0,25.0,4.75,308,1463.0
2024-08-19,S002,south,0,0,22.0,4.63,255,1180.65
2024-08-20,S002,south,0,0,18.9,4.6,244,1122.4
2024-08-21,S002,south,1,0,20.1,4.62,310,1432.2
2024-08-22,S002,south,0,0,19.4,4.59,261,1197.99
2024-08-23,S002,south,0,0,22.4,4.72,310,1463.2
2024-08-24,S002,south,0,0,18.7,4.68,367,1717.56
2024-08-25,S002,south,0,0,19.1,4.84,292,1413.28
2024-08-26,S002,south,0,0,23.3,4.8,259,1243.2
2024-08-27,S002,south,0,0,18.6,4.83,257,1241.31
2024-08-28,S002,south,1,0,20.3,4.6,330,1518.0
2024-08-29,S002,south,0,0,17.6,4.7,274,1287.8
2024-08-30,S002,south,1,0,21.2,4.59,400,1836.0
2024-08-31,S002,south,0,0,23.1,4.57,367,1677.19
2024-09-01,S002,south,0,0,19.2,4.44,313,1389.72
2024-09-02,S002,south,0,0,21.2,4.83,246,1188.18
2024-09-03,S002,south,1,0,20.9,4.68,300,1404.0
2024-09-04,S002,south,0,0,18.9,4.59,237,1087.83
2024-09-05,S002,south,0,0,20.5,4.61,293,1350.73
2024-09-06,S002,south,0,0,18.7,4.67,296,1382.32
2024-09-07,S002,south,0,0,17.4,4.63,362,1676.06
2024-09-08,S002,south,1,0,22.5,4.63,387,1791.81
2024-09-09,S002,south,0,0,22.0,4.42,267,1180.14
2024-09-10,S002,south,1,0,19.4,4.51,304,1371.04
2024-09-11,S002,south,0,0,20.2,4.75,245,1163.75
2024-09-12,S002,south,0,0,11.9,4.63,258,1194.54
2024-09-13,S002,south,0,0,22.2,4.45,331,1472.95
2024-09-14,S002,south,0,0,14.7,4.66,353,1644.98
2024-09-15,S002,south,0,0,19.1,4.63,294,1361.22
2024-09-16,S002,south,0,0,20.8,4.59,249,1142.91
2024-09-17,S002,south,0,0,17.1,4.47,217,969.99
2024-09-18,S002,south,1,0,15.8,4.62,293,1353.66
2024-09-19,S002,south,1,0,21.9,4.51,332,1497.32
2024-09-20,S002,south,0,0,17.1,4.66,315,1467.9
2024-09-21,S002,south,0,0,16.9,4.64,356,1651.84
2024-09-22,S002,south,0,0,15.1,4.7,287,1348.9
2024-09-23,S002,south,0,0,14.9,4.68,238,1113.84
2024-09-24,S002,south,0,0,18.7,4.76,237,1128.12
2024-09-25,S002,south,0,0,14.8,4.61,235,1083.35
2024-09-26,S002,south,0,0,16.5,4.51,282,1271.82
2024-09-27,S002,south,0,0,15.1,4.85,323,1566.55
2024-09-28,S002,south,0,0,12.0,4.58,334,1529.72
2024-09-29,S002,south,0,0,14.5,4.61,297,1369.17
2024-09-30,S002,south,0,0,14.3,4.74,242,1147.08
2024-10-01,S002,south,0,0,14.1,4.61,250,1152.5
2024-10-02,S002,south,1,0,20.2,4.64,322,1494.08
2024-10-03,S002,south,0,0,16.4,4.67,244,1139.48
2024-10-04,S002,south,0,0,11.1,4.93,288,1419.84
2024-10-05,S002,south,0,0,16.2,4.35,343,1492.05
2024-10-06,S002,south,0,0,15.1,4.73,292,1381.16
2024-10-07,S002,south,0,0,13.7,4.74,233,1104.42
2024-10-08,S002,south,0,0,12.0,4.47,228,1019.16
2024-10-09,S002,south,1,0,14.2,4.68,321,1502.28
2024-10-10,S002,south,1,0,14.9,4.58,326,1493.08
2024-10-11,S002,south,0,0,12.6,4.68,301,1408.68
2024-10-12,S002,south,0,0,6.8,4.69,329,1543.01
2024-10-13,S002,south,0,0,12.0,4.71,279,1314.09
2024-10-14,S002,south,0,0,15.7,4.78,241,1151.98
2024-10-15,S002,south,0,0,12.8,4.73,233,1102.09
2024-10-16,S002,south,0,0,11.9,4.46,247,1101.62
2024-10-17,S002,south,0,0,14.6,4.79,263,1259.77
2024-10-18,S002,south,0,0,4.7,4.64,300,1392.0
2024-10-19,S002,south,0,0,12.6,4.61,351,1618.11
2024-10-20,S002,south,0,0,12.9,4.55,286,1301.3
2024-10-21,S002,south,0,0,16.1,4.52,236,1066.72
2024-10-22,S002,south,0,0,9.9,4.62,216,997.92
2024-10-23,S002,south,0,0,15.4,4.58,269,1232.02
2024-10-24,S002,south,1,0,10.6,4.67,326,1522.42
2024-10-25,S002,south,0,0,10.5,4.7,285,1339.5
2024-10-26,S002,south,0,0,12.5,4.7,352,1654.4
2024-10-27,S002,south,1,0,10.6,4.54,346,1570.84
2024-10-28,S002,south,0,0,11.3,4.76,241,1147.16
2024-10-29,S002,south,0,0,6.9,4.88,230,1122.4
2024-10-30,S002,south,0,0,11.0,4.63,228,1055.64
2024-10-31,S002,south,0,0,13.6,4.75,258,1225.5
2024-11-01,S002,south,1,0,13.4,4.67,391,1825.97
2024-11-02,S002,south,0,0,11.5,4.96,337,1671.52
2024-11-03,S002,south,0,0,13.7,4.63,285,1319.55
2024-11-04,S002,south,0,0,13.1,4.63,235,1088.05
2024-11-05,S002,south,0,0,8.9,4.69,233,1092.77
2024-11-06,S002,south,0,0,12.5,4.68,233,1090.44
2024-11-07,S002,south,0,0,8.2,4.65,256,1190.4
2024-11-08,S002,south,0,0,10.7,4.48,313,1402.24
2024-11-09,S002,south,1,0,10.7,4.52,423,1911.96
2024-11-10,S002,south,0,0,9.5,4.63,271,1254.73
2024-11-11,S002,south,0,0,7.2,4.45,219,974.55
2024-11-12,S002,south,0,0,6.7,4.67,209,976.03
2024-11-13,S002,south,0,0,8.6,4.55,216,982.8
2024-11-14,S002,south,0,0,5.8,4.78,261,1247.58
2024-11-15,S002,south,0,0,2.7,4.5,306,1377.0
2024-11-16,S002,south,1,0,2.6,4.55,422,1920.1
2024-11-17,S002,south,0,0,2.8,4.7,277,1301.9
2024-11-18,S002,south,0,0,0.3,4.46,224,999.04
2024-11-19,S002,south,0,0,8.4,4.6,216,993.6
2024-11-20,S002,south,0,0,9.0,4.73,233,1102.09
2024-11-21,S002,south,0,0,5.8,4.68,260,1216.8
2024-11-22,S002,south,0,0,2.7,4.71,297,1398.87
2024-11-23,S002,south,0,0,8.0,4.62,342,1580.04
2024-11-24,S002,south,0,0,7.8,4.6,283,1301.8
2024-11-25,S002,south,0,0,8.0,4.66,236,1099.76
2024-11-26,S002,south,0,0,1.5,4.66,237,1104.42
2024-11-27,S002,south,0,0,3.4,4.63,232,1074.16
2024-11-28,S002,south,0,1,6.3,4.56,285,1299.6
2024-11-29,S002,south,1,0,7.1,4.63,394,1824.22
2024-11-30,S002,south,0,0,1.9,4.48,345,1545.6
2024-12-01,S002,south,1,0,3.8,4.55,358,1628.9
2024-12-02,S002,south,0,0,2.4,4.68,254,1188.72
2024-12-03,S002,south,0,0,3.2,4.78,221,1056.38
2024-12-04,S002,south,1,0,-0.2,4.6,300,1380.0
2024-12-05,S002,south,0,0,1.5,4.96,256,1269.76
2024-12-06,S002,south,0,0,4.4,4.69,303,1421.07
2024-12-07,S002,south,0,0,5.4,4.67,319,1489.73
2024-12-08,S002,south,0,0,7.2,4.6,288,1324.8
2024-12-09,S002,south,0,0,7.7,4.47,239,1068.33
2024-12-10,S002,south,0,0,3.9,4.65,225,1046.25
2024-12-11,S002,south,0,0,10.3,4.63,255,1180.65
2024-12-12,S002,south,0,0,1.6,4.61,268,1235.48
2024-12-13,S002,south,0,0,1.5,4.57,313,1430.41
2024-12-14,S002,south,0,0,7.3,4.78,322,1539.16
2024-12-15,S002,south,0,0,3.8,4.51,282,1271.82
2024-12-16,S002,south,1,0,4.4,4.72,313,1477.36
2024-12-17,S002,south,0,0,4.3,4.53,240,1087.2
2024-12-18,S002,south,0,0,3.2,4.5,246,1107.0
2024-12-19,S002,south,0,0,6.6,4.69,281,1317.89
2024-12-20,S002,south,0,0,3.6,4.51,295,1330.45
2024-12-21,S002,south,1,0,-0.1,4.66,444,2069.04
2024-12-22,S002,south,1,0,1.9,4.32,403,1740.96
2024-12-23,S002,south,0,0,2.4,4.67,248,1158.16
2024-12-24,S002,south,0,0,0.3,4.52,218,985.36
2024-12-25,S002,south,0,1,-2.1,4.76,249,1185.24
2024-12-26,S002,south,0,0,2.5,4.69,249,1167.81
2024-12-27,S002,south,0,0,1.2,4.59,308,1413.72
2024-12-28,S002,south,1,0,3.2,4.66,469,2185.54
2024-12-29,S002,south,0,0,0.8,4.66,291,1356.06
2024-12-30,S002,south,1,0,-4.9,4.83,309,1492.47
2024-12-31,S002,south,0,0,-3.6,4.79,231,1106.49
2023-01-01,S003,east,0,1,0.1,4.9,297,1455.3
2023-01-02,S003,east,1,0,4.0,5.18,315,1631.7
2023-01-03,S003,east,0,0,3.3,5.17,238,1230.46
2023-01-04,S003,east,0,0,0.7,5.19,250,1297.5
2023-01-05,S003,east,0,0,1.0,5.2,273,1419.6
2023-01-06,S003,east,0,0,5.3,4.98,324,1613.52
2023-01-07,S003,east,0,0,-4.2,4.88,356,1737.28
2023-01-08,S003,east,0,0,2.3,4.87,316,1538.92
2023-01-09,S003,east,0,0,-3.2,5.08,246,1249.68
2023-01-10,S003,east,1,0,0.1,4.94,309,1526.46
2023-01-11,S003,east,1,0,2.6,5.06,322,1629.32
2023-01-12,S003,east,0,0,3.9,4.74,269,1275.06
2023-01-13,S003,east,0,0,2.0,4.93,309,1523.37
2023-01-14,S003,east,0,0,-1.2,5.29,384,2031.36
2023-01-15,S003,east,0,0,0.9,4.94,310,1531.4
2023-01-16,S003,east,0,0,3.0,5.04,248,1249.92
2023-01-17,S003,east,1,0,-5.1,5.08,292,1483.36
2023-01-18,S003,east,0,0,3.8,4.88,273,1332.24
2023-01-19,S003,east,0,0,-1.8,4.97,273,1356.81
2023-01-20,S003,east,0,0,-1.8,5.13,324,1662.12
2023-01-21,S003,east,0,0,-0.0,5.27,363,1913.01
2023-01-22,S003,east,0,0,-0.0,5.08,304,1544.32
2023-01-23,S003,east,0,0,2.4,4.85,259,1256.15
2023-01-24,S003,east,0,0,1.8,4.98,266,1324.68
2023-01-25,S003,east,1,0,0.8,5.34,349,1863.66
2023-01-26,S003,east,0,0,0.9,5.02,279,1400.58
2023-01-27,S003,east,0,0,2.4,5.09,320,1628.8
2023-01-28,S003,east,0,0,1.1,5.13,377,1934.01
2023-01-29,S003,east,0,0,1.2,5.14,300,1542.0
2023-01-30,S003,east,0,0,-4.2,4.95,262,1296.9
2023-01-31,S003,east,1,0,1.1,5.12,343,1756.16
2023-02-01,S003,east,0,0,6.2,5.22,279,1456.38
2023-02-02,S003,east,0,0,2.9,5.04,278,1401.12
2023-02-03,S003,east,0,0,3.9,5.02,362,1817.24
2023-02-04,S003,east,0,0,-2.1,5.08,388,1971.04
2023-02-05,S003,east,1,0,6.1,4.88,408,1991.04
2023-02-06,S003,east,0,0,6.6,4.92,272,1338.24
2023-02-07,S003,east,0,0,0.1,5.04,267,1345.68
2023-02-08,S003,east,0,0,1.4,5.13,290,1487.7
2023-02-09,S003,east,0,0,-0.1,5.04,297,1496.88
2023-02-10,S003,east,0,0,1.0,4.85,345,1673.25
2023-02-11,S003,east,0,0,-0.7,5.02,397,1992.94
2023-02-12,S003,east,0,0,-0.8,5.07,334,1693.38
2023-02-13,S003,east,0,0,3.3,4.96,272,1349.12
2023-02-14,S003,east,0,0,-1.7,4.96,260,1289.6
2023-02-15,S003,east,0,0,4.5,5.1,274,1397.4
2023-02-16,S003,east,0,0,1.4,5.17,304,1571.68
2023-02-17,S003,east,0,0,3.9,4.9,361,1768.9
2023-02-18,S003,east,0,0,4.0,5.06,406,2054.36
2023-02-19,S003,east,1,0,0.9,5.13,418,2144.34
2023-02-20,S003,east,0,0,2.9,5.25,270,1417.5
2023-02-21,S003,east,1,0,9.7,4.82,356,1715.92
2023-02-22,S003,east,1,0,0.4,5.12,360,1843.2
2023-02-23,S003,east,0,0,3.8,5.04,316,1592.64
2023-02-24,S003,east,0,0,1.1,5.27,359,1891.93
2023-02-25,S003,east,1,0,4.8,4.84,539,2608.76
2023-02-26,S003,east,0,0,-3.8,5.03,316,1589.48
2023-02-27,S003,east,0,0,2.5,5.05,290,1464.5
2023-02-28,S003,east,0,0,2.7,5.21,275,1432.75
2023-03-01,S003,east,0,0,3.3,5.2,282,1466.4
2023-03-02,S003,east,0,0,6.0,5.05,321,1621.05
2023-03-03,S003,east,1,0,1.8,4.98,441,2196.18
2023-03-04,S003,east,0,0,9.7,4.97,407,2022.79
2023-03-05,S003,east,0,0,7.6,4.8,351,1684.8
2023-03-06,S003,east,1,0,1.2,5.02,361,1812.22
2023-03-07,S003,east,0,0,5.5,4.88,279,1361.52
2023-03-08,S003,east,0,0,2.5,4.72,297,1401.84
2023-03-09,S003,east,0,0,5.9,5.02,321,1611.42
2023-03-10,S003,east,0,0,5.6,4.88,383,1869.04
2023-03-11,S003,east,1,0,5.2,4.96,520,2579.2
2023-03-12,S003,east,0,0,4.2,4.96,339,1681.44
2023-03-13,S003,east,0,0,5.0,5.01,297,1487.97
2023-03-14,S003,east,0,0,2.3,5.22,288,1503.36
2023-03-15,S003,east,0,0,6.9,4.97,290,1441.3
2023-03-16,S003,east,0,0,1.6,4.89,297,1452.33
2023-03-17,S003,east,0,0,10.1,5.14,394,2025.16
2023-03-18,S003,east,1,0,6.6,5.05,537,2711.85
2023-03-19,S003,east,0,0,6.3,5.02,374,1877.48
2023-03-20,S003,east,0,0,8.2,4.97,303,1505.91
2023-03-21,S003,east,1,0,9.0,4.93,377,1858.61
2023-03-22,S003,east,0,0,4.4,4.93,289,1424.77
2023-03-23,S003,east,0,0,9.9,5.16,332,1713.12
2023-03-24,S003,east,0,0,7.2,4.83,369,1782.27
2023-03-25,S003,east,0,0,2.3,4.89,416,2034.24
2023-03-26,S003,east,0,0,3.3,4.94,377,1862.38
2023-03-27,S003,east,0,0,5.7,5.06,294,1487.64
2023-03-28,S003,east,0,0,7.1,5.21,267,1391.07
2023-03-29,S003,east,0,0,2.5,5.04,320,1612.8
2023-03-30,S003,east,0,0,8.0,5.1,325,1657.5
2023-03-31,S003,east,0,0,8.5,5.09,392,1995.28
2023-04-01,S003,east,0,0,8.7,4.95,438,2168.1
2023-04-02,S003,east,1,0,7.8,5.1,452,2305.2
2023-04-03,S003,east,0,0,6.8,4.97,289,1436.33
2023-04-04,S003,east,0,0,8.9,4.76,283,1347.08
2023-04-05,S003,east,0,0,9.6,4.95,310,1534.5
2023-04-06,S003,east,0,0,4.4,4.99,330,1646.7
2023-04-07,S003,east,1,0,10.0,4.85,501,2429.85
2023-04-08,S003,east,0,0,6.0,5.02,435,2183.7
2023-04-09,S003,east,1,0,11.8,5.25,460,2415.0
2023-04-10,S003,east,0,0,6.9,5.11,284,1451.24
2023-04-11,S003,east,0,0,11.6,5.0,292,1460.0
2023-04-12,S003,east,0,0,10.4,5.22,304,1586.88
2023-04-13,S003,east,0,0,9.6,4.99,329,1641.71
2023-04-14,S003,east,0,0,11.0,4.95,412,2039.4
2023-04-15,S003,east,0,0,8.6,5.0,435,2175.0
2023-04-16,S003,east,0,0,9.2,5.1,377,1922.7
2023-04-17,S003,east,0,0,8.4,5.08,301,1529.08
2023-04-18,S003,east,0,0,14.2,4.98,311,1548.78
2023-04-19,S003,east,0,0,13.4,5.22,319,1665.18
2023-04-20,S003,east,0,0,10.9,4.99,353,1761.47
2023-04-21,S003,east,0,0,15.1,4.93,384,1893.12
2023-04-22,S003,east,1,0,7.8,5.02,576,2891.52
2023-04-23,S003,east,0,0,14.4,5.13,378,1939.14
2023-04-24,S003,east,1,0,13.4,5.06,391,1978.46
2023-04-25,S003,east,0,0,11.7,5.02,296,1485.92
2023-04-26,S003,east,0,0,12.7,5.09,308,1567.72
2023-04-27,S003,east,1,0,13.7,5.14,421,2163.94
2023-04-28,S003,east,0,0,8.5,5.27,377,1986.79
2023-04-29,S003,east,0,0,15.0,5.02,430,2158.6
2023-04-30,S003,east,0,0,17.8,4.91,369,1811.79
2023-05-01,S003,east,0,0,13.1,5.07,311,1576.77
2023-05-02,S003,east,0,0,17.1,5.07,290,1470.3
2023-05-03,S003,east,0,0,16.5,5.11,307,1568.77
2023-05-04,S003,east,1,0,15.5,5.03,437,2198.11
2023-05-05,S003,east,0,0,17.0,4.85,407,1973.95
2023-05-06,S003,east,1,0,13.4,5.23,569,2975.87
2023-05-07,S003,east,0,0,19.1,4.86,390,1895.4
2023-05-08,S003,east,0,0,20.1,5.2,340,1768.0
2023-05-09,S003,east,1,0,10.7,5.1,384,1958.4
2023-05-10,S003,east,0,0,15.8,5.13,343,1759.59
2023-05-11,S003,east,0,0,11.2,5.08,327,1661.16
2023-05-12,S003,east,0,0,17.1,5.13,425,2180.25
2023-05-13,S003,east,0,0,16.2,5.08,445,2260.6
2023-05-14,S003,east,0,0,15.9,5.08,367,1864.36
2023-05-15,S003,east,0,0,18.0,5.02,297,1490.94
2023-05-16,S003,east,0,0,13.4,4.88,319,1556.72
2023-05-17,S003,east,0,0,13.2,5.12,330,1689.6
2023-05-18,S003,east,0,0,18.1,5.03,342,1720.26
2023-05-19,S003,east,0,0,19.1,5.19,396,2055.24
2023-05-20,S003,east,0,0,20.6,4.89,470,2298.3
2023-05-21,S003,east,0,0,21.8,4.9,370,1813.0
2023-05-22,S003,east,0,0,16.1,4.97,305,1515.85
2023-05-23,S003,east,0,0,17.0,5.0,296,1480.0
2023-05-24,S003,east,0,0,17.8,5.06,299,1512.94
2023-05-25,S003,east,1,0,15.0,5.29,450,2380.5
2023-05-26,S003,east,0,0,18.6,4.94,386,1906.84
2023-05-27,S003,east,0,0,20.0,4.98,462,2300.76
2023-05-28,S003,east,0,0,17.0,5.15,392,2018.8
2023-05-29,S003,east,1,0,21.0,5.06,385,1948.1
2023-05-30,S003,east,0,0,15.4,5.19,301,1562.19
2023-05-31,S003,east,0,0,21.0,5.32,310,1649.2
2023-06-01,S003,east,0,0,16.6,4.99,333,1661.67
2023-06-02,S003,east,1,0,17.2,4.98,509,2534.82
2023-06-03,S003,east,0,0,19.3,5.33,452,2409.16
2023-06-04,S003,east,0,0,19.7,4.96,378,1874.88
2023-06-05,S003,east,0,0,20.8,4.9,314,1538.6
2023-06-06,S003,east,0,0,20.4,5.06,316,1598.96
2023-06-07,S003,east,0,0,14.6,5.04,305,1537.2
2023-06-08,S003,east,0,0,21.2,5.06,355,1796.3
2023-06-09,S003,east,0,0,21.9,5.29,402,2126.58
2023-06-10,S003,east,0,0,20.0,4.95,437,2163.15
2023-06-11,S003,east,0,0,20.5,5.18,364,1885.52
2023-06-12,S003,east,0,0,20.2,5.28,318,1679.04
2023-06-13,S003,east,0,0,18.9,5.03,309,1554.27
2023-06-14,S003,east,1,0,17.9,4.9,416,2038.4
2023-06-15,S003,east,1,0,21.6,5.17,417,2155.89
2023-06-16,S003,east,0,0,20.8,5.05,390,1969.5
2023-06-17,S003,east,0,0,20.7,5.04,465,2343.6
2023-06-18,S003,east,0,0,14.9,5.24,377,1975.48
2023-06-19,S003,east,0,0,23.6,5.03,322,1619.66
2023-06-20,S003,east,0,0,17.4,4.95,321,1588.95
2023-06-21,S003,east,0,0,25.9,5.12,309,1582.08
2023-06-22,S003,east,0,0,24.4,4.84,346,1674.64
2023-06-23,S003,east,0,0,21.8,5.06,372,1882.32
2023-06-24,S003,east,0,0,18.7,5.08,454,2306.32
2023-06-25,S003,east,1,0,20.4,4.72,477,2251.44
2023-06-26,S003,east,1,0,20.7,5.27,360,1897.2
2023-06-27,S003,east,0,0,22.4,5.28,296,1562.88
2023-06-28,S003,east,1,0,20.1,4.95,405,2004.75
2023-06-29,S003,east,1,0,25.6,5.06,436,2206.16
2023-06-30,S003,east,1,0,22.0,5.02,490,2459.8
2023-07-01,S003,east,0,0,20.3,5.01,447,2239.47
2023-07-02,S003,east,0,0,23.3,5.02,344,1726.88
2023-07-03,S003,east,0,0,21.6,5.09,303,1542.27
2023-07-04,S003,east,1,1,20.5,5.26,383,2014.58
2023-07-05,S003,east,0,0,22.7,5.01,326,1633.26
2023-07-06,S003,east,0,0,20.7,5.07,345,1749.15
2023-07-07,S003,east,0,0,17.0,4.92,369,1815.48
2023-07-08,S003,east,0,0,26.0,4.8,442,2121.6
2023-07-09,S003,east,0,0,20.3,5.35,382,2043.7
2023-07-10,S003,east,0,0,30.0,4.83,324,1564.92
2023-07-11,S003,east,0,0,20.4,4.79,292,1398.68
2023-07-12,S003,east,0,0,24.9,5.09,322,1638.98
2023-07-13,S003,east,0,0,23.8,5.09,326,1659.34
2023-07-14,S003,east,1,0,23.9,4.88,479,2337.52
2023-07-15,S003,east,0,0,21.4,5.13,428,2195.64
2023-07-16,S003,east,0,0,22.7,5.13,384,1969.92
2023-07-17,S003,east,0,0,25.9,5.13,311,1595.43
2023-07-18,S003,east,1,0,25.3,5.03,367,1846.01
2023-07-19,S003,east,0,0,22.3,4.94,294,1452.36
2023-07-20,S003,east,0,0,29.2,4.8,317,1521.6
2023-07-21,S003,east,0,0,24.6,5.22,386,2014.92
2023-07-22,S003,east,1,0,21.0,5.04,531,2676.24
2023-07-23,S003,east,0,0,20.2,5.08,370,1879.6
2023-07-24,S003,east,0,0,22.1,5.2,299,1554.8
2023-07-25,S003,east,0,0,19.1,4.93,301,1483.93
2023-07-26,S003,east,0,0,24.2,5.04,302,1522.08
2023-07-27,S003,east,0,0,24.7,5.03,328,1649.84
2023-07-28,S003,east,0,0,20.5,5.16,377,1945.32
2023-07-29,S003,east,0,0,21.8,5.18,403,2087.54
2023-07-30,S003,east,0,0,25.5,5.16,348,1795.68
2023-07-31,S003,east,0,0,21.3,5.13,296,1518.48
2023-08-01,S003,east,0,0,19.6,5.07,294,1490.58
2023-08-02,S003,east,0,0,23.8,5.18,311,1610.98
2023-08-03,S003,east,0,0,20.1,5.3,328,1738.4
2023-08-04,S003,east,0,0,18.8,4.88,358,1747.04
2023-08-05,S003,east,0,0,19.1,5.07,421,2134.47
2023-08-06,S003,east,0,0,21.7,4.96,333,1651.68
2023-08-07,S003,east,1,0,25.7,4.96,353,1750.88
2023-08-08,S003,east,0,0,22.9,5.19,278,1442.82
2023-08-09,S003,east,0,0,18.4,4.99,300,1497.0
2023-08-10,S003,east,0,0,22.7,5.07,311,1576.77
2023-08-11,S003,east,0,0,21.8,5.07,369,1870.83
2023-08-12,S003,east,0,0,23.1,5.01,400,2004.0
2023-08-13,S003,east,1,0,19.8,5.16,446,2301.36
2023-08-14,S003,east,0,0,20.8,5.22,289,1508.58
2023-08-15,S003,east,0,0,22.5,5.19,286,1484.34
2023-08-16,S003,east,0,0,22.3,5.05,291,1469.55
2023-08-17,S003,east,0,0,22.5,5.02,321,1611.42
2023-08-18,S003,east,0,0,18.2,4.9,378,1852.2
2023-08-19,S003,east,0,0,29.4,5.17,441,2279.97
2023-08-20,S003,east,1,0,23.6,5.04,436,2197.44
2023-08-21,S003,east,1,0,18.8,5.1,337,1718.7
2023-08-22,S003,east,0,0,24.5,5.02,288,1445.76
2023-08-23,S003,east,0,0,26.1,4.99,299,1492.01
2023-08-24,S003,east,0,0,19.3,4.71,310,1460.1
2023-08-25,S003,east,0,0,22.2,5.08,370,1879.6
2023-08-26,S003,east,0,0,18.3,4.81,385,1851.85
2023-08-27,S003,east,1,0,23.9,4.94,425,2099.5
2023-08-28,S003,east,0,0,25.9,4.97,305,1515.85
2023-08-29,S003,east,0,0,21.5,5.06,273,1381.38
2023-08-30,S003,east,0,0,22.1,4.89,281,1374.09
2023-08-31,S003,east,1,0,18.0,5.03,378,1901.34
2023-09-01,S003,east,0,0,20.5,4.91,363,1782.33
2023-09-02,S003,east,0,0,18.9,5.15,406,2090.9
2023-09-03,S003,east,0,0,10.5,5.14,311,1598.54
2023-09-04,S003,east,0,0,19.0,5.1,287,1463.7
2023-09-05,S003,east,1,0,16.5,5.26,315,1656.9
2023-09-06,S003,east,0,0,17.8,5.13,269,1379.97
2023-09-07,S003,east,0,0,20.1,4.93,313,1543.09
2023-09-08,S003,east,0,0,23.7,5.12,342,1751.04
2023-09-09,S003,east,1,0,17.1,5.01,488,2444.88
2023-09-10,S003,east,0,0,18.3,5.12,309,1582.08
2023-09-11,S003,east,0,0,19.6,4.94,288,1422.72
2023-09-12,S003,east,0,0,19.7,5.05,270,1363.5
2023-09-13,S003,east,0,0,23.5,5.1,293,1494.3
2023-09-14,S003,east,0,0,20.7,4.92,324,1594.08
2023-09-15,S003,east,0,0,17.7,5.2,329,1710.8
2023-09-16,S003,east,1,0,17.5,5.01,477,2389.77
2023-09-17,S003,east,0,0,20.3,5.08,325,1651.0
2023-09-18,S003,east,0,0,23.1,5.04,285,1436.4
2023-09-19,S003,east,0,0,22.1,5.05,289,1459.45
2023-09-20,S003,east,0,0,15.4,4.92,260,1279.2
2023-09-21,S003,east,0,0,20.4,5.4,305,1647.0
2023-09-22,S003,east,0,0,15.8,5.18,343,1776.74
2023-09-23,S003,east,0,0,13.1,4.79,384,1839.36
2023-09-24,S003,east,0,0,16.9,5.4,336,1814.4
2023-09-25,S003,east,1,0,14.1,4.94,321,1585.74
2023-09-26,S003,east,0,0,16.5,5.04,273,1375.92
2023-09-27,S003,east,0,0,18.1,4.9,269,1318.1
2023-09-28,S003,east,0,0,12.7,5.14,294,1511.16
2023-09-29,S003,east,0,0,11.6,4.91,330,1620.3
2023-09-30,S003,east,0,0,14.7,5.02,388,1947.76
2023-10-01,S003,east,0,0,16.9,4.99,342,1706.58
2023-10-02,S003,east,1,0,12.2,5.02,337,1691.74
2023-10-03,S003,east,1,0,13.5,5.02,323,1621.46
2023-10-04,S003,east,0,0,12.4,5.33,253,1348.49
2023-10-05,S003,east,0,0,16.0,5.14,282,1449.48
2023-10-06,S003,east,0,0,11.7,4.87,339,1650.93
2023-10-07,S003,east,0,0,11.8,4.92,384,1889.28
2023-10-08,S003,east,0,0,16.0,4.99,310,1546.9
2023-10-09,S003,east,0,0,14.7,5.1,289,1473.9
2023-10-10,S003,east,1,0,11.8,5.23,315,1647.45
2023-10-11,S003,east,0,0,11.0,5.27,267,1407.09
2023-10-12,S003,east,1,0,11.1,5.03,347,1745.41
2023-10-13,S003,east,0,0,18.2,5.06,319,1614.14
2023-10-14,S003,east,1,0,10.5,4.7,454,2133.8
2023-10-15,S003,east,1,0,8.9,5.11,395,2018.45
2023-10-16,S003,east,1,0,13.2,5.05,331,1671.55
2023-10-17,S003,east,0,0,10.8,4.99,278,1387.22
2023-10-18,S003,east,0,0,9.5,4.92,266,1308.72
2023-10-19,S003,east,0,0,17.0,4.99,307,1531.93
2023-10-20,S003,east,1,0,12.7,5.03,418,2102.54
2023-10-21,S003,east,0,0,9.0,4.99,383,1911.17
2023-10-22,S003,east,1,0,12.9,5.04,395,1990.8
2023-10-23,S003,east,1,0,8.9,4.98,342,1703.16
2023-10-24,S003,east,0,0,8.5,5.09,224,1140.16
2023-10-25,S003,east,0,0,8.4,5.07,279,1414.53
2023-10-26,S003,east,0,0,8.5,5.0,259,1295.0
2023-10-27,S003,east,0,0,11.1,5.01,338,1693.38
2023-10-28,S003,east,0,0,18.9,5.02,389,1952.78
2023-10-29,S003,east,0,0,9.2,5.09,289,1471.01
2023-10-30,S003,east,1,0,10.0,5.25,335,1758.75
2023-10-31,S003,east,0,0,7.4,4.91,224,1099.84
2023-11-01,S003,east,0,0,10.5,5.35,275,1471.25
2023-11-02,S003,east,0,0,8.7,4.86,299,1453.14
2023-11-03,S003,east,1,0,5.6,4.91,430,2111.3
2023-11-04,S003,east,0,0,8.8,5.27,368,1939.36
2023-11-05,S003,east,0,0,8.3,5.1,307,1565.7
2023-11-06,S003,east,0,0,7.4,4.96,273,1354.08
2023-11-07,S003,east,0,0,7.8,5.08,228,1158.24
2023-11-08,S003,east,1,0,7.3,5.15,343,1766.45
2023-11-09,S003,east,0,0,4.2,4.83,282,1362.06
2023-11-10,S003,east,0,0,10.5,5.09,345,1756.05
2023-11-11,S003,east,1,0,9.3,5.07,517,2621.19
2023-11-12,S003,east,1,0,9.5,5.07,403,2043.21
2023-11-13,S003,east,0,0,5.8,5.13,258,1323.54
2023-11-14,S003,east,0,0,4.1,5.1,240,1224.0
2023-11-15,S003,east,1,0,7.8,4.87,316,1538.92
2023-11-16,S003,east,0,0,4.2,5.11,278,1420.58
2023-11-17,S003,east,1,0,8.0,5.06,418,2115.08
2023-11-18,S003,east,0,0,7.5,5.29,384,2031.36
2023-11-19,S003,east,0,0,9.1,4.86,319,1550.34
2023-11-20,S003,east,0,0,6.4,5.01,242,1212.42
2023-11-21,S003,east,0,0,10.2,4.92,271,1333.32
2023-11-22,S003,east,1,0,6.4,5.17,329,1700.93
2023-11-23,S003,east,0,0,8.3,4.98,277,1379.46
2023-11-24,S003,east,0,0,7.9,4.76,333,1585.08
2023-11-25,S003,east,1,0,2.2,4.94,470,2321.8
2023-11-26,S003,east,0,0,7.9,5.04,317,1597.68
2023-11-27,S003,east,1,0,5.0,5.1,335,1708.5
2023-11-28,S003,east,0,1,6.2,4.98,258,1284.84
2023-11-29,S003,east,0,0,4.6,5.08,269,1366.52
2023-11-30,S003,east,0,0,4.9,5.07,268,1358.76
2023-12-01,S003,east,0,0,5.5,5.11,333,1701.63
2023-12-02,S003,east,1,0,0.1,5.0,495,2475.0
2023-12-03,S003,east,0,0,5.2,4.82,297,1431.54
2023-12-04,S003,east,0,0,2.1,5.0,270,1350.0
2023-12-05,S003,east,0,0,3.2,5.24,274,1435.76
2023-12-06,S003,east,1,0,2.8,5.12,354,1812.48
2023-12-07,S003,east,0,0,-0.5,4.91,290,1423.9
2023-12-08,S003,east,0,0,6.6,5.05,331,1671.55
2023-12-09,S003,east,0,0,6.5,4.91,391,1919.81
2023-12-10,S003,east,0,0,-1.1,5.23,313,1636.99
2023-12-11,S003,east,0,0,2.6,4.95,281,1390.95
2023-12-12,S003,east,0,0,7.9,5.1,286,1458.6
2023-12-13,S003,east,1,0,1.9,4.95,349,1727.55
2023-12-14,S003,east,0,0,4.0,5.05,297,1499.85
2023-12-15,S003,east,0,0,5.9,5.0,354,1770.0
2023-12-16,S003,east,0,0,-1.3,5.17,390,2016.3
2023-12-17,S003,east,0,0,-1.2,5.21,313,1630.73
2023-12-18,S003,east,0,0,2.6,4.97,264,1312.08
2023-12-19,S003,east,0,0,2.6,4.89,276,1349.64
2023-12-20,S003,east,0,0,-0.2,5.04,282,1421.28
2023-12-21,S003,east,0,0,-1.7,5.02,290,1455.8
2023-12-22,S003,east,1,0,2.7,4.96,434,2152.64
2023-12-23,S003,east,1,0,3.8,5.05,499,2519.95
2023-12-24,S003,east,0,0,3.5,4.93,316,1557.88
2023-12-25,S003,east,1,1,3.0,5.08,361,1833.88
2023-12-26,S003,east,0,0,1.2,5.07,259,1313.13
2023-12-27,S003,east,0,0,5.7,5.19,284,1473.96
2023-12-28,S003,east,0,0,-1.8,4.93,281,1385.33
2023-12-29,S003,east,0,0,5.2,5.22,323,1686.06
2023-12-30,S003,east,0,0,7.5,5.02,414,2078.28
2023-12-31,S003,east,1,0,5.0,5.16,417,2151.72
2024-01-01,S003,east,0,1,0.6,5.27,268,1412.36
2024-01-02,S003,east,0,0,0.7,5.08,278,1412.24
2024-01-03,S003,east,0,0,-1.5,5.19,279,1448.01
2024-01-04,S003,east,1,0,3.1,5.02,402,2018.04
2024-01-05,S003,east,0,0,3.0,5.12,346,1771.52
2024-01-06,S003,east,0,0,-1.1,5.14,391,2009.74
2024-01-07,S003,east,0,0,2.0,5.19,352,1826.88
2024-01-08,S003,east,0,0,0.5,5.0,285,1425.0
2024-01-09,S003,east,0,0,1.3,5.17,270,1395.9
2024-01-10,S003,east,0,0,3.1,5.01,292,1462.92
2024-01-11,S003,east,0,0,4.0,4.95,317,1569.15
2024-01-12,S003,east,0,0,-0.2,5.03,343,1725.29
2024-01-13,S003,east,1,0,0.4,5.15,521,2683.15
2024-01-14,S003,east,1,0,0.6,4.97,434,2156.98
2024-01-15,S003,east,0,0,1.9,5.07,286,1450.02
2024-01-16,S003,east,0,0,-1.9,5.13,255,1308.15
2024-01-17,S003,east,1,0,0.4,5.25,362,1900.5
2024-01-18,S003,east,0,0,2.5,5.2,315,1638.0
2024-01-19,S003,east,0,0,3.7,5.17,354,1830.18
2024-01-20,S003,east,0,0,-3.6,5.07,423,2144.61
2024-01-21,S003,east,0,0,7.5,5.09,375,1908.75
2024-01-22,S003,east,0,0,4.1,5.02,279,1400.58
2024-01-23,S003,east,0,0,7.1,4.98,265,1319.7
2024-01-24,S003,east,1,0,-0.6,5.19,366,1899.54
2024-01-25,S003,east,0,0,-1.8,5.09,308,1567.72
2024-01-26,S003,east,0,0,-0.8,4.93,358,1764.94
2024-01-27,S003,east,0,0,0.1,4.84,417,2018.28
2024-01-28,S003,east,0,0,0.1,5.03,363,1825.89
2024-01-29,S003,east,0,0,0.2,5.23,298,1558.54
2024-01-30,S003,east,0,0,1.0,5.13,298,1528.74
2024-01-31,S003,east,0,0,1.5,5.08,308,1564.64
2024-02-01,S003,east,0,0,-3.3,5.02,300,1506.0
2024-02-02,S003,east,0,0,-2.0,5.06,352,1781.12
2024-02-03,S003,east,1,0,1.4,4.96,553,2742.88
2024-02-04,S003,east,0,0,-1.4,4.75,365,1733.75
2024-02-05,S003,east,0,0,-2.8,5.04,308,1552.32
2024-02-06,S003,east,0,0,1.1,5.22,276,1440.72
2024-02-07,S003,east,1,0,2.6,5.15,397,2044.55
2024-02-08,S003,east,0,0,1.6,5.12,346,1771.52
2024-02-09,S003,east,0,0,6.0,4.95,412,2039.4
2024-02-10,S003,east,0,0,0.4,4.96,439,2177.44
2024-02-11,S003,east,0,0,4.1,4.99,365,1821.35
2024-02-12,S003,east,1,0,1.7,5.13,385,1975.05
2024-02-13,S003,east,0,0,-2.4,5.04,282,1421.28
2024-02-14,S003,east,0,0,-3.4,5.13,322,1651.86
2024-02-15,S003,east,0,0,3.8,5.15,324,1668.6
2024-02-16,S003,east,0,0,0.8,5.22,395,2061.9
2024-02-17,S003,east,1,0,4.8,5.15,594,3059.1
2024-02-18,S003,east,0,0,4.8,4.82,357,1720.74
2024-02-19,S003,east,0,0,2.4,5.14,331,1701.34
2024-02-20,S003,east,1,0,4.0,4.96,375,1860.0
2024-02-21,S003,east,0,0,3.6,5.0,314,1570.0
2024-02-22,S003,east,0,0,4.3,4.83,360,1738.8
2024-02-23,S003,east,0,0,3.7,4.85,375,1818.75
2024-02-24,S003,east,0,0,1.0,5.1,451,2300.1
2024-02-25,S003,east,1,0,0.0,5.21,480,2500.8
2024-02-26,S003,east,0,0,6.7,5.13,326,1672.38
2024-02-27,S003,east,0,0,5.1,4.88,297,1449.36
2024-02-28,S003,east,0,0,6.2,5.02,314,1576.28
2024-02-29,S003,east,1,0,5.4,4.97,434,2156.98
2024-03-01,S003,east,0,0,4.8,5.0,420,2100.0
2024-03-02,S003,east,0,0,-0.5,5.08,444,2255.52
2024-03-03,S003,east,0,0,4.0,4.9,394,1930.6
2024-03-04,S003,east,0,0,-0.8,5.18,314,1626.52
2024-03-05,S003,east,0,0,2.1,5.24,301,1577.24
2024-03-06,S003,east,0,0,3.9,5.22,328,1712.16
2024-03-07,S003,east,0,0,5.0,5.33,361,1924.13
2024-03-08,S003,east,0,0,4.4,5.02,395,1982.9
2024-03-09,S003,east,0,0,4.1,5.0,458,2290.0
2024-03-10,S003,east,0,0,1.1,5.14,388,1994.32
2024-03-11,S003,east,0,0,6.5,4.87,324,1577.88
2024-03-12,S003,east,1,0,6.4,5.44,388,2110.72
2024-03-13,S003,east,0,0,10.8,5.15,313,1611.95
2024-03-14,S003,east,0,0,9.5,5.02,369,1852.38
2024-03-15,S003,east,1,0,4.1,5.0,540,2700.0
2024-03-16,S003,east,0,0,4.7,5.02,497,2494.94
2024-03-17,S003,east,0,0,4.1,5.11,401,2049.11
2024-03-18,S003,east,0,0,7.0,4.98,344,1713.12
2024-03-19,S003,east,0,0,8.2,5.04,317,1597.68
2024-03-20,S003,east,0,0,5.9,4.9,344,1685.6
2024-03-21,S003,east,1,0,8.5,4.87,457,2225.59
2024-03-22,S003,east,0,0,4.0,5.38,420,2259.6
2024-03-23,S003,east,0,0,9.6,4.98,481,2395.38
2024-03-24,S003,east,0,0,5.8,5.01,395,1978.95
2024-03-25,S003,east,1,0,1.6,5.0,420,2100.0
2024-03-26,S003,east,0,0,5.7,4.93,330,1626.9
2024-03-27,S003,east,0,0,11.4,5.09,338,1720.42
2024-03-28,S003,east,0,0,8.6,4.88,379,1849.52
2024-03-29,S003,east,1,0,10.6,5.08,538,2733.04
2024-03-30,S003,east,0,0,6.2,5.2,474,2464.8
2024-03-31,S003,east,0,0,7.7,5.0,419,2095.0
2024-04-01,S003,east,0,0,7.2,5.23,339,1772.97
2024-04-02,S003,east,0,0,7.2,5.12,337,1725.44
2024-04-03,S003,east,1,0,14.7,5.12,461,2360.32
2024-04-04,S003,east,0,0,4.9,5.02,394,1977.88
2024-04-05,S003,east,0,0,8.3,5.09,427,2173.43
2024-04-06,S003,east,1,0,7.4,5.04,613,3089.52
2024-04-07,S003,east,1,0,7.0,4.88,523,2552.24
2024-04-08,S003,east,0,0,7.5,4.82,320,1542.4
2024-04-09,S003,east,0,0,7.9,5.21,323,1682.83
2024-04-10,S003,east,0,0,13.9,5.15,357,1838.55
2024-04-11,S003,east,0,0,11.1,4.89,355,1735.95
2024-04-12,S003,east,0,0,13.9,5.2,434,2256.8
2024-04-13,S003,east,0,0,6.0,5.17,486,2512.62
2024-04-14,S003,east,0,0,14.8,5.02,402,2018.04
2024-04-15,S003,east,0,0,8.8,5.03,350,1760.5
2024-04-16,S003,east,0,0,14.3,5.06,329,1664.74
2024-04-17,S003,east,0,0,10.6,4.95,351,1737.45
2024-04-18,S003,east,0,0,12.5,5.03,368,1851.04
2024-04-19,S003,east,0,0,10.6,5.12,440,2252.8
2024-04-20,S003,east,0,0,14.4,5.11,495,2529.45
2024-04-21,S003,east,0,0,15.1,4.96,404,2003.84
2024-04-22,S003,east,0,0,9.9,4.94,354,1748.76
2024-04-23,S003,east,1,0,12.3,5.08,418,2123.44
2024-04-24,S003,east,0,0,11.3,5.05,337,1701.85
2024-04-25,S003,east,0,0,13.6,5.21,362,1886.02
2024-04-26,S003,east,0,0,10.4,5.14,456,2343.84
2024-04-27,S003,east,1,0,12.8,4.89,641,3134.49
2024-04-28,S003,east,0,0,16.2,5.27,402,2118.54
2024-04-29,S003,east,0,0,21.3,4.91,350,1718.5
2024-04-30,S003,east,0,0,11.3,5.16,314,1620.24
2024-05-01,S003,east,0,0,13.5,5.04,356,1794.24
2024-05-02,S003,east,0,0,17.9,4.91,400,1964.0
2024-05-03,S003,east,0,0,15.4,5.18,449,2325.82
2024-05-04,S003,east,0,0,16.6,5.05,522,2636.1
2024-05-05,S003,east,0,0,15.7,4.88,428,2088.64
2024-05-06,S003,east,0,0,16.2,5.1,383,1953.3
2024-05-07,S003,east,1,0,18.3,5.04,440,2217.6
2024-05-08,S003,east,0,0,17.0,5.29,358,1893.82
2024-05-09,S003,east,0,0,13.8,5.0,385,1925.0
2024-05-10,S003,east,0,0,19.0,5.04,464,2338.56
2024-05-11,S003,east,1,0,18.5,5.06,637,3223.22
2024-05-12,S003,east,0,0,20.2,4.93,422,2080.46
2024-05-13,S003,east,0,0,15.1,5.3,343,1817.9
2024-05-14,S003,east,0,0,18.9,4.78,340,1625.2
2024-05-15,S003,east,0,0,20.6,4.89,369,1804.41
2024-05-16,S003,east,0,0,17.3,5.34,386,2061.24
2024-05-17,S003,east,0,0,18.7,5.09,438,2229.42
2024-05-18,S003,east,0,0,19.0,4.94,497,2455.18
2024-05-19,S003,east,0,0,20.1,5.11,419,2141.09
2024-05-20,S003,east,1,0,22.5,4.91,452,2219.32
2024-05-21,S003,east,1,0,16.7,5.23,448,2343.04
2024-05-22,S003,east,0,0,18.3,5.01,366,1833.66
2024-05-23,S003,east,1,0,18.2,4.98,504,2509.92
2024-05-24,S003,east,0,0,18.3,5.1,456,2325.6
2024-05-25,S003,east,0,0,18.7,5.01,508,2545.08
2024-05-26,S003,east,0,0,17.7,5.13,435,2231.55
2024-05-27,S003,east,0,0,14.9,5.01,345,1728.45
2024-05-28,S003,east,0,0,15.5,5.04,340,1713.6
2024-05-29,S003,east,0,0,23.2,4.94,383,1892.02
2024-05-30,S003,east,0,0,18.6,5.07,373,1891.11
2024-05-31,S003,east,0,0,18.5,5.0,451,2255.0
2024-06-01,S003,east,0,0,17.5,5.12,506,2590.72
2024-06-02,S003,east,0,0,25.1,5.12,426,2181.12
2024-06-03,S003,east,0,0,18.9,5.16,350,1806.0
2024-06-04,S003,east,0,0,22.0,5.29,332,1756.28
2024-06-05,S003,east,0,0,19.8,5.01,346,1733.46
2024-06-06,S003,east,0,0,18.7,5.26,399,2098.74
2024-06-07,S003,east,0,0,25.3,5.17,454,2347.18
2024-06-08,S003,east,0,0,19.3,4.95,473,2341.35
2024-06-09,S003,east,0,0,19.3,4.97,426,2117.22
2024-06-10,S003,east,0,0,18.4,5.03,357,1795.71
2024-06-11,S003,east,0,0,18.7,5.1,332,1693.2
2024-06-12,S003,east,0,0,22.3,4.74,350,1659.0
2024-06-13,S003,east,0,0,18.9,5.1,391,1994.1
2024-06-14,S003,east,0,0,19.2,5.06,435,2201.1
2024-06-15,S003,east,0,0,22.3,5.43,514,2791.02
2024-06-16,S003,east,0,0,25.3,5.16,398,2053.68
2024-06-17,S003,east,0,0,22.4,5.18,354,1833.72
2024-06-18,S003,east,1,0,18.9,4.73,395,1868.35
2024-06-19,S003,east,1,0,20.1,4.91,442,2170.22
2024-06-20,S003,east,0,0,20.4,5.01,383,1918.83
2024-06-21,S003,east,1,0,21.6,5.1,551,2810.1
2024-06-22,S003,east,0,0,16.8,4.94,493,2435.42
2024-06-23,S003,east,1,0,22.2,4.92,533,2622.36
2024-06-24,S003,east,0,0,23.3,5.19,361,1873.59
2024-06-25,S003,east,0,0,27.7,5.14,352,1809.28
2024-06-26,S003,east,0,0,22.8,5.0,353,1765.0
2024-06-27,S003,east,0,0,24.0,4.91,354,1738.14
2024-06-28,S003,east,0,0,16.5,4.89,414,2024.46
2024-06-29,S003,east,1,0,25.0,5.21,594,3094.74
2024-06-30,S003,east,0,0,22.5,5.17,418,2161.06
2024-07-01,S003,east,0,0,24.1,5.01,340,1703.4
2024-07-02,S003,east,0,0,23.0,5.0,344,1720.0
2024-07-03,S003,east,0,0,21.8,4.89,332,1623.48
2024-07-04,S003,east,0,1,25.4,5.02,364,1827.28
2024-07-05,S003,east,0,0,26.1,5.07,427,2164.89
2024-07-06,S003,east,0,0,22.1,4.83,495,2390.85
2024-07-07,S003,east,0,0,26.1,5.1,407,2075.7
2024-07-08,S003,east,0,0,23.2,4.97,364,1809.08
2024-07-09,S003,east,0,0,21.9,5.04,323,1627.92
2024-07-10,S003,east,1,0,19.8,4.93,428,2110.04
2024-07-11,S003,east,0,0,20.7,5.3,358,1897.4
2024-07-12,S003,east,1,0,17.5,5.38,534,2872.92
2024-07-13,S003,east,0,0,22.7,5.09,474,2412.66
2024-07-14,S003,east,0,0,25.3,4.98,401,1996.98
2024-07-15,S003,east,0,0,21.5,5.19,325,1686.75
2024-07-16,S003,east,1,0,22.9,5.14,408,2097.12
2024-07-17,S003,east,0,0,22.5,4.86,345,1676.7
2024-07-18,S003,east,0,0,20.7,4.89,349,1706.61
2024-07-19,S003,east,1,0,21.6,5.15,529,2724.35
2024-07-20,S003,east,0,0,24.4,5.07,468,2372.76
2024-07-21,S003,east,0,0,18.5,4.99,390,1946.1
2024-07-22,S003,east,0,0,18.0,4.92,323,1589.16
2024-07-23,S003,east,0,0,19.3,4.8,324,1555.2
2024-07-24,S003,east,1,0,20.2,5.26,418,2198.68
2024-07-25,S003,east,0,0,25.1,4.97,382,1898.54
2024-07-26,S003,east,0,0,23.0,5.02,422,2118.44
2024-07-27,S003,east,0,0,15.1,5.28,473,2497.44
2024-07-28,S003,east,0,0,20.6,4.9,390,1911.0
2024-07-29,S003,east,0,0,25.6,5.05,307,1550.35
2024-07-30,S003,east,0,0,26.9,5.12,315,1612.8
2024-07-31,S003,east,0,0,27.9,5.06,348,1760.88
2024-08-01,S003,east,0,0,23.2,5.21,368,1917.28
2024-08-02,S003,east,0,0,18.6,5.25,390,2047.5
2024-08-03,S003,east,1,0,24.4,5.12,587,3005.44
2024-08-04,S003,east,0,0,24.3,5.08,381,1935.48
2024-08-05,S003,east,0,0,23.7,5.04,320,1612.8
2024-08-06,S003,east,1,0,24.2,5.01,401,2009.01
2024-08-07,S003,east,0,0,23.3,5.14,365,1876.1
2024-08-08,S003,east,0,0,21.8,5.08,352,1788.16
2024-08-09,S003,east,0,0,24.5,4.88,407,1986.16
2024-08-10,S003,east,0,0,19.8,4.88,449,2191.12
2024-08-11,S003,east,0,0,19.7,5.04,406,2046.24
2024-08-12,S003,east,0,0,20.9,5.07,330,1673.1
2024-08-13,S003,east,1,0,20.3,5.2,393,2043.6
2024-08-14,S003,east,0,0,17.3,5.09,304,1547.36
2024-08-15,S003,east,0,0,25.6,5.01,343,1718.43
2024-08-16,S003,east,1,0,17.9,4.9,466,2283.4
2024-08-17,S003,east,0,0,14.9,5.05,431,2176.55
2024-08-18,S003,east,0,0,21.4,4.97,389,1933.33
2024-08-19,S003,east,0,0,24.7,5.28,323,1705.44
2024-08-20,S003,east,1,0,21.2,5.09,379,1929.11
2024-08-21,S003,east,0,0,18.9,5.12,321,1643.52
2024-08-22,S003,east,0,0,28.5,4.93,360,1774.8
2024-08-23,S003,east,1,0,23.8,5.02,495,2484.9
2024-08-24,S003,east,0,0,16.6,5.05,444,2242.2
2024-08-25,S003,east,0,0,21.2,5.05,370,1868.5
2024-08-26,S003,east,0,0,19.3,5.06,313,1583.78
2024-08-27,S003,east,0,0,18.6,5.22,305,1592.1
2024-08-28,S003,east,0,0,26.6,4.95,329,1628.55
2024-08-29,S003,east,0,0,27.7,4.83,368,1777.44
2024-08-30,S003,east,0,0,18.6,5.13,385,1975.05
2024-08-31,S003,east,0,0,25.9,4.84,465,2250.6
2024-09-01,S003,east,0,0,23.4,5.08,377,1915.16
2024-09-02,S003,east,0,0,14.3,4.9,292,1430.8
2024-09-03,S003,east,0,0,20.6,4.94,276,1363.44
2024-09-04,S003,east,0,0,15.3,4.96,298,1478.08
2024-09-05,S003,east,0,0,17.4,4.97,339,1684.83
2024-09-06,S003,east,0,0,19.1,5.06,379,1917.74
2024-09-07,S003,east,0,0,24.8,5.02,444,2228.88
2024-09-08,S003,east,1,0,17.1,5.06,461,2332.66
2024-09-09,S003,east,0,0,16.2,5.19,323,1676.37
2024-09-10,S003,east,0,0,17.3,5.04,289,1456.56
2024-09-11,S003,east,0,0,18.2,5.18,314,1626.52
2024-09-12,S003,east,0,0,15.5,5.08,323,1640.84
2024-09-13,S003,east,0,0,15.3,5.07,382,1936.74
2024-09-14,S003,east,0,0,15.9,5.14,439,2256.46
2024-09-15,S003,east,0,0,18.5,5.26,369,1940.94
2024-09-16,S003,east,1,0,17.3,5.13,376,1928.88
2024-09-17,S003,east,0,0,16.4,5.11,308,1573.88
2024-09-18,S003,east,0,0,21.0,5.01,338,1693.38
2024-09-19,S003,east,0,0,15.5,5.11,322,1645.42
2024-09-20,S003,east,1,0,16.7,5.04,488,2459.52
2024-09-21,S003,east,1,0,15.3,5.16,554,2858.64
2024-09-22,S003,east,1,0,17.7,5.01,454,2274.54
2024-09-23,S003,east,0,0,21.9,5.1,303,1545.3
2024-09-24,S003,east,0,0,13.1,5.08,270,1371.6
2024-09-25,S003,east,0,0,16.0,5.0,317,1585.0
2024-09-26,S003,east,0,0,16.5,5.14,331,1701.34
2024-09-27,S003,east,0,0,15.1,5.12,375,1920.0
2024-09-28,S003,east,1,0,16.2,5.24,528,2766.72
2024-09-29,S003,east,0,0,10.5,5.23,353,1846.19
2024-09-30,S003,east,1,0,15.2,5.15,397,2044.55
2024-10-01,S003,east,0,0,13.6,4.67,281,1312.27
2024-10-02,S003,east,0,0,11.2,5.14,292,1500.88
2024-10-03,S003,east,0,0,17.2,5.06,321,1624.26
2024-10-04,S003,east,0,0,14.3,5.08,380,1930.4
2024-10-05,S003,east,0,0,15.0,5.15,445,2291.75
2024-10-06,S003,east,0,0,10.7,5.13,361,1851.93
2024-10-07,S003,east,0,0,8.8,4.97,294,1461.18
2024-10-08,S003,east,0,0,9.4,4.97,295,1466.15
2024-10-09,S003,east,0,0,13.5,5.23,281,1469.63
2024-10-10,S003,east,0,0,13.9,5.06,326,1649.56
2024-10-11,S003,east,0,0,13.7,5.09,359,1827.31
2024-10-12,S003,east,0,0,17.1,4.79,420,2011.8
2024-10-13,S003,east,0,0,11.1,5.14,358,1840.12
2024-10-14,S003,east,0,0,10.7,5.08,273,1386.84
2024-10-15,S003,east,0,0,12.8,5.05,283,1429.15
2024-10-16,S003,east,0,0,10.9,4.99,309,1541.91
2024-10-17,S003,east,0,0,10.2,5.03,325,1634.75
2024-10-18,S003,east,0,0,10.8,5.19,357,1852.83
2024-10-19,S003,east,0,0,6.9,5.28,401,2117.28
2024-10-20,S003,east,0,0,18.5,5.16,371,1914.36
2024-10-21,S003,east,0,0,10.8,5.09,292,1486.28
2024-10-22,S003,east,1,0,15.3,4.95,343,1697.85
2024-10-23,S003,east,1,0,11.5,5.0,377,1885.0
2024-10-24,S003,east,0,0,7.4,5.24,297,1556.28
2024-10-25,S003,east,0,0,11.9,4.96,379,1879.84
2024-10-26,S003,east,0,0,9.7,5.08,410,2082.8
2024-10-27,S003,east,0,0,12.6,5.2,355,1846.0
2024-10-28,S003,east,1,0,7.3,5.05,370,1868.5
2024-10-29,S003,east,0,0,16.5,5.06,275,1391.5
2024-10-30,S003,east,0,0,9.5,5.11,294,1502.34
2024-10-31,S003,east,0,0,8.8,4.79,315,1508.85
2024-11-01,S003,east,0,0,7.4,4.93,346,1705.78
2024-11-02,S003,east,0,0,9.9,4.99,430,2145.7
2024-11-03,S003,east,0,0,3.9,5.16,343,1769.88
2024-11-04,S003,east,0,0,9.1,5.07,287,1455.09
2024-11-05,S003,east,0,0,6.1,5.0,280,1400.0
2024-11-06,S003,east,0,0,6.7,4.78,288,1376.64
2024-11-07,S003,east,0,0,10.7,5.0,320,1600.0
2024-11-08,S003,east,1,0,6.5,5.24,462,2420.88
2024-11-09,S003,east,0,0,9.6,5.04,442,2227.68
2024-11-10,S003,east,0,0,5.6,5.09,327,1664.43
2024-11-11,S003,east,0,0,6.9,5.07,281,1424.67
2024-11-12,S003,east,0,0,5.4,5.09,268,1364.12
2024-11-13,S003,east,0,0,9.4,5.23,313,1636.99
2024-11-14,S003,east,0,0,5.6,5.14,320,1644.8
2024-11-15,S003,east,0,0,6.4,5.36,377,2020.72
2024-11-16,S003,east,0,0,9.5,4.92,442,2174.64
2024-11-17,S003,east,1,0,5.0,5.04,458,2308.32
2024-11-18,S003,east,0,0,6.5,5.03,294,1478.82
2024-11-19,S003,east,0,0,6.4,4.98,273,1359.54
2024-11-20,S003,east,0,0,2.8,4.88,303,1478.64
2024-11-21,S003,east,0,0,6.6,5.0,315,1575.0
2024-11-22,S003,east,0,0,6.2,4.88,387,1888.56
2024-11-23,S003,east,1,0,5.1,4.98,543,2704.14
2024-11-24,S003,east,1,0,4.7,5.06,450,2277.0
2024-11-25,S003,east,1,0,6.8,5.08,388,1971.04
2024-11-26,S003,east,1,0,8.8,5.03,354,1780.62
2024-11-27,S003,east,1,0,3.3,4.79,377,1805.83
2024-11-28,S003,east,0,1,5.6,4.98,330,1643.4
2024-11-29,S003,east,0,0,9.4,5.09,362,1842.58
2024-11-30,S003,east,0,0,6.5,5.1,448,2284.8
2024-12-01,S003,east,0,0,6.5,5.07,350,1774.5
2024-12-02,S003,east,0,0,0.0,5.06,282,1426.92
2024-12-03,S003,east,0,0,2.1,4.9,297,1455.3
2024-12-04,S003,east,1,0,4.5,4.94,369,1822.86
2024-12-05,S003,east,0,0,5.0,5.12,311,1592.32
2024-12-06,S003,east,0,0,-0.0,5.16,386,1991.76
2024-12-07,S003,east,0,0,2.8,5.16,408,2105.28
2024-12-08,S003,east,1,0,-1.8,5.23,442,2311.66
2024-12-09,S003,east,0,0,2.9,4.84,301,1456.84
2024-12-10,S003,east,0,0,1.5,5.03,284,1428.52
2024-12-11,S003,east,0,0,1.9,5.07,304,1541.28
2024-12-12,S003,east,1,0,-0.2,5.2,398,2069.6
2024-12-13,S003,east,1,0,4.0,5.03,467,2349.01
2024-12-14,S003,east,0,0,1.8,4.98,430,2141.4
2024-12-15,S003,east,0,0,6.9,4.9,372,1822.8
2024-12-16,S003,east,0,0,6.4,4.73,297,1404.81
2024-12-17,S003,east,1,0,1.9,5.06,350,1771.0
2024-12-18,S003,east,0,0,0.6,5.03,286,1438.58
2024-12-19,S003,east,0,0,-1.0,4.99,331,1651.69
2024-12-20,S003,east,0,0,8.2,4.99,393,1961.07
2024-12-21,S003,east,0,0,8.3,5.06,456,2307.36
2024-12-22,S003,east,0,0,4.9,5.02,360,1807.2
2024-12-23,S003,east,0,0,-1.1,5.17,294,1519.98
2024-12-24,S003,east,0,0,1.6,4.97,293,1456.21
2024-12-25,S003,east,0,1,-2.1,4.97,291,1446.27
2024-12-26,S003,east,0,0,2.4,5.26,337,1772.62
2024-12-27,S003,east,0,0,5.0,5.03,379,1906.37
2024-12-28,S003,east,0,0,-0.9,5.15,452,2327.8
2024-12-29,S003,east,0,0,-1.2,4.95,378,1871.1
2024-12-30,S003,east,0,0,2.6,5.23,317,1657.91
2024-12-31,S003,east,0,0,-0.2,5.12,288,1474.56
2023-01-01,S004,west,0,1,4.6,5.3,347,1839.1
2023-01-02,S004,west,0,0,4.7,5.46,310,1692.6
2023-01-03,S004,west,0,0,1.3,5.52,295,1628.4
2023-01-04,S004,west,0,0,3.4,5.55,306,1698.3
2023-01-05,S004,west,0,0,-2.4,5.27,332,1749.64
2023-01-06,S004,west,0,0,0.6,5.27,389,2050.03
2023-01-07,S004,west,0,0,-1.0,5.38,421,2264.98
2023-01-08,S004,west,0,0,-2.2,5.27,343,1807.61
2023-01-09,S004,west,0,0,1.1,5.34,315,1682.1
2023-01-10,S004,west,0,0,-1.2,5.49,290,1592.1
2023-01-11,S004,west,1,0,0.1,5.43,379,2057.97
2023-01-12,S004,west,0,0,0.5,5.44,341,1855.04
2023-01-13,S004,west,0,0,2.9,5.53,382,2112.46
2023-01-14,S004,west,1,0,-0.0,5.58,565,3152.7
2023-01-15,S004,west,1,0,2.5,5.27,487,2566.49
2023-01-16,S004,west,0,0,-0.2,5.44,300,1632.0
2023-01-17,S004,west,0,0,-1.8,5.46,272,1485.12
2023-01-18,S004,west,0,0,-2.0,5.43,298,1618.14
2023-01-19,S004,west,0,0,1.2,5.25,333,1748.25
2023-01-20,S004,west,0,0,5.1,5.55,406,2253.3
2023-01-21,S004,west,1,0,-0.0,5.53,546,3019.38
2023-01-22,S004,west,0,0,3.1,5.2,383,1991.6
2023-01-23,S004,west,0,0,-2.2,5.41,312,1687.92
2023-01-24,S004,west,0,0,3.9,5.26,318,1672.68
2023-01-25,S004,west,0,0,-2.3,5.33,328,1748.24
2023-01-26,S004,west,0,0,4.4,5.44,367,1996.48
2023-01-27,S004,west,0,0,2.0,5.37,377,2024.49
2023-01-28,S004,west,0,0,3.0,5.54,455,2520.7
2023-01-29,S004,west,0,0,4.9,5.39,370,1994.3
2023-01-30,S004,west,1,0,-1.6,5.21,403,2099.63
2023-01-31,S004,west,0,0,4.4,5.32,293,1558.76
2023-02-01,S004,west,0,0,1.1,5.57,341,1899.37
2023-02-02,S004,west,0,0,3.5,5.33,352,1876.16
2023-02-03,S004,west,0,0,-0.3,5.67,416,2358.72
2023-02-04,S004,west,0,0,2.4,5.31,464,2463.84
2023-02-05,S004,west,0,0,3.4,5.63,395,2223.85
2023-02-06,S004,west,0,0,3.5,5.59,328,1833.52
2023-02-07,S004,west,0,0,3.1,5.22,312,1628.64
2023-02-08,S004,west,1,0,1.3,5.42,407,2205.94
2023-02-09,S004,west,0,0,0.6,5.37,357,1917.09
2023-02-10,S004,west,0,0,2.8,5.58,408,2276.64
2023-02-11,S004,west,0,0,3.5,5.29,472,2496.88
2023-02-12,S004,west,1,0,-2.2,5.53,491,2715.23
2023-02-13,S004,west,0,0,4.8,5.51,313,1724.63
2023-02-14,S004,west,0,0,2.6,5.43,335,1819.05
2023-02-15,S004,west,1,0,-1.3,5.44,416,2263.04
2023-02-16,S004,west,0,0,1.0,5.61,348,1952.28
2023-02-17,S004,west,0,0,0.9,5.37,421,2260.77
2023-02-18,S004,west,0,0,4.2,5.46,497,2713.62
2023-02-19,S004,west,0,0,1.1,5.36,393,2106.48
2023-02-20,S004,west,0,0,-1.1,5.32,322,1713.04
2023-02-21,S004,west,0,0,4.4,5.58,339,1891.62
2023-02-22,S004,west,0,0,0.7,5.46,352,1921.92
2023-02-23,S004,west,0,0,3.1,5.59,384,2146.56
2023-02-24,S004,west,0,0,1.9,5.51,436,2402.36
2023-02-25,S004,west,0,0,7.5,5.3,485,2570.5
2023-02-26,S004,west,0,0,4.9,5.59,396,2213.64
2023-02-27,S004,west,0,0,0.6,5.37,313,1680.81
2023-02-28,S004,west,0,0,3.6,5.49,303,1663.47
2023-03-01,S004,west,0,0,4.7,5.37,327,1755.99
2023-03-02,S004,west,0,0,6.1,5.55,389,2158.95
2023-03-03,S004,west,1,0,5.6,5.38,567,3050.46
2023-03-04,S004,west,1,0,1.2,5.32,615,3271.8
2023-03-05,S004,west,0,0,3.2,5.43,431,2340.33
2023-03-06,S004,west,0,0,4.6,5.29,353,1867.37
2023-03-07,S004,west,1,0,2.4,5.21,415,2162.15
2023-03-08,S004,west,0,0,4.5,5.59,368,2057.12
2023-03-09,S004,west,0,0,0.9,5.59,379,2118.61
2023-03-10,S004,west,0,0,3.1,5.47,445,2434.15
2023-03-11,S004,west,0,0,3.1,5.4,527,2845.8
2023-03-12,S004,west,0,0,2.3,5.44,408,2219.52
2023-03-13,S004,west,1,0,7.5,5.45,457,2490.65
2023-03-14,S004,west,0,0,-3.2,5.42,310,1680.2
2023-03-15,S004,west,0,0,7.3,5.48,355,1945.4
2023-03-16,S004,west,1,0,8.1,5.45,484,2637.8
2023-03-17,S004,west,0,0,7.9,5.47,441,2412.27
2023-03-18,S004,west,0,0,8.4,5.36,517,2771.12
2023-03-19,S004,west,1,0,3.5,5.42,519,2812.98
2023-03-20,S004,west,0,0,6.3,5.47,355,1941.85
2023-03-21,S004,west,0,0,6.3,5.17,318,1644.06
2023-03-22,S004,west,1,0,9.0,5.58,456,2544.48
2023-03-23,S004,west,0,0,5.5,5.55,391,2170.05
2023-03-24,S004,west,1,0,4.7,5.6,561,3141.6
2023-03-25,S004,west,0,0,3.7,5.32,514,2734.48
2023-03-26,S004,west,0,0,6.9,5.28,430,2270.4
2023-03-27,S004,west,0,0,1.8,5.5,363,1996.5
2023-03-28,S004,west,0,0,11.4,5.43,347,1884.21
2023-03-29,S004,west,0,0,2.4,5.37,360,1933.2
2023-03-30,S004,west,0,0,6.8,5.65,394,2226.1
2023-03-31,S004,west,1,0,6.9,5.5,585,3217.5
2023-04-01,S004,west,0,0,5.8,5.52,514,2837.28
2023-04-02,S004,west,0,0,8.5,5.37,436,2341.32
2023-04-03,S004,west,0,0,9.1,5.59,366,2045.94
2023-04-04,S004,west,0,0,10.2,5.47,340,1859.8
2023-04-05,S004,west,1,0,8.1,5.4,455,2457.0
2023-04-06,S004,west,0,0,9.8,5.61,395,2215.95
2023-04-07,S004,west,1,0,5.3,5.44,572,3111.68
2023-04-08,S004,west,0,0,12.6,5.35,533,2851.55
2023-04-09,S004,west,0,0,6.4,5.4,446,2408.4
2023-04-10,S004,west,1,0,10.5,5.31,470,2495.7
2023-04-11,S004,west,0,0,8.5,5.47,352,1925.44
2023-04-12,S004,west,0,0,10.8,5.49,372,2042.28
2023-04-13,S004,west,0,0,8.3,5.55,383,2125.65
2023-04-14,S004,west,1,0,12.6,5.45,597,3253.65
2023-04-15,S004,west,0,0,11.5,5.28,544,2872.32
2023-04-16,S004,west,1,0,14.5,5.39,566,3050.74
2023-04-17,S004,west,0,0,10.8,5.48,374,2049.52
2023-04-18,S004,west,0,0,12.3,5.52,357,1970.64
2023-04-19,S004,west,1,0,14.1,5.53,454,2510.62
2023-04-20,S004,west,0,0,13.9,5.57,398,2216.86
2023-04-21,S004,west,0,0,11.9,5.37,474,2545.38
2023-04-22,S004,west,0,0,9.2,5.4,528,2851.2
2023-04-23,S004,west,0,0,11.9,5.43,434,2356.62
2023-04-24,S004,west,1,0,8.0,5.52,457,2522.64
2023-04-25,S004,west,0,0,14.8,5.03,356,1790.68
2023-04-26,S004,west,0,0,13.4,5.32,388,2064.16
2023-04-27,S004,west,1,0,12.8,5.27,512,2698.24
2023-04-28,S004,west,1,0,16.5,5.31,580,3079.8
2023-04-29,S004,west,1,0,11.6,5.44,654,3557.76
2023-04-30,S004,west,0,0,13.7,5.41,430,2326.3
2023-05-01,S004,west,1,0,15.1,5.55,496,2752.8
2023-05-02,S004,west,0,0,13.2,5.28,351,1853.28
2023-05-03,S004,west,1,0,19.2,5.2,476,2475.2
2023-05-04,S004,west,0,0,15.0,5.5,399,2194.5
2023-05-05,S004,west,0,0,18.6,5.42,468,2536.56
2023-05-06,S004,west,0,0,15.2,5.48,537,2942.76
2023-05-07,S004,west,1,0,14.9,5.49,561,3079.89
2023-05-08,S004,west,0,0,18.5,5.38,381,2049.78
2023-05-09,S004,west,0,0,17.8,5.26,360,1893.6
2023-05-10,S004,west,1,0,16.1,5.44,484,2632.96
2023-05-11,S004,west,1,0,11.8,5.53,504,2787.12
2023-05-12,S004,west,0,0,20.3,5.48,471,2581.08
2023-05-13,S004,west,0,0,14.7,5.46,533,2910.18
2023-05-14,S004,west,0,0,15.1,5.38,455,2447.9
2023-05-15,S004,west,0,0,12.8,5.58,361,2014.38
2023-05-16,S004,west,0,0,19.8,5.57,378,2105.46
2023-05-17,S004,west,0,0,15.3,5.55,383,2125.65
2023-05-18,S004,west,0,0,16.7,5.53,417,2306.01
2023-05-19,S004,west,0,0,15.3,5.56,477,2652.12
2023-05-20,S004,west,0,0,21.1,5.43,547,2970.21
2023-05-21,S004,west,0,0,13.2,5.5,414,2277.0
2023-05-22,S004,west,0,0,17.5,5.39,392,2112.88
2023-05-23,S004,west,0,0,15.8,5.15,353,1817.95
2023-05-24,S004,west,0,0,18.3,5.43,372,2019.96
2023-05-25,S004,west,1,0,19.9,5.48,547,2997.56
2023-05-26,S004,west,0,0,20.9,5.51,465,2562.15
2023-05-27,S004,west,1,0,15.0,5.53,669,3699.57
2023-05-28,S004,west,0,0,19.0,5.18,456,2362.08
2023-05-29,S004,west,1,0,19.1,5.3,474,2512.2
2023-05-30,S004,west,0,0,21.8,5.44,371,2018.24
2023-05-31,S004,west,0,0,16.2,5.57,373,2077.61
2023-06-01,S004,west,0,0,22.0,5.5,416,2288.0
2023-06-02,S004,west,0,0,18.8,5.32,467,2484.44
2023-06-03,S004,west,0,0,22.1,5.26,551,2898.26
2023-06-04,S004,west,0,0,18.8,5.69,446,2537.74
2023-06-05,S004,west,0,0,22.5,5.56,380,2112.8
2023-06-06,S004,west,0,0,20.7,5.45,367,2000.15
2023-06-07,S004,west,1,0,16.4,5.39,453,2441.67
2023-06-08,S004,west,1,0,18.0,5.4,526,2840.4
2023-06-09,S004,west,0,0,21.1,5.35,470,2514.5
2023-06-10,S004,west,0,0,23.3,5.45,523,2850.35
2023-06-11,S004,west,0,0,20.3,5.41,451,2439.91
2023-06-12,S004,west,0,0,20.1,5.31,376,1996.56
2023-06-13,S004,west,0,0,22.3,5.54,352,1950.08
2023-06-14,S004,west,0,0,21.8,5.51,372,2049.72
2023-06-15,S004,west,1,0,16.0,5.48,494,2707.12
2023-06-16,S004,west,0,0,20.3,5.34,460,2456.4
2023-06-17,S004,west,0,0,24.9,5.78,549,3173.22
2023-06-18,S004,west,1,0,21.0,5.43,550,2986.5
2023-06-19,S004,west,0,0,24.3,5.48,375,2055.0
2023-06-20,S004,west,0,0,21.7,5.41,367,1985.47
2023-06-21,S004,west,1,0,23.2,5.49,472,2591.28
2023-06-22,S004,west,1,0,20.5,5.43,491,2666.13
2023-06-23,S004,west,0,0,20.6,5.55,467,2591.85
2023-06-24,S004,west,1,0,21.0,5.35,645,3450.75
2023-06-25,S004,west,0,0,20.5,5.37,433,2325.21
2023-06-26,S004,west,0,0,23.2,5.45,378,2060.1
2023-06-27,S004,west,0,0,23.6,5.45,342,1863.9
2023-06-28,S004,west,0,0,22.2,5.18,373,1932.14
2023-06-29,S004,west,0,0,22.8,5.36,419,2245.84
2023-06-30,S004,west,1,0,20.5,5.62,583,3276.46
2023-07-01,S004,west,0,0,21.8,5.52,519,2864.88
2023-07-02,S004,west,0,0,22.2,5.4,451,2435.4
2023-07-03,S004,west,0,0,26.7,5.34,366,1954.44
2023-07-04,S004,west,0,1,20.4,5.37,342,1836.54
2023-07-05,S004,west,0,0,24.4,5.48,388,2126.24
2023-07-06,S004,west,0,0,23.2,5.51,405,2231.55
2023-07-07,S004,west,0,0,25.7,5.52,473,2610.96
2023-07-08,S004,west,0,0,20.2,5.47,504,2756.88
2023-07-09,S004,west,0,0,24.1,5.41,438,2369.58
2023-07-10,S004,west,0,0,25.3,5.37,374,2008.38
2023-07-11,S004,west,1,0,26.3,5.63,451,2539.13
2023-07-12,S004,west,0,0,23.4,5.57,361,2010.77
2023-07-13,S004,west,0,0,25.9,5.61,409,2294.49
2023-07-14,S004,west,0,0,24.7,5.55,478,2652.9
2023-07-15,S004,west,0,0,30.3,5.35,522,2792.7
2023-07-16,S004,west,0,0,23.3,5.45,437,2381.65
2023-07-17,S004,west,1,0,18.3,5.56,458,2546.48
2023-07-18,S004,west,0,0,21.8,5.38,351,1888.38
2023-07-19,S004,west,1,0,24.4,5.37,461,2475.57
2023-07-20,S004,west,0,0,23.6,5.43,386,2095.98
2023-07-21,S004,west,0,0,27.2,5.5,461,2535.5
2023-07-22,S004,west,1,0,21.0,5.66,632,3577.12
2023-07-23,S004,west,0,0,20.3,5.54,437,2420.98
2023-07-24,S004,west,0,0,24.4,5.43,362,1965.66
2023-07-25,S004,west,0,0,30.1,5.52,368,2031.36
2023-07-26,S004,west,1,0,21.4,5.24,449,2352.76
2023-07-27,S004,west,0,0,24.2,5.45,390,2125.5
2023-07-28,S004,west,0,0,25.7,5.52,450,2484.0
2023-07-29,S004,west,0,0,23.8,5.6,486,2721.6
2023-07-30,S004,west,0,0,23.0,5.62,422,2371.64
2023-07-31,S004,west,1,0,22.2,5.59,452,2526.68
2023-08-01,S004,west,0,0,20.8,5.54,338,1872.52
2023-08-02,S004,west,0,0,25.2,5.46,362,1976.52
2023-08-03,S004,west,0,0,17.5,5.51,378,2082.78
2023-08-04,S004,west,0,0,22.3,5.44,445,2420.8
2023-08-05,S004,west,1,0,21.9,5.55,601,3335.55
2023-08-06,S004,west,0,0,21.2,5.6,411,2301.6
2023-08-07,S004,west,0,0,20.1,5.59,313,1749.67
2023-08-08,S004,west,0,0,19.1,5.39,329,1773.31
2023-08-09,S004,west,1,0,21.2,5.71,431,2461.01
2023-08-10,S004,west,1,0,21.3,5.38,442,2377.96
2023-08-11,S004,west,0,0,21.6,5.38,435,2340.3
2023-08-12,S004,west,0,0,22.3,5.42,497,2693.74
2023-08-13,S004,west,1,0,23.2,5.24,514,2693.36
2023-08-14,S004,west,0,0,23.3,5.35,341,1824.35
2023-08-15,S004,west,0,0,21.3,5.85,346,2024.1
2023-08-16,S004,west,0,0,22.8,5.49,358,1965.42
2023-08-17,S004,west,1,0,18.0,5.48,466,2553.68
2023-08-18,S004,west,1,0,21.3,5.41,540,2921.4
2023-08-19,S004,west,0,0,18.0,5.48,484,2652.32
2023-08-20,S004,west,0,0,19.4,5.51,416,2292.16
2023-08-21,S004,west,0,0,22.1,5.46,344,1878.24
2023-08-22,S004,west,1,0,25.2,5.37,408,2190.96
2023-08-23,S004,west,0,0,23.1,5.41,368,1990.88
2023-08-24,S004,west,0,0,22.2,5.43,390,2117.7
2023-08-25,S004,west,1,0,20.8,5.33,547,2915.51
2023-08-26,S004,west,1,0,21.5,5.5,584,3212.0
2023-08-27,S004,west,1,0,20.5,5.19,517,2683.23
2023-08-28,S004,west,1,0,21.7,5.45,411,2239.95
2023-08-29,S004,west,0,0,21.7,5.62,314,1764.68
2023-08-30,S004,west,0,0,20.9,5.23,321,1678.83
2023-08-31,S004,west,0,0,25.5,5.44,377,2050.88
2023-09-01,S004,west,0,0,16.7,5.42,424,2298.08
2023-09-02,S004,west,0,0,14.1,5.65,463,2615.95
2023-09-03,S004,west,0,0,20.2,5.6,410,2296.0
2023-09-04,S004,west,0,0,23.1,5.53,351,1941.03
2023-09-05,S004,west,0,0,20.2,5.59,330,1844.7
2023-09-06,S004,west,1,0,16.2,5.26,405,2130.3
2023-09-07,S004,west,0,0,20.9,5.45,342,1863.9
2023-09-08,S004,west,1,0,16.5,5.54,526,2914.04
2023-09-09,S004,west,1,0,15.1,5.31,588,3122.28
2023-09-10,S004,west,0,0,24.2,5.43,423,2296.89
2023-09-11,S004,west,0,0,21.1,5.61,323,1812.03
2023-09-12,S004,west,0,0,18.4,5.45,298,1624.1
2023-09-13,S004,west,0,0,19.3,5.48,323,1770.04
2023-09-14,S004,west,0,0,15.1,5.32,333,1771.56
2023-09-15,S004,west,0,0,14.3,5.5,416,2288.0
2023-09-16,S004,west,0,0,16.5,5.43,454,2465.22
2023-09-17,S004,west,0,0,21.3,5.48,405,2219.4
2023-09-18,S004,west,0,0,20.9,5.27,348,1833.96
2023-09-19,S004,west,1,0,13.7,5.24,355,1860.2
2023-09-20,S004,west,1,0,21.8,5.37,438,2352.06
2023-09-21,S004,west,0,0,17.7,5.37,347,1863.39
2023-09-22,S004,west,0,0,19.6,5.4,402,2170.8
2023-09-23,S004,west,1,0,17.8,5.41,599,3240.59
2023-09-24,S004,west,0,0,12.9,5.3,383,2029.9
2023-09-25,S004,west,0,0,18.3,5.29,327,1729.83
2023-09-26,S004,west,0,0,10.5,5.5,312,1716.0
2023-09-27,S004,west,0,0,16.1,5.51,327,1801.77
2023-09-28,S004,west,0,0,13.8,5.48,353,1934.44
2023-09-29,S004,west,0,0,14.6,5.52,412,2274.24
2023-09-30,S004,west,0,0,10.0,5.48,449,2460.52
2023-10-01,S004,west,1,0,16.9,5.4,476,2570.4
2023-10-02,S004,west,0,0,18.2,5.47,317,1733.99
2023-10-03,S004,west,0,0,17.2,5.51,303,1669.53
2023-10-04,S004,west,0,0,15.8,5.36,316,1693.76
2023-10-05,S004,west,0,0,14.0,5.42,333,1804.86
2023-10-06,S004,west,0,0,17.4,5.47,398,2177.06
2023-10-07,S004,west,1,0,17.7,5.42,563,3051.46
2023-10-08,S004,west,0,0,14.1,5.43,374,2030.82
2023-10-09,S004,west,0,0,12.7,5.6,308,1724.8
2023-10-10,S004,west,0,0,14.5,5.37,321,1723.77
2023-10-11,S004,west,0,0,7.0,5.61,320,1795.2
2023-10-12,S004,west,0,0,8.9,5.51,344,1895.44
2023-10-13,S004,west,0,0,12.7,5.51,409,2253.59
2023-10-14,S004,west,0,0,14.2,5.37,460,2470.2
2023-10-15,S004,west,1,0,12.8,5.41,492,2661.72
2023-10-16,S004,west,0,0,10.3,5.33,320,1705.6
2023-10-17,S004,west,0,0,14.3,5.45,309,1684.05
2023-10-18,S004,west,0,0,13.5,5.5,323,1776.5
2023-10-19,S004,west,1,0,15.3,5.46,442,2413.32
2023-10-20,S004,west,0,0,18.4,5.32,413,2197.16
2023-10-21,S004,west,0,0,7.3,5.37,444,2384.28
2023-10-22,S004,west,0,0,9.8,5.42,374,2027.08
2023-10-23,S004,west,0,0,11.6,5.57,311,1732.27
2023-10-24,S004,west,0,0,7.8,5.43,286,1552.98
2023-10-25,S004,west,1,0,16.1,5.62,406,2281.72
2023-10-26,S004,west,0,0,12.6,5.4,357,1927.8
2023-10-27,S004,west,0,0,8.4,5.61,392,2199.12
2023-10-28,S004,west,0,0,12.5,5.48,453,2482.44
2023-10-29,S004,west,0,0,10.7,5.6,376,2105.6
2023-10-30,S004,west,0,0,10.5,5.44,314,1708.16
2023-10-31,S004,west,0,0,13.2,5.46,306,1670.76
2023-11-01,S004,west,0,0,13.2,5.61,328,1840.08
2023-11-02,S004,west,1,0,6.4,5.52,451,2489.52
2023-11-03,S004,west,0,0,9.5,5.18,389,2015.02
2023-11-04,S004,west,0,0,9.5,5.46,460,2511.6
2023-11-05,S004,west,1,0,7.5,5.39,457,2463.23
2023-11-06,S004,west,0,0,9.2,5.63,313,1762.19
2023-11-07,S004,west,0,0,9.1,5.49,302,1657.98
2023-11-08,S004,west,1,0,12.9,5.41,406,2196.46
2023-11-09,S004,west,0,0,5.7,5.23,348,1820.04
2023-11-10,S004,west,0,0,7.8,5.45,373,2032.85
2023-11-11,S004,west,1,0,13.3,5.37,586,3146.82
2023-11-12,S004,west,0,0,9.3,5.45,391,2130.95
2023-11-13,S004,west,1,0,6.1,5.33,380,2025.4
2023-11-14,S004,west,0,0,9.8,5.42,309,1674.78
2023-11-15,S004,west,0,0,6.7,5.56,286,1590.16
2023-11-16,S004,west,0,0,8.2,5.66,348,1969.68
2023-11-17,S004,west,0,0,10.6,5.46,420,2293.2
2023-11-18,S004,west,0,0,7.0,5.61,431,2417.91
2023-11-19,S004,west,0,0,3.7,5.46,384,2096.64
2023-11-20,S004,west,0,0,3.3,5.39,303,1633.17
2023-11-21,S004,west,1,0,8.1,5.73,370,2120.1
2023-11-22,S004,west,0,0,0.9,5.5,324,1782.0
2023-11-23,S004,west,0,0,4.1,5.29,327,1729.83
2023-11-24,S004,west,0,0,7.4,5.39,409,2204.51
2023-11-25,S004,west,0,0,5.6,5.59,450,2515.5
2023-11-26,S004,west,0,0,5.6,5.43,385,2090.55
2023-11-27,S004,west,0,0,3.0,5.47,323,1766.81
2023-11-28,S004,west,0,1,3.9,5.49,301,1652.49
2023-11-29,S004,west,0,0,4.0,5.38,303,1630.14
2023-11-30,S004,west,0,0,4.6,5.38,333,1791.54
2023-12-01,S004,west,0,0,4.5,5.52,402,2219.04
2023-12-02,S004,west,1,0,6.0,5.42,592,3208.64
2023-12-03,S004,west,0,0,7.6,5.51,371,2044.21
2023-12-04,S004,west,0,0,3.4,5.37,304,1632.48
2023-12-05,S004,west,0,0,2.6,5.35,294,1572.9
2023-12-06,S004,west,0,0,5.5,5.6,334,1870.4
2023-12-07,S004,west,1,0,3.3,5.56,447,2485.32
2023-12-08,S004,west,0,0,1.4,5.58,408,2276.64
2023-12-09,S004,west,0,0,2.8,5.5,485,2667.5
2023-12-10,S004,west,0,0,6.4,5.49,403,2212.47
2023-12-11,S004,west,0,0,4.7,5.52,330,1821.6
2023-12-12,S004,west,1,0,1.9,5.38,390,2098.2
2023-12-13,S004,west,0,0,-1.7,5.23,314,1642.22
2023-12-14,S004,west,0,0,3.3,5.59,353,1973.27
2023-12-15,S004,west,1,0,2.2,5.28,520,2745.6
2023-12-16,S004,west,0,0,2.8,5.49,473,2596.77
2023-12-17,S004,west,0,0,5.9,5.47,391,2138.77
2023-12-18,S004,west,0,0,4.9,5.5,325,1787.5
2023-12-19,S004,west,0,0,2.8,5.56,331,1840.36
2023-12-20,S004,west,0,0,1.5,5.7,332,1892.4
2023-12-21,S004,west,0,0,4.0,5.45,343,1869.35
2023-12-22,S004,west,0,0,2.6,5.34,417,2226.78
2023-12-23,S004,west,0,0,1.1,5.57,496,2762.72
2023-12-24,S004,west,0,0,8.7,5.22,397,2072.34
2023-12-25,S004,west,0,1,4.3,5.58,324,1807.92
2023-12-26,S004,west,0,0,1.5,5.6,322,1803.2
2023-12-27,S004,west,0,0,6.6,5.39,352,1897.28
2023-12-28,S004,west,1,0,-0.0,5.51,435,2396.85
2023-12-29,S004,west,0,0,0.4,5.25,421,2210.25
2023-12-30,S004,west,1,0,-0.5,5.45,595,3242.75
2023-12-31,S004,west,1,0,-0.7,5.66,509,2880.94
2024-01-01,S004,west,0,1,1.3,5.47,333,1821.51
2024-01-02,S004,west,1,0,6.7,5.42,429,2325.18
2024-01-03,S004,west,0,0,-0.3,5.42,346,1875.32
2024-01-04,S004,west,0,0,5.5,5.35,369,1974.15
2024-01-05,S004,west,0,0,-2.3,5.49,416,2283.84
2024-01-06,S004,west,0,0,-2.0,5.44,482,2622.08
2024-01-07,S004,west,1,0,2.9,5.46,524,2861.04
2024-01-08,S004,west,0,0,3.4,5.28,339,1789.92
2024-01-09,S004,west,0,0,-1.2,5.61,322,1806.42
2024-01-10,S004,west,0,0,0.6,5.42,348,1886.16
2024-01-11,S004,west,0,0,1.1,5.27,358,1886.66
2024-01-12,S004,west,0,0,-1.7,5.46,410,2238.6
2024-01-13,S004,west,0,0,-3.0,5.18,479,2481.22
2024-01-14,S004,west,1,0,0.4,5.32,536,2851.52
2024-01-15,S004,west,1,0,5.7,5.67,445,2523.15
2024-01-16,S004,west,0,0,6.5,5.7,356,2029.2
2024-01-17,S004,west,0,0,-1.9,5.41,338,1828.58
2024-01-18,S004,west,0,0,0.5,5.39,389,2096.71
2024-01-19,S004,west,0,0,3.5,5.36,437,2342.32
2024-01-20,S004,west,1,0,4.0,5.53,651,3600.03
2024-01-21,S004,west,0,0,-0.5,5.43,407,2210.01
2024-01-22,S004,west,0,0,2.0,5.49,374,2053.26
2024-01-23,S004,west,1,0,3.8,5.28,430,2270.4
2024-01-24,S004,west,0,0,0.3,5.7,350,1995.0
2024-01-25,S004,west,0,0,-1.5,5.61,397,2227.17
2024-01-26,S004,west,0,0,3.8,5.58,465,2594.7
2024-01-27,S004,west,0,0,0.6,5.69,518,2947.42
2024-01-28,S004,west,0,0,3.7,5.46,430,2347.8
2024-01-29,S004,west,1,0,0.9,5.47,452,2472.44
2024-01-30,S004,west,0,0,2.7,5.52,328,1810.56
2024-01-31,S004,west,0,0,3.8,5.29,361,1909.69
2024-02-01,S004,west,0,0,2.6,5.37,388,2083.56
2024-02-02,S004,west,1,0,3.8,5.49,607,3332.43
2024-02-03,S004,west,0,0,-1.5,5.38,542,2915.96
2024-02-04,S004,west,0,0,2.2,5.52,430,2373.6
2024-02-05,S004,west,0,0,-0.4,5.42,363,1967.46
2024-02-06,S004,west,0,0,6.9,5.28,358,1890.24
2024-02-07,S004,west,1,0,-2.3,5.4,462,2494.8
2024-02-08,S004,west,1,0,1.4,5.28,521,2750.88
2024-02-09,S004,west,1,0,-2.7,5.43,553,3002.79
2024-02-10,S004,west,1,0,-0.9,5.36,651,3489.36
2024-02-11,S004,west,0,0,-0.2,5.65,437,2469.05
2024-02-12,S004,west,0,0,1.0,5.4,363,1960.2
2024-02-13,S004,west,0,0,4.9,5.41,355,1920.55
2024-02-14,S004,west,0,0,-3.9,5.41,372,2012.52
2024-02-15,S004,west,0,0,2.1,5.37,401,2153.37
2024-02-16,S004,west,0,0,3.9,5.61,478,2681.58
2024-02-17,S004,west,0,0,0.6,5.5,519,2854.5
2024-02-18,S004,west,0,0,4.4,5.38,443,2383.34
2024-02-19,S004,west,0,0,0.3,5.39,371,1999.69
2024-02-20,S004,west,0,0,1.0,5.43,362,1965.66
2024-02-21,S004,west,1,0,3.3,5.31,489,2596.59
2024-02-22,S004,west,0,0,2.4,5.59,395,2208.05
2024-02-23,S004,west,0,0,0.6,5.47,475,2598.25
2024-02-24,S004,west,0,0,2.9,5.39,522,2813.58
2024-02-25,S004,west,0,0,2.7,5.39,452,2436.28
2024-02-26,S004,west,0,0,0.9,5.54,378,2094.12
2024-02-27,S004,west,1,0,4.2,5.6,458,2564.8
2024-02-28,S004,west,1,0,6.5,5.55,490,2719.5
2024-02-29,S004,west,1,0,6.6,5.49,526,2887.74
2024-03-01,S004,west,1,0,5.1,5.52,624,3444.48
2024-03-02,S004,west,0,0,5.5,5.58,583,3253.14
2024-03-03,S004,west,0,0,5.4,5.48,462,2531.76
2024-03-04,S004,west,1,0,3.1,5.55,494,2741.7
2024-03-08,S004,west,0,0,2.6,5.41,483,2613.03
2024-03-09,S004,west,0,0,-1.2,5.51,561,3091.11
2024-03-10,S004,west,0,0,4.9,5.58,460,2566.8
2024-03-11,S004,west,1,0,3.6,5.27,489,2577.03
2024-03-12,S004,west,0,0,8.2,5.33,388,2068.04
2024-03-13,S004,west,0,0,5.7,5.44,399,2170.56
2024-03-14,S004,west,0,0,9.2,5.24,441,2310.84
2024-03-15,S004,west,0,0,4.8,5.72,500,2860.0
2024-03-16,S004,west,0,0,8.1,5.4,577,3115.8
2024-03-17,S004,west,0,0,5.4,5.33,479,2553.07
2024-03-18,S004,west,0,0,9.4,5.56,405,2251.8
2024-03-19,S004,west,0,0,8.9,5.28,419,2212.32
2024-03-20,S004,west,1,0,7.0,5.49,510,2799.9
2024-03-21,S004,west,1,0,9.0,5.4,548,2959.2
2024-03-22,S004,west,0,0,6.2,5.22,504,2630.88
2024-03-23,S004,west,0,0,5.0,5.43,574,3116.82
2024-03-24,S004,west,0,0,13.2,5.35,484,2589.4
2024-03-25,S004,west,0,0,9.1,5.69,402,2287.38
2024-03-26,S004,west,0,0,6.7,5.43,405,2199.15
2024-03-27,S004,west,0,0,8.4,5.66,428,2422.48
2024-03-28,S004,west,1,0,8.9,5.32,543,2888.76
2024-03-29,S004,west,1,0,11.2,5.52,641,3538.32
2024-03-30,S004,west,1,0,6.3,5.37,738,3963.06
2024-03-31,S004,west,0,0,7.7,5.41,490,2650.9
2024-04-01,S004,west,1,0,6.6,5.62,522,2933.64
2024-04-02,S004,west,1,0,14.5,5.46,505,2757.3
2024-04-03,S004,west,1,0,10.0,5.52,534,2947.68
2024-04-04,S004,west,0,0,3.9,5.56,457,2540.92
2024-04-05,S004,west,1,0,6.8,5.49,646,3546.54
2024-04-06,S004,west,0,0,14.3,5.36,585,3135.6
2024-04-07,S004,west,0,0,11.1,5.35,495,2648.25
2024-04-08,S004,west,0,0,10.3,5.24,405,2122.2
2024-04-09,S004,west,1,0,10.0,5.47,495,2707.65
2024-04-10,S004,west,0,0,9.7,5.43,419,2275.17
2024-04-11,S004,west,1,0,14.8,5.37,580,3114.6
2024-04-12,S004,west,0,0,11.6,5.42,512,2775.04
2024-04-13,S004,west,1,0,8.4,5.45,744,4054.8
2024-04-14,S004,west,0,0,14.4,5.55,516,2863.8
2024-04-15,S004,west,0,0,9.6,5.62,410,2304.2
2024-04-16,S004,west,0,0,9.1,5.59,392,2191.28
2024-04-17,S004,west,1,0,4.5,5.48,509,2789.32
2024-04-18,S004,west,0,0,14.9,5.27,473,2492.71
2024-04-19,S004,west,0,0,14.6,5.33,553,2947.49
2024-04-20,S004,west,1,0,9.2,5.71,741,4231.11
2024-04-21,S004,west,0,0,9.7,5.27,491,2587.57
2024-04-22,S004,west,0,0,14.8,5.6,416,2329.6
2024-04-23,S004,west,0,0,14.0,5.46,402,2194.92
2024-04-24,S004,west,0,0,8.9,5.48,422,2312.56
2024-04-25,S004,west,0,0,10.7,5.2,437,2272.4
2024-04-26,S004,west,1,0,12.7,5.59,657,3672.63
2024-04-27,S004,west,0,0,9.9,5.54,598,3312.92
2024-04-28,S004,west,0,0,10.9,5.33,489,2606.37
2024-04-29,S004,west,1,0,12.3,5.19,522,2709.18
2024-04-30,S004,west,1,0,18.0,5.41,507,2742.87
2024-05-01,S004,west,0,0,13.0,5.4,412,2224.8
2024-05-02,S004,west,0,0,14.9,5.42,462,2504.04
2024-05-03,S004,west,0,0,13.1,5.41,511,2764.51
2024-05-04,S004,west,1,0,15.6,5.62,743,4175.66
2024-05-05,S004,west,0,0,17.3,5.27,512,2698.24
2024-05-06,S004,west,0,0,8.7,5.8,425,2465.0
2024-05-07,S004,west,1,0,15.4,5.69,486,2765.34
2024-05-08,S004,west,0,0,12.8,5.38,433,2329.54
2024-05-09,S004,west,0,0,14.1,5.38,450,2421.0
2024-05-10,S004,west,1,0,11.6,5.35,649,3472.15
2024-05-11,S004,west,1,0,7.8,5.58,741,4134.78
2024-05-12,S004,west,0,0,15.8,5.32,503,2675.96
2024-05-13,S004,west,1,0,14.1,5.69,524,2981.56
2024-05-14,S004,west,1,0,14.0,5.57,496,2762.72
2024-05-15,S004,west,0,0,14.8,5.49,417,2289.33
2024-05-16,S004,west,1,0,13.6,5.5,552,3036.0
2024-05-17,S004,west,0,0,15.9,5.4,521,2813.4
2024-05-18,S004,west,1,0,13.8,5.72,727,4158.44
2024-05-19,S004,west,0,0,19.6,5.44,511,2779.84
2024-05-20,S004,west,0,0,14.2,5.46,399,2178.54
2024-05-21,S004,west,0,0,16.8,5.39,408,2199.12
2024-05-22,S004,west,1,0,17.3,5.44,542,2948.48
2024-05-23,S004,west,0,0,19.3,5.4,459,2478.6
2024-05-24,S004,west,0,0,19.1,5.39,511,2754.29
2024-05-25,S004,west,0,0,15.3,5.36,598,3205.28
2024-05-26,S004,west,0,0,16.1,5.42,491,2661.22
2024-05-27,S004,west,1,0,20.2,5.26,516,2714.16
2024-05-28,S004,west,0,0,21.0,5.63,419,2358.97
2024-05-29,S004,west,0,0,21.4,5.58,417,2326.86
2024-05-30,S004,west,0,0,18.0,5.52,460,2539.2
2024-05-31,S004,west,0,0,16.5,5.52,519,2864.88
2024-06-01,S004,west,0,0,16.5,5.56,602,3347.12
2024-06-02,S004,west,0,0,14.2,5.42,490,2655.8
2024-06-03,S004,west,0,0,21.3,5.5,410,2255.0
2024-06-04,S004,west,0,0,18.6,5.47,400,2188.0
2024-06-05,S004,west,0,0,24.7,5.31,443,2352.33
2024-06-06,S004,west,0,0,17.5,5.66,460,2603.6
2024-06-07,S004,west,0,0,16.5,5.44,540,2937.6
2024-06-08,S004,west,1,0,21.4,5.64,747,4213.08
2024-06-09,S004,west,0,0,20.8,5.38,488,2625.44
2024-06-10,S004,west,0,0,18.1,5.34,422,2253.48
2024-06-11,S004,west,0,0,24.7,5.38,393,2114.34
2024-06-12,S004,west,0,0,24.4,5.45,427,2327.15
2024-06-13,S004,west,0,0,19.7,5.54,460,2548.4
2024-06-14,S004,west,1,0,20.4,5.39,650,3503.5
2024-06-15,S004,west,1,0,18.1,5.38,730,3927.4
2024-06-16,S004,west,0,0,18.2,5.56,491,2729.96
2024-06-17,S004,west,0,0,22.0,5.62,434,2439.08
2024-06-18,S004,west,0,0,23.8,5.43,404,2193.72
2024-06-19,S004,west,0,0,19.9,5.43,414,2248.02
2024-06-20,S004,west,0,0,22.8,5.45,450,2452.5
2024-06-21,S004,west,0,0,21.8,5.3,514,2724.2
2024-06-22,S004,west,0,0,24.5,5.58,582,3247.56
2024-06-23,S004,west,0,0,26.0,5.5,483,2656.5
2024-06-24,S004,west,0,0,17.7,5.41,396,2142.36
2024-06-25,S004,west,0,0,26.9,5.56,404,2246.24
2024-06-26,S004,west,0,0,19.3,5.41,409,2212.69
2024-06-27,S004,west,0,0,21.9,5.49,443,2432.07
2024-06-28,S004,west,0,0,24.2,5.41,519,2807.79
2024-06-29,S004,west,0,0,19.1,5.32,596,3170.72
2024-06-30,S004,west,0,0,25.9,5.33,470,2505.1
2024-07-01,S004,west,0,0,22.6,5.61,416,2333.76
2024-07-02,S004,west,1,0,25.4,5.49,510,2799.9
2024-07-03,S004,west,0,0,22.1,5.4,408,2203.2
2024-07-04,S004,west,1,1,18.7,5.5,533,2931.5
2024-07-05,S004,west,0,0,23.7,5.54,517,2864.18
2024-07-06,S004,west,1,0,25.8,5.09,731,3720.79
2024-07-07,S004,west,0,0,20.5,5.39,481,2592.59
2024-07-08,S004,west,1,0,26.4,5.4,492,2656.8
2024-07-09,S004,west,0,0,26.2,5.24,397,2080.28
2024-07-10,S004,west,0,0,22.6,5.35,411,2198.85
2024-07-11,S004,west,1,0,24.1,5.65,544,3073.6
2024-07-12,S004,west,0,0,21.7,5.45,526,2866.7
2024-07-13,S004,west,1,0,24.5,5.23,719,3760.37
2024-07-14,S004,west,1,0,25.4,5.3,599,3174.7
2024-07-15,S004,west,0,0,17.1,5.56,382,2123.92
2024-07-16,S004,west,0,0,20.3,5.32,389,2069.48
2024-07-17,S004,west,0,0,24.8,5.17,400,2068.0
2024-07-18,S004,west,0,0,24.3,5.5,439,2414.5
2024-07-19,S004,west,0,0,22.7,5.33,517,2755.61
2024-07-20,S004,west,0,0,27.1,5.62,570,3203.4
2024-07-21,S004,west,0,0,26.1,5.4,481,2597.4
2024-07-22,S004,west,0,0,17.3,5.46,396,2162.16
2024-07-23,S004,west,0,0,22.7,5.39,391,2107.49
2024-07-24,S004,west,0,0,21.9,5.44,403,2192.32
2024-07-25,S004,west,1,0,23.6,5.48,548,3003.04
2024-07-26,S004,west,0,0,24.7,5.37,486,2609.82
2024-07-27,S004,west,0,0,21.0,5.53,543,3002.79
2024-07-28,S004,west,0,0,26.4,5.26,456,2398.56
2024-07-29,S004,west,0,0,19.7,5.63,395,2223.85
2024-07-30,S004,west,0,0,20.5,5.68,363,2061.84
2024-07-31,S004,west,0,0,23.4,5.63,393,2212.59
2024-08-01,S004,west,0,0,21.9,5.54,428,2371.12
2024-08-02,S004,west,0,0,25.5,5.72,485,2774.2
2024-08-03,S004,west,1,0,27.8,5.57,703,3915.71
2024-08-04,S004,west,0,0,23.0,5.8,474,2749.2
2024-08-05,S004,west,1,0,25.3,5.41,484,2618.44
2024-08-06,S004,west,0,0,26.2,5.43,389,2112.27
2024-08-07,S004,west,0,0,25.0,5.62,407,2287.34
2024-08-08,S004,west,0,0,23.1,5.39,412,2220.68
2024-08-09,S004,west,0,0,23.6,5.36,470,2519.2
2024-08-10,S004,west,1,0,22.4,5.41,690,3732.9
2024-08-11,S004,west,0,0,21.8,5.56,445,2474.2
2024-08-12,S004,west,0,0,21.1,5.6,379,2122.4
2024-08-13,S004,west,0,0,28.2,5.46,379,2069.34
2024-08-14,S004,west,0,0,21.3,5.34,395,2109.3
2024-08-15,S004,west,1,0,21.8,5.4,518,2797.2
2024-08-16,S004,west,0,0,20.4,5.59,477,2666.43
2024-08-17,S004,west,0,0,19.6,5.58,544,3035.52
2024-08-18,S004,west,0,0,20.8,5.44,435,2366.4
2024-08-19,S004,west,1,0,16.6,5.48,469,2570.12
2024-08-20,S004,west,0,0,20.8,5.41,350,1893.5
2024-08-21,S004,west,0,0,21.1,5.35,394,2107.9
2024-08-22,S004,west,0,0,20.8,5.35,424,2268.4
2024-08-23,S004,west,0,0,26.3,5.58,476,2656.08
2024-08-24,S004,west,0,0,18.3,5.26,515,2708.9
2024-08-25,S004,west,0,0,24.2,5.48,461,2526.28
2024-08-26,S004,west,1,0,28.2,5.44,471,2562.24
2024-08-27,S004,west,0,0,22.1,5.46,361,1971.06
2024-08-28,S004,west,0,0,22.7,5.55,396,2197.8
2024-08-29,S004,west,1,0,20.4,5.45,516,2812.2
2024-08-30,S004,west,0,0,16.9,5.6,447,2503.2
2024-08-31,S004,west,1,0,20.7,5.33,643,3427.19
2024-09-01,S004,west,0,0,18.6,5.4,447,2413.8
2024-09-02,S004,west,0,0,28.1,5.39,397,2139.83
2024-09-03,S004,west,0,0,19.2,5.57,358,1994.06
2024-09-04,S004,west,0,0,20.4,5.43,375,2036.25
2024-09-05,S004,west,0,0,17.0,5.48,385,2109.8
2024-09-06,S004,west,0,0,18.5,5.74,444,2548.56
2024-09-07,S004,west,0,0,22.8,5.44,526,2861.44
2024-09-08,S004,west,0,0,17.6,5.22,439,2291.58
2024-09-09,S004,west,0,0,18.0,5.29,374,1978.46
2024-09-10,S004,west,1,0,20.0,5.47,428,2341.16
2024-09-11,S004,west,1,0,18.7,5.6,460,2576.0
2024-09-12,S004,west,0,0,18.0,5.24,396,2075.04
2024-09-13,S004,west,1,0,17.0,5.32,582,3096.24
2024-09-14,S004,west,0,0,16.0,5.27,493,2598.11
2024-09-15,S004,west,0,0,21.3,5.3,429,2273.7
2024-09-16,S004,west,0,0,20.7,5.52,363,2003.76
2024-09-17,S004,west,0,0,14.1,5.33,357,1902.81
2024-09-18,S004,west,1,0,16.9,5.5,452,2486.0
2024-09-19,S004,west,0,0,15.3,5.37,392,2105.04
2024-09-20,S004,west,0,0,18.8,5.5,460,2530.0
2024-09-21,S004,west,0,0,16.6,5.51,501,2760.51
2024-09-22,S004,west,0,0,16.1,5.54,421,2332.34
2024-09-23,S004,west,0,0,13.8,5.3,349,1849.7
2024-09-24,S004,west,0,0,18.7,5.8,334,1937.2
2024-09-25,S004,west,1,0,19.5,5.33,436,2323.88
2024-09-26,S004,west,0,0,14.6,5.43,398,2161.14
2024-09-27,S004,west,0,0,19.1,5.52,452,2495.04
2024-09-28,S004,west,1,0,13.5,5.38,616,3314.08
2024-09-29,S004,west,0,0,16.2,5.55,448,2486.4
2024-09-30,S004,west,0,0,13.1,5.53,358,1979.74
2024-10-01,S004,west,0,0,12.5,5.35,316,1690.6
2024-10-02,S004,west,1,0,15.7,5.31,440,2336.4
2024-10-03,S004,west,0,0,13.1,5.47,390,2133.3
2024-10-04,S004,west,0,0,15.2,5.53,458,2532.74
2024-10-05,S004,west,0,0,14.0,5.34,489,2611.26
2024-10-06,S004,west,1,0,14.0,5.31,522,2771.82
2024-10-07,S004,west,0,0,17.7,5.58,351,1958.58
2024-10-08,S004,west,0,0,13.1,5.41,343,1855.63
2024-10-09,S004,west,0,0,12.8,5.39,352,1897.28
2024-10-10,S004,west,0,0,16.0,5.61,383,2148.63
2024-10-11,S004,west,1,0,13.5,5.54,565,3130.1
2024-10-12,S004,west,0,0,9.9,5.53,496,2742.88
2024-10-13,S004,west,0,0,17.8,5.42,417,2260.14
2024-10-14,S004,west,0,0,15.1,5.6,383,2144.8
2024-10-15,S004,west,0,0,12.4,5.56,335,1862.6
2024-10-16,S004,west,0,0,10.6,5.51,361,1989.11
2024-10-17,S004,west,0,0,11.1,5.43,392,2128.56
2024-10-18,S004,west,0,0,16.7,5.45,457,2490.65
2024-10-19,S004,west,0,0,14.2,5.45,498,2714.1
2024-10-20,S004,west,0,0,13.1,5.29,429,2269.41
2024-10-21,S004,west,0,0,10.0,5.39,337,1816.43
2024-10-22,S004,west,1,0,9.3,5.33,413,2201.29
2024-10-23,S004,west,1,0,15.2,5.29,445,2354.05
2024-10-24,S004,west,0,0,13.1,5.44,377,2050.88
2024-10-25,S004,west,0,0,12.1,5.51,439,2418.89
2024-10-26,S004,west,1,0,9.8,5.55,629,3490.95
2024-10-27,S004,west,0,0,14.5,5.58,418,2332.44
2024-10-28,S004,west,1,0,13.9,5.29,461,2438.69
2024-10-29,S004,west,0,0,6.3,5.64,327,1844.28
2024-10-30,S004,west,1,0,4.4,5.72,430,2459.6
2024-10-31,S004,west,0,0,10.3,5.28,374,1974.72
2024-11-01,S004,west,1,0,8.3,5.37,551,2958.87
2024-11-02,S004,west,0,0,10.4,5.51,496,2732.96
2024-11-03,S004,west,0,0,3.3,5.43,403,2188.29
2024-11-04,S004,west,0,0,9.0,5.22,348,1816.56
2024-11-05,S004,west,0,0,9.7,5.36,323,1731.28
2024-11-06,S004,west,1,0,2.5,5.56,435,2418.6
2024-11-07,S004,west,0,0,5.2,5.43,374,2030.82
2024-11-08,S004,west,0,0,7.2,5.3,413,2188.9
2024-11-09,S004,west,0,0,11.3,5.59,501,2800.59
2024-11-10,S004,west,0,0,6.6,5.71,427,2438.17
2024-11-11,S004,west,0,0,9.7,5.47,367,2007.49
2024-11-12,S004,west,1,0,4.1,5.35,414,2214.9
2024-11-13,S004,west,0,0,6.6,5.28,347,1832.16
2024-11-14,S004,west,0,0,3.8,5.6,365,2044.0
2024-11-15,S004,west,1,0,7.2,5.53,557,3080.21
2024-11-16,S004,west,1,0,8.9,5.57,653,3637.21
2024-11-17,S004,west,0,0,4.9,5.46,415,2265.9
2024-11-18,S004,west,0,0,5.0,5.59,361,2017.99
2024-11-19,S004,west,0,0,4.2,5.32,344,1830.08
2024-11-20,S004,west,0,0,4.3,5.63,336,1891.68
2024-11-21,S004,west,1,0,5.0,5.26,483,2540.58
2024-11-22,S004,west,0,0,9.6,5.39,439,2366.21
2024-11-23,S004,west,0,0,3.0,5.47,490,2680.3
2024-11-24,S004,west,0,0,6.5,5.55,404,2242.2
2024-11-25,S004,west,0,0,6.3,5.32,350,1862.0
2024-11-26,S004,west,0,0,7.6,5.6,335,1876.0
2024-11-27,S004,west,0,0,7.4,5.51,342,1884.42
2024-11-28,S004,west,0,1,7.0,5.33,376,2004.08
2024-11-29,S004,west,0,0,5.5,5.53,453,2505.09
2024-11-30,S004,west,0,0,4.1,5.33,510,2718.3
2024-12-01,S004,west,0,0,4.8,5.51,447,2462.97
2024-12-02,S004,west,0,0,4.5,5.45,339,1847.55
2024-12-03,S004,west,1,0,7.1,5.45,444,2419.8
2024-12-04,S004,west,1,0,3.2,5.52,452,2495.04
2024-12-05,S004,west,0,0,8.1,5.25,379,1989.75
2024-12-06,S004,west,1,0,1.5,5.55,566,3141.3
2024-12-07,S004,west,0,0,-1.5,5.54,496,2747.84
2024-12-08,S004,west,1,0,-0.8,5.27,527,2777.29
2024-12-09,S004,west,0,0,6.3,5.75,384,2208.0
2024-12-10,S004,west,0,0,1.7,5.51,345,1900.95
2024-12-11,S004,west,0,0,1.2,5.47,366,2002.02
2024-12-12,S004,west,0,0,4.8,5.45,391,2130.95
2024-12-13,S004,west,0,0,0.1,5.5,454,2497.0
2024-12-14,S004,west,0,0,1.4,5.42,525,2845.5
2024-12-15,S004,west,0,0,0.5,5.55,428,2375.4
2024-12-16,S004,west,0,0,4.4,5.29,357,1888.53
2024-12-17,S004,west,0,0,-0.6,5.58,341,1902.78
2024-12-18,S004,west,1,0,3.1,5.18,451,2336.18
2024-12-19,S004,west,0,0,2.1,5.44,389,2116.16
2024-12-20,S004,west,0,0,3.0,5.56,480,2668.8
2024-12-21,S004,west,0,0,2.8,5.47,534,2920.98
2024-12-22,S004,west,1,0,1.0,5.42,549,2975.58
2024-12-23,S004,west,0,0,3.6,5.44,359,1952.96
2024-12-24,S004,west,0,0,4.2,5.42,350,1897.0
2024-12-25,S004,west,1,1,-2.0,5.51,452,2490.52
2024-12-26,S004,west,1,0,1.6,5.45,506,2757.7
2024-12-27,S004,west,0,0,5.0,5.58,491,2739.78
2024-12-28,S004,west,0,0,9.0,5.38,545,2932.1
2024-12-29,S004,west,1,0,-0.1,5.37,543,2915.91
2024-12-30,S004,west,1,0,1.2,5.48,478,2619.44
2024-12-31,S004,west,0,0,-2.0,5.59,328,1833.52
